[2026-08-04 07:18:38Z INFO HostContext] No proxy settings were found based on environmental variables (http_proxy/https_proxy/HTTP_PROXY/HTTPS_PROXY)
[2026-08-04 07:18:38Z INFO HostContext] Well known directory 'Bin': 'D:\nodejs\ecommerce-backened\actions-runner\bin'
[2026-08-04 07:18:38Z INFO HostContext] Well known directory 'Root': 'D:\nodejs\ecommerce-backened\actions-runner'
[2026-08-04 07:18:38Z INFO HostContext] Well known config file 'Credentials': 'D:\nodejs\ecommerce-backened\actions-runner\.credentials'
[2026-08-04 07:18:38Z INFO HostContext] Well known directory 'Bin': 'D:\nodejs\ecommerce-backened\actions-runner\bin'
[2026-08-04 07:18:38Z INFO HostContext] Well known directory 'Root': 'D:\nodejs\ecommerce-backened\actions-runner'
[2026-08-04 07:18:38Z INFO HostContext] Well known config file 'Runner': 'D:\nodejs\ecommerce-backened\actions-runner\.runner'
[2026-08-04 07:18:39Z INFO Worker] Version: 2.336.0
[2026-08-04 07:18:39Z INFO Worker] Commit: 98aabcd429c4e8402406c56ce2d26387fed3b9ce
[2026-08-04 07:18:39Z INFO Worker] Culture: en-US
[2026-08-04 07:18:39Z INFO Worker] UI Culture: en-US
[2026-08-04 07:18:39Z INFO Worker] Waiting to receive the job message from the channel.
[2026-08-04 07:18:39Z INFO ProcessChannel] Receiving message of length 24562, with hash '997f6804045ae8877c0c5dcd5bb0ac72d5250ffadd2f426a9c7731b54256860b'
[2026-08-04 07:18:39Z INFO Worker] Message received.
[2026-08-04 07:18:39Z INFO Worker] Job message:
 {
  "fileTable": [
    ".github/workflows/ci-cd.yml"
  ],
  "mask": [
    {
      "type": "regex",
      "value": "***"
    },
    {
      "type": "regex",
      "value": "***"
    },
    {
      "type": "regex",
      "value": "***"
    },
    {
      "type": "regex",
      "value": "***"
    },
    {
      "type": "regex",
      "value": "***"
    },
    {
      "type": "regex",
      "value": "***"
    },
    {
      "type": "regex",
      "value": "***"
    },
    {
      "type": "regex",
      "value": "***"
    },
    {
      "type": "regex",
      "value": "***"
    },
    {
      "type": "regex",
      "value": "***"
    },
    {
      "type": "regex",
      "value": "***"
    },
    {
      "type": "regex",
      "value": "***"
    },
    {
      "type": "regex",
      "value": "***"
    },
    {
      "type": "regex",
      "value": "***"
    },
    {
      "type": "regex",
      "value": "***"
    },
    {
      "type": "regex",
      "value": "***"
    },
    {
      "type": "regex",
      "value": "***"
    },
    {
      "type": "regex",
      "value": "***"
    },
    {
      "type": "regex",
      "value": "***"
    },
    {
      "type": "regex",
      "value": "***"
    },
    {
      "type": "regex",
      "value": "***"
    },
    {
      "type": "regex",
      "value": "***"
    },
    {
      "type": "regex",
      "value": "***"
    }
  ],
  "steps": [
    {
      "type": "action",
      "reference": {
        "type": "repository",
        "name": "actions/checkout",
        "ref": "v4",
        "repositoryType": "GitHub"
      },
      "displayNameToken": {
        "type": 0,
        "file": 1,
        "line": 13,
        "col": 15,
        "lit": "Checkout Code"
      },
      "contextName": "__actions_checkout",
      "condition": "success()",
      "id": "5441b83f-441b-4358-889f-9dbc2c58f4d1",
      "name": "__actions_checkout"
    },
    {
      "type": "action",
      "reference": {
        "type": "repository",
        "name": "actions/setup-node",
        "ref": "v4",
        "repositoryType": "GitHub"
      },
      "displayNameToken": {
        "type": 0,
        "file": 1,
        "line": 16,
        "col": 15,
        "lit": "Setup Node.js"
      },
      "contextName": "__actions_setup-node",
      "inputs": {
        "type": 2,
        "file": 1,
        "line": 19,
        "col": 11,
        "map": [
          {
            "key": {
              "type": 0,
              "file": 1,
              "line": 19,
              "col": 11,
              "lit": "node-version"
            },
            "value": {
              "type": 0,
              "file": 1,
              "line": 19,
              "col": 25,
              "lit": "22"
            }
          }
        ]
      },
      "condition": "success()",
      "id": "df13a4f9-74c2-4641-a54e-746de4d188ed",
      "name": "__actions_setup-node"
    },
    {
      "type": "action",
      "reference": {
        "type": "script"
      },
      "displayNameToken": {
        "type": 0,
        "file": 1,
        "line": 21,
        "col": 15,
        "lit": "Install Dependencies"
      },
      "contextName": "__run",
      "inputs": {
        "type": 2,
        "map": [
          {
            "key": "script",
            "value": {
              "type": 0,
              "file": 1,
              "line": 22,
              "col": 14,
              "lit": "npm install"
            }
          }
        ]
      },
      "condition": "success()",
      "id": "ee34e488-97cc-4f16-979f-49c89ff3e2e7",
      "name": "__run"
    },
    {
      "type": "action",
      "reference": {
        "type": "script"
      },
      "displayNameToken": {
        "type": 0,
        "file": 1,
        "line": 24,
        "col": 15,
        "lit": "Run Tests"
      },
      "contextName": "__run_2",
      "inputs": {
        "type": 2,
        "map": [
          {
            "key": "script",
            "value": {
              "type": 0,
              "file": 1,
              "line": 25,
              "col": 14,
              "lit": "npm test"
            }
          }
        ]
      },
      "condition": "success()",
      "id": "01ab12bc-abc3-4df7-9596-722024dd747c",
      "name": "__run_2"
    },
    {
      "type": "action",
      "reference": {
        "type": "script"
      },
      "displayNameToken": {
        "type": 0,
        "file": 1,
        "line": 27,
        "col": 15,
        "lit": "Stop Containers"
      },
      "contextName": "__run_3",
      "inputs": {
        "type": 2,
        "map": [
          {
            "key": "script",
            "value": {
              "type": 0,
              "file": 1,
              "line": 28,
              "col": 14,
              "lit": "docker compose down"
            }
          }
        ]
      },
      "condition": "success()",
      "id": "54223389-f797-4a5b-b0ae-c813d625cedf",
      "name": "__run_3"
    },
    {
      "type": "action",
      "reference": {
        "type": "script"
      },
      "displayNameToken": {
        "type": 0,
        "file": 1,
        "line": 30,
        "col": 15,
        "lit": "Build & Start Containers"
      },
      "contextName": "__run_4",
      "inputs": {
        "type": 2,
        "map": [
          {
            "key": "script",
            "value": {
              "type": 0,
              "file": 1,
              "line": 31,
              "col": 14,
              "lit": "docker compose up -d --build"
            }
          }
        ]
      },
      "condition": "success()",
      "id": "bd369f5a-95c0-42a6-b24b-28f954f535d0",
      "name": "__run_4"
    },
    {
      "type": "action",
      "reference": {
        "type": "script"
      },
      "displayNameToken": {
        "type": 0,
        "file": 1,
        "line": 33,
        "col": 15,
        "lit": "Remove Unused Images"
      },
      "contextName": "__run_5",
      "inputs": {
        "type": 2,
        "map": [
          {
            "key": "script",
            "value": {
              "type": 0,
              "file": 1,
              "line": 34,
              "col": 14,
              "lit": "docker image prune -f"
            }
          }
        ]
      },
      "condition": "success()",
      "id": "17223c79-d8ed-4c75-854e-c5c9e599dfbb",
      "name": "__run_5"
    }
  ],
  "variables": {
    "Actions.EnableHttpRedirects": {
      "value": "true"
    },
    "DistributedTask.AddWarningToNode12Action": {
      "value": "true"
    },
    "DistributedTask.AddWarningToNode16Action": {
      "value": "true"
    },
    "DistributedTask.AllowRunnerContainerHooks": {
      "value": "true"
    },
    "DistributedTask.DeprecateStepOutputCommands": {
      "value": "true"
    },
    "DistributedTask.DetailUntarFailure": {
      "value": "true"
    },
    "DistributedTask.EnableCompositeActions": {
      "value": "true"
    },
    "DistributedTask.EnableJobServerQueueTelemetry": {
      "value": "true"
    },
    "DistributedTask.EnhancedAnnotations": {
      "value": "true"
    },
    "DistributedTask.ForceGithubJavascriptActionsToNode16": {
      "value": "true"
    },
    "DistributedTask.ForceGithubJavascriptActionsToNode20": {
      "value": "true"
    },
    "DistributedTask.LogTemplateErrorsAsDebugMessages": {
      "value": "true"
    },
    "DistributedTask.MarkJobAsFailedOnWorkerCrash": {
      "value": "true"
    },
    "DistributedTask.NewActionMetadata": {
      "value": "true"
    },
    "DistributedTask.UploadStepSummary": {
      "value": "true"
    },
    "DistributedTask.UseActionArchiveCache": {
      "value": "true"
    },
    "DistributedTask.UseWhich2": {
      "value": "true"
    },
    "RunService.FixEmbeddedIssues": {
      "value": "true"
    },
    "actions.runner.requirenode24": {
      "value": "false"
    },
    "actions.runner.usenode24bydefault": {
      "value": "true"
    },
    "actions.runner.warnonnode20": {
      "value": "true"
    },
    "actions_add_check_run_id_to_job_context": {
      "value": "true"
    },
    "actions_batch_action_resolution": {
      "value": "false"
    },
    "actions_container_action_runner_temp": {
      "value": "true"
    },
    "actions_display_helpful_actions_download_errors": {
      "value": "true"
    },
    "actions_runner_allow_artifacts_file": {
      "value": "false"
    },
    "actions_runner_compare_workflow_parser": {
      "value": "false"
    },
    "actions_runner_deprecate_linux_arm32": {
      "value": "true"
    },
    "actions_runner_emit_composite_markers": {
      "value": "true"
    },
    "actions_runner_kill_linux_arm32": {
      "value": "false"
    },
    "actions_runner_node20_removal_date": {
      "value": ""
    },
    "actions_runner_node24_default_date": {
      "value": "June 16th, 2026"
    },
    "actions_self_repository": {
      "value": "true"
    },
    "actions_service_container_command": {
      "value": "true"
    },
    "actions_set_orchestration_id_env_for_actions": {
      "value": "true"
    },
    "actions_skip_retry_complete_job_upon_known_errors": {
      "value": "true"
    },
    "actions_snapshot_preflight_hosted_runner_check": {
      "value": "false"
    },
    "actions_snapshot_preflight_image_gen_pool_check": {
      "value": "false"
    },
    "actions_use_bearer_token_for_codeload": {
      "value": "false"
    },
    "actions_uses_cache_service_v2": {
      "value": "true"
    },
    "github_token": {
      "value": "***",
      "isSecret": true
    },
    "system.from_run_service": {
      "value": "true"
    },
    "system.github.job": {
      "value": "deploy"
    },
    "system.github.launch_endpoint": {
      "value": "https://launch.actions.githubusercontent.com"
    },
    "system.github.results_endpoint": {
      "value": "https://results-receiver.actions.githubusercontent.com/"
    },
    "system.github.results_upload_with_sdk": {
      "value": "true"
    },
    "system.github.token": {
      "value": "***",
      "isSecret": true
    },
    "system.github.token.permissions": {
      "value": "{\"Contents\":\"read\",\"Metadata\":\"read\",\"Packages\":\"read\"}"
    },
    "system.orchestrationId": {
      "value": "007b731d-d81d-4e32-82a9-f5f1d0492d10.deploy.__default"
    },
    "system.phaseDisplayName": {
      "value": "deploy"
    },
    "system.runner.lowdiskspacethreshold": {
      "value": "100"
    },
    "system.runnerEnvironment": {
      "value": "self-hosted"
    },
    "system.runnerGroupName": {
      "value": "Default"
    }
  },
  "messageType": "RunnerJobRequest",
  "plan": {
    "scopeIdentifier": "00000000-0000-0000-0000-000000000000",
    "planType": "actions",
    "version": 0,
    "planId": "007b731d-d81d-4e32-82a9-f5f1d0492d10",
    "planGroup": null,
    "artifactUri": null,
    "artifactLocation": null,
    "definition": null,
    "owner": null
  },
  "timeline": {
    "id": "007b731d-d81d-4e32-82a9-f5f1d0492d10",
    "changeId": 0,
    "location": null
  },
  "jobId": "990b0a0a-e98c-5476-8f92-b01a2aef0f91",
  "jobDisplayName": "deploy",
  "jobName": "__default",
  "requestId": 0,
  "lockedUntil": "0001-01-01T00:00:00",
  "resources": {
    "endpoints": [
      {
        "data": {
          "ServerId": "",
          "ServerName": "",
          "CacheServerUrl": "https://artifactcache.actions.githubusercontent.com/ztMjL2zLeApI83S06VKPI3awLebW6ZlTrMGD6fRRrWDwGL4jkD/",
          "FeedStreamUrl": "wss://results-receiver.actions.githubusercontent.com/_ws/ingest.sock",
          "ResultsServiceUrl": "https://results-receiver.actions.githubusercontent.com/",
          "PipelinesServiceUrl": "https://pipelinesghubeus7.actions.githubusercontent.com/ztMjL2zLeApI83S06VKPI3awLebW6ZlTrMGD6fRRrWDwGL4jkD/",
          "GenerateIdTokenUrl": "",
          "ConnectivityChecks": "[\"https://broker.actions.githubusercontent.com/health\",\"https://token.actions.githubusercontent.com/ready\",\"https://run.actions.githubusercontent.com/health\"]",
          "ConnectivityAndDNSChecks": ""
        },
        "name": "SystemVssConnection",
        "url": "https://run-actions-2-azure-eastus.actions.githubusercontent.com/9/",
        "authorization": {
          "parameters": {
            "AccessToken": "***"
          },
          "scheme": "OAuth"
        },
        "isShared": false,
        "isReady": true
      }
    ]
  },
  "contextData": {
    "github": {
      "t": 2,
      "d": [
        {
          "k": "ref",
          "v": "refs/heads/staging"
        },
        {
          "k": "sha",
          "v": "6d4d101632ffa9d280adb71838de4733ec06af09"
        },
        {
          "k": "repository",
          "v": "CryptonFuture/Ecommerce_backened"
        },
        {
          "k": "repository_owner",
          "v": "CryptonFuture"
        },
        {
          "k": "repository_owner_id",
          "v": "86903729"
        },
        {
          "k": "repositoryUrl",
          "v": "git://github.com/CryptonFuture/Ecommerce_backened.git"
        },
        {
          "k": "run_id",
          "v": "30887281258"
        },
        {
          "k": "run_number",
          "v": "2"
        },
        {
          "k": "retention_days",
          "v": "90"
        },
        {
          "k": "run_attempt",
          "v": "1"
        },
        {
          "k": "artifact_cache_size_limit",
          "v": "10"
        },
        {
          "k": "repository_visibility",
          "v": "public"
        },
        {
          "k": "actor_id",
          "v": "86903729"
        },
        {
          "k": "actor",
          "v": "CryptonFuture"
        },
        {
          "k": "workflow",
          "v": "Node CI/CD Local"
        },
        {
          "k": "head_ref",
          "v": ""
        },
        {
          "k": "base_ref",
          "v": ""
        },
        {
          "k": "event_name",
          "v": "push"
        },
        {
          "k": "server_url",
          "v": "https://github.com"
        },
        {
          "k": "api_url",
          "v": "https://api.github.com"
        },
        {
          "k": "graphql_url",
          "v": "https://api.github.com/graphql"
        },
        {
          "k": "ref_name",
          "v": "staging"
        },
        {
          "k": "ref_protected",
          "v": false
        },
        {
          "k": "ref_type",
          "v": "branch"
        },
        {
          "k": "secret_source",
          "v": "Actions"
        },
        {
          "k": "event",
          "v": {
            "t": 2,
            "d": [
              {
                "k": "after",
                "v": "6d4d101632ffa9d280adb71838de4733ec06af09"
              },
              {
                "k": "base_ref",
                "v": null
              },
              {
                "k": "before",
                "v": "b8291454a477ed9f984f747ec5ffe30a7f085f5b"
              },
              {
                "k": "commits",
                "v": {
                  "t": 1,
                  "a": [
                    {
                      "t": 2,
                      "d": [
                        {
                          "k": "author",
                          "v": {
                            "t": 2,
                            "d": [
                              {
                                "k": "email",
                                "v": "86903729+CryptonFuture@users.noreply.github.com"
                              },
                              {
                                "k": "name",
                                "v": "CryptonFuture"
                              },
                              {
                                "k": "username",
                                "v": "CryptonFuture"
                              }
                            ]
                          }
                        },
                        {
                          "k": "committer",
                          "v": {
                            "t": 2,
                            "d": [
                              {
                                "k": "email",
                                "v": "86903729+CryptonFuture@users.noreply.github.com"
                              },
                              {
                                "k": "name",
                                "v": "CryptonFuture"
                              },
                              {
                                "k": "username",
                                "v": "CryptonFuture"
                              }
                            ]
                          }
                        },
                        {
                          "k": "distinct",
                          "v": true
                        },
                        {
                          "k": "id",
                          "v": "6d4d101632ffa9d280adb71838de4733ec06af09"
                        },
                        {
                          "k": "message",
                          "v": "docker"
                        },
                        {
                          "k": "timestamp",
                          "v": "2026-08-04T12:18:23+05:00"
                        },
                        {
                          "k": "tree_id",
                          "v": "a2aea460a244e549e4bb6034aeeb4628c483d9df"
                        },
                        {
                          "k": "url",
                          "v": "https://github.com/CryptonFuture/Ecommerce_backened/commit/6d4d101632ffa9d280adb71838de4733ec06af09"
                        }
                      ]
                    }
                  ]
                }
              },
              {
                "k": "compare",
                "v": "https://github.com/CryptonFuture/Ecommerce_backened/compare/b8291454a477...6d4d101632ff"
              },
              {
                "k": "created",
                "v": false
              },
              {
                "k": "deleted",
                "v": false
              },
              {
                "k": "forced",
                "v": false
              },
              {
                "k": "head_commit",
                "v": {
                  "t": 2,
                  "d": [
                    {
                      "k": "author",
                      "v": {
                        "t": 2,
                        "d": [
                          {
                            "k": "email",
                            "v": "86903729+CryptonFuture@users.noreply.github.com"
                          },
                          {
                            "k": "name",
                            "v": "CryptonFuture"
                          },
                          {
                            "k": "username",
                            "v": "CryptonFuture"
                          }
                        ]
                      }
                    },
                    {
                      "k": "committer",
                      "v": {
                        "t": 2,
                        "d": [
                          {
                            "k": "email",
                            "v": "86903729+CryptonFuture@users.noreply.github.com"
                          },
                          {
                            "k": "name",
                            "v": "CryptonFuture"
                          },
                          {
                            "k": "username",
                            "v": "CryptonFuture"
                          }
                        ]
                      }
                    },
                    {
                      "k": "distinct",
                      "v": true
                    },
                    {
                      "k": "id",
                      "v": "6d4d101632ffa9d280adb71838de4733ec06af09"
                    },
                    {
                      "k": "message",
                      "v": "docker"
                    },
                    {
                      "k": "timestamp",
                      "v": "2026-08-04T12:18:23+05:00"
                    },
                    {
                      "k": "tree_id",
                      "v": "a2aea460a244e549e4bb6034aeeb4628c483d9df"
                    },
                    {
                      "k": "url",
                      "v": "https://github.com/CryptonFuture/Ecommerce_backened/commit/6d4d101632ffa9d280adb71838de4733ec06af09"
                    }
                  ]
                }
              },
              {
                "k": "pusher",
                "v": {
                  "t": 2,
                  "d": [
                    {
                      "k": "email",
                      "v": "86903729+CryptonFuture@users.noreply.github.com"
                    },
                    {
                      "k": "name",
                      "v": "CryptonFuture"
                    }
                  ]
                }
              },
              {
                "k": "ref",
                "v": "refs/heads/staging"
              },
              {
                "k": "repository",
                "v": {
                  "t": 2,
                  "d": [
                    {
                      "k": "allow_forking",
                      "v": true
                    },
                    {
                      "k": "archive_url",
                      "v": "https://api.github.com/repos/CryptonFuture/Ecommerce_backened/{archive_format}{/ref}"
                    },
                    {
                      "k": "archived",
                      "v": false
                    },
                    {
                      "k": "assignees_url",
                      "v": "https://api.github.com/repos/CryptonFuture/Ecommerce_backened/assignees{/user}"
                    },
                    {
                      "k": "blobs_url",
                      "v": "https://api.github.com/repos/CryptonFuture/Ecommerce_backened/git/blobs{/sha}"
                    },
                    {
                      "k": "branches_url",
                      "v": "https://api.github.com/repos/CryptonFuture/Ecommerce_backened/branches{/branch}"
                    },
                    {
                      "k": "clone_url",
                      "v": "https://github.com/CryptonFuture/Ecommerce_backened.git"
                    },
                    {
                      "k": "collaborators_url",
                      "v": "https://api.github.com/repos/CryptonFuture/Ecommerce_backened/collaborators{/collaborator}"
                    },
                    {
                      "k": "comments_url",
                      "v": "https://api.github.com/repos/CryptonFuture/Ecommerce_backened/comments{/number}"
                    },
                    {
                      "k": "commits_url",
                      "v": "https://api.github.com/repos/CryptonFuture/Ecommerce_backened/commits{/sha}"
                    },
                    {
                      "k": "compare_url",
                      "v": "https://api.github.com/repos/CryptonFuture/Ecommerce_backened/compare/{base}...{head}"
                    },
                    {
                      "k": "contents_url",
                      "v": "https://api.github.com/repos/CryptonFuture/Ecommerce_backened/contents/{+path}"
                    },
                    {
                      "k": "contributors_url",
                      "v": "https://api.github.com/repos/CryptonFuture/Ecommerce_backened/contributors"
                    },
                    {
                      "k": "created_at",
                      "v": 1785823057.0
                    },
                    {
                      "k": "default_branch",
                      "v": "main"
                    },
                    {
                      "k": "deployments_url",
                      "v": "https://api.github.com/repos/CryptonFuture/Ecommerce_backened/deployments"
                    },
                    {
                      "k": "description",
                      "v": null
                    },
                    {
                      "k": "disabled",
                      "v": false
                    },
                    {
                      "k": "downloads_url",
                      "v": "https://api.github.com/repos/CryptonFuture/Ecommerce_backened/downloads"
                    },
                    {
                      "k": "events_url",
                      "v": "https://api.github.com/repos/CryptonFuture/Ecommerce_backened/events"
                    },
                    {
                      "k": "fork",
                      "v": false
                    },
                    {
                      "k": "forks",
                      "v": 0.0
                    },
                    {
                      "k": "forks_count",
                      "v": 0.0
                    },
                    {
                      "k": "forks_url",
                      "v": "https://api.github.com/repos/CryptonFuture/Ecommerce_backened/forks"
                    },
                    {
                      "k": "full_name",
                      "v": "CryptonFuture/Ecommerce_backened"
                    },
                    {
                      "k": "git_commits_url",
                      "v": "https://api.github.com/repos/CryptonFuture/Ecommerce_backened/git/commits{/sha}"
                    },
                    {
                      "k": "git_refs_url",
                      "v": "https://api.github.com/repos/CryptonFuture/Ecommerce_backened/git/refs{/sha}"
                    },
                    {
                      "k": "git_tags_url",
                      "v": "https://api.github.com/repos/CryptonFuture/Ecommerce_backened/git/tags{/sha}"
                    },
                    {
                      "k": "git_url",
                      "v": "git://github.com/CryptonFuture/Ecommerce_backened.git"
                    },
                    {
                      "k": "has_discussions",
                      "v": false
                    },
                    {
                      "k": "has_downloads",
                      "v": true
                    },
                    {
                      "k": "has_issues",
                      "v": true
                    },
                    {
                      "k": "has_pages",
                      "v": false
                    },
                    {
                      "k": "has_projects",
                      "v": true
                    },
                    {
                      "k": "has_pull_requests",
                      "v": true
                    },
                    {
                      "k": "has_wiki",
                      "v": true
                    },
                    {
                      "k": "homepage",
                      "v": null
                    },
                    {
                      "k": "hooks_url",
                      "v": "https://api.github.com/repos/CryptonFuture/Ecommerce_backened/hooks"
                    },
                    {
                      "k": "html_url",
                      "v": "https://github.com/CryptonFuture/Ecommerce_backened"
                    },
                    {
                      "k": "id",
                      "v": 1322572422.0
                    },
                    {
                      "k": "is_template",
                      "v": false
                    },
                    {
                      "k": "issue_comment_url",
                      "v": "https://api.github.com/repos/CryptonFuture/Ecommerce_backened/issues/comments{/number}"
                    },
                    {
                      "k": "issue_events_url",
                      "v": "https://api.github.com/repos/CryptonFuture/Ecommerce_backened/issues/events{/number}"
                    },
                    {
                      "k": "issues_url",
                      "v": "https://api.github.com/repos/CryptonFuture/Ecommerce_backened/issues{/number}"
                    },
                    {
                      "k": "keys_url",
                      "v": "https://api.github.com/repos/CryptonFuture/Ecommerce_backened/keys{/key_id}"
                    },
                    {
                      "k": "labels_url",
                      "v": "https://api.github.com/repos/CryptonFuture/Ecommerce_backened/labels{/name}"
                    },
                    {
                      "k": "language",
                      "v": "JavaScript"
                    },
                    {
                      "k": "languages_url",
                      "v": "https://api.github.com/repos/CryptonFuture/Ecommerce_backened/languages"
                    },
                    {
                      "k": "license",
                      "v": null
                    },
                    {
                      "k": "master_branch",
                      "v": "main"
                    },
                    {
                      "k": "merges_url",
                      "v": "https://api.github.com/repos/CryptonFuture/Ecommerce_backened/merges"
                    },
                    {
                      "k": "milestones_url",
                      "v": "https://api.github.com/repos/CryptonFuture/Ecommerce_backened/milestones{/number}"
                    },
                    {
                      "k": "mirror_url",
                      "v": null
                    },
                    {
                      "k": "name",
                      "v": "Ecommerce_backened"
                    },
                    {
                      "k": "node_id",
                      "v": "R_kgDOTtTahg"
                    },
                    {
                      "k": "notifications_url",
                      "v": "https://api.github.com/repos/CryptonFuture/Ecommerce_backened/notifications{?since,all,participating}"
                    },
                    {
                      "k": "open_issues",
                      "v": 0.0
                    },
                    {
                      "k": "open_issues_count",
                      "v": 0.0
                    },
                    {
                      "k": "owner",
                      "v": {
                        "t": 2,
                        "d": [
                          {
                            "k": "avatar_url",
                            "v": "https://avatars.githubusercontent.com/u/86903729?v=4"
                          },
                          {
                            "k": "email",
                            "v": "86903729+CryptonFuture@users.noreply.github.com"
                          },
                          {
                            "k": "events_url",
                            "v": "https://api.github.com/users/CryptonFuture/events{/privacy}"
                          },
                          {
                            "k": "followers_url",
                            "v": "https://api.github.com/users/CryptonFuture/followers"
                          },
                          {
                            "k": "following_url",
                            "v": "https://api.github.com/users/CryptonFuture/following{/other_user}"
                          },
                          {
                            "k": "gists_url",
                            "v": "https://api.github.com/users/CryptonFuture/gists{/gist_id}"
                          },
                          {
                            "k": "gravatar_id",
                            "v": ""
                          },
                          {
                            "k": "html_url",
                            "v": "https://github.com/CryptonFuture"
                          },
                          {
                            "k": "id",
                            "v": 86903729.0
                          },
                          {
                            "k": "login",
                            "v": "CryptonFuture"
                          },
                          {
                            "k": "name",
                            "v": "CryptonFuture"
                          },
                          {
                            "k": "node_id",
                            "v": "MDQ6VXNlcjg2OTAzNzI5"
                          },
                          {
                            "k": "organizations_url",
                            "v": "https://api.github.com/users/CryptonFuture/orgs"
                          },
                          {
                            "k": "received_events_url",
                            "v": "https://api.github.com/users/CryptonFuture/received_events"
                          },
                          {
                            "k": "repos_url",
                            "v": "https://api.github.com/users/CryptonFuture/repos"
                          },
                          {
                            "k": "site_admin",
                            "v": false
                          },
                          {
                            "k": "starred_url",
                            "v": "https://api.github.com/users/CryptonFuture/starred{/owner}{/repo}"
                          },
                          {
                            "k": "subscriptions_url",
                            "v": "https://api.github.com/users/CryptonFuture/subscriptions"
                          },
                          {
                            "k": "type",
                            "v": "User"
                          },
                          {
                            "k": "url",
                            "v": "https://api.github.com/users/CryptonFuture"
                          },
                          {
                            "k": "user_view_type",
                            "v": "public"
                          }
                        ]
                      }
                    },
                    {
                      "k": "private",
                      "v": false
                    },
                    {
                      "k": "pull_request_creation_policy",
                      "v": "all"
                    },
                    {
                      "k": "pulls_url",
                      "v": "https://api.github.com/repos/CryptonFuture/Ecommerce_backened/pulls{/number}"
                    },
                    {
                      "k": "pushed_at",
                      "v": 1785827906.0
                    },
                    {
                      "k": "releases_url",
                      "v": "https://api.github.com/repos/CryptonFuture/Ecommerce_backened/releases{/id}"
                    },
                    {
                      "k": "size",
                      "v": 183235.0
                    },
                    {
                      "k": "ssh_url",
                      "v": "git@github.com:CryptonFuture/Ecommerce_backened.git"
                    },
                    {
                      "k": "stargazers",
                      "v": 0.0
                    },
                    {
                      "k": "stargazers_count",
                      "v": 0.0
                    },
                    {
                      "k": "stargazers_url",
                      "v": "https://api.github.com/repos/CryptonFuture/Ecommerce_backened/stargazers"
                    },
                    {
                      "k": "statuses_url",
                      "v": "https://api.github.com/repos/CryptonFuture/Ecommerce_backened/statuses/{sha}"
                    },
                    {
                      "k": "subscribers_url",
                      "v": "https://api.github.com/repos/CryptonFuture/Ecommerce_backened/subscribers"
                    },
                    {
                      "k": "subscription_url",
                      "v": "https://api.github.com/repos/CryptonFuture/Ecommerce_backened/subscription"
                    },
                    {
                      "k": "svn_url",
                      "v": "https://github.com/CryptonFuture/Ecommerce_backened"
                    },
                    {
                      "k": "tags_url",
                      "v": "https://api.github.com/repos/CryptonFuture/Ecommerce_backened/tags"
                    },
                    {
                      "k": "teams_url",
                      "v": "https://api.github.com/repos/CryptonFuture/Ecommerce_backened/teams"
                    },
                    {
                      "k": "topics",
                      "v": {
                        "t": 1
                      }
                    },
                    {
                      "k": "trees_url",
                      "v": "https://api.github.com/repos/CryptonFuture/Ecommerce_backened/git/trees{/sha}"
                    },
                    {
                      "k": "updated_at",
                      "v": "2026-08-04T06:51:18Z"
                    },
                    {
                      "k": "url",
                      "v": "https://api.github.com/repos/CryptonFuture/Ecommerce_backened"
                    },
                    {
                      "k": "visibility",
                      "v": "public"
                    },
                    {
                      "k": "watchers",
                      "v": 0.0
                    },
                    {
                      "k": "watchers_count",
                      "v": 0.0
                    },
                    {
                      "k": "web_commit_signoff_required",
                      "v": false
                    }
                  ]
                }
              },
              {
                "k": "sender",
                "v": {
                  "t": 2,
                  "d": [
                    {
                      "k": "avatar_url",
                      "v": "https://avatars.githubusercontent.com/u/86903729?v=4"
                    },
                    {
                      "k": "events_url",
                      "v": "https://api.github.com/users/CryptonFuture/events{/privacy}"
                    },
                    {
                      "k": "followers_url",
                      "v": "https://api.github.com/users/CryptonFuture/followers"
                    },
                    {
                      "k": "following_url",
                      "v": "https://api.github.com/users/CryptonFuture/following{/other_user}"
                    },
                    {
                      "k": "gists_url",
                      "v": "https://api.github.com/users/CryptonFuture/gists{/gist_id}"
                    },
                    {
                      "k": "gravatar_id",
                      "v": ""
                    },
                    {
                      "k": "html_url",
                      "v": "https://github.com/CryptonFuture"
                    },
                    {
                      "k": "id",
                      "v": 86903729.0
                    },
                    {
                      "k": "login",
                      "v": "CryptonFuture"
                    },
                    {
                      "k": "node_id",
                      "v": "MDQ6VXNlcjg2OTAzNzI5"
                    },
                    {
                      "k": "organizations_url",
                      "v": "https://api.github.com/users/CryptonFuture/orgs"
                    },
                    {
                      "k": "received_events_url",
                      "v": "https://api.github.com/users/CryptonFuture/received_events"
                    },
                    {
                      "k": "repos_url",
                      "v": "https://api.github.com/users/CryptonFuture/repos"
                    },
                    {
                      "k": "site_admin",
                      "v": false
                    },
                    {
                      "k": "starred_url",
                      "v": "https://api.github.com/users/CryptonFuture/starred{/owner}{/repo}"
                    },
                    {
                      "k": "subscriptions_url",
                      "v": "https://api.github.com/users/CryptonFuture/subscriptions"
                    },
                    {
                      "k": "type",
                      "v": "User"
                    },
                    {
                      "k": "url",
                      "v": "https://api.github.com/users/CryptonFuture"
                    },
                    {
                      "k": "user_view_type",
                      "v": "public"
                    }
                  ]
                }
              }
            ]
          }
        },
        {
          "k": "workflow_ref",
          "v": "CryptonFuture/Ecommerce_backened/.github/workflows/ci-cd.yml@refs/heads/staging"
        },
        {
          "k": "workflow_sha",
          "v": "6d4d101632ffa9d280adb71838de4733ec06af09"
        },
        {
          "k": "repository_id",
          "v": "1322572422"
        },
        {
          "k": "triggering_actor",
          "v": "CryptonFuture"
        }
      ]
    },
    "inputs": {
      "t": 2
    },
    "job": {
      "t": 2,
      "d": [
        {
          "k": "check_run_id",
          "v": 91921169292.0
        },
        {
          "k": "workflow_ref",
          "v": "CryptonFuture/Ecommerce_backened/.github/workflows/ci-cd.yml@refs/heads/staging"
        },
        {
          "k": "workflow_sha",
          "v": "6d4d101632ffa9d280adb71838de4733ec06af09"
        },
        {
          "k": "workflow_repository",
          "v": "CryptonFuture/Ecommerce_backened"
        },
        {
          "k": "workflow_file_path",
          "v": ".github/workflows/ci-cd.yml"
        }
      ]
    },
    "matrix": null,
    "needs": {
      "t": 2
    },
    "strategy": {
      "t": 2,
      "d": [
        {
          "k": "fail-fast",
          "v": true
        },
        {
          "k": "job-index",
          "v": 0.0
        },
        {
          "k": "job-total",
          "v": 1.0
        },
        {
          "k": "max-parallel",
          "v": 1.0
        }
      ]
    },
    "vars": {
      "t": 2
    }
  },
  "billingOwnerId": "U_kgDOBS4LsQ"
}
[2026-08-04 07:18:39Z INFO JobRunner] Job ID 990b0a0a-e98c-5476-8f92-b01a2aef0f91
[2026-08-04 07:18:39Z INFO ConfigurationStore] currentAssemblyLocation: D:\nodejs\ecommerce-backened\actions-runner\bin\Runner.Worker.dll
[2026-08-04 07:18:39Z INFO HostContext] Well known directory 'Bin': 'D:\nodejs\ecommerce-backened\actions-runner\bin'
[2026-08-04 07:18:39Z INFO ConfigurationStore] binPath: D:\nodejs\ecommerce-backened\actions-runner\bin
[2026-08-04 07:18:39Z INFO HostContext] Well known directory 'Bin': 'D:\nodejs\ecommerce-backened\actions-runner\bin'
[2026-08-04 07:18:39Z INFO HostContext] Well known directory 'Root': 'D:\nodejs\ecommerce-backened\actions-runner'
[2026-08-04 07:18:39Z INFO ConfigurationStore] RootFolder: D:\nodejs\ecommerce-backened\actions-runner
[2026-08-04 07:18:39Z INFO HostContext] Well known directory 'Bin': 'D:\nodejs\ecommerce-backened\actions-runner\bin'
[2026-08-04 07:18:39Z INFO HostContext] Well known directory 'Root': 'D:\nodejs\ecommerce-backened\actions-runner'
[2026-08-04 07:18:39Z INFO HostContext] Well known config file 'Runner': 'D:\nodejs\ecommerce-backened\actions-runner\.runner'
[2026-08-04 07:18:39Z INFO ConfigurationStore] ConfigFilePath: D:\nodejs\ecommerce-backened\actions-runner\.runner
[2026-08-04 07:18:39Z INFO HostContext] Well known directory 'Bin': 'D:\nodejs\ecommerce-backened\actions-runner\bin'
[2026-08-04 07:18:39Z INFO HostContext] Well known directory 'Root': 'D:\nodejs\ecommerce-backened\actions-runner'
[2026-08-04 07:18:39Z INFO HostContext] Well known config file 'MigratedRunner': 'D:\nodejs\ecommerce-backened\actions-runner\.runner_migrated'
[2026-08-04 07:18:39Z INFO ConfigurationStore] MigratedConfigFilePath: D:\nodejs\ecommerce-backened\actions-runner\.runner_migrated
[2026-08-04 07:18:39Z INFO HostContext] Well known directory 'Bin': 'D:\nodejs\ecommerce-backened\actions-runner\bin'
[2026-08-04 07:18:39Z INFO HostContext] Well known directory 'Root': 'D:\nodejs\ecommerce-backened\actions-runner'
[2026-08-04 07:18:39Z INFO HostContext] Well known config file 'Credentials': 'D:\nodejs\ecommerce-backened\actions-runner\.credentials'
[2026-08-04 07:18:39Z INFO ConfigurationStore] CredFilePath: D:\nodejs\ecommerce-backened\actions-runner\.credentials
[2026-08-04 07:18:39Z INFO HostContext] Well known directory 'Bin': 'D:\nodejs\ecommerce-backened\actions-runner\bin'
[2026-08-04 07:18:39Z INFO HostContext] Well known directory 'Root': 'D:\nodejs\ecommerce-backened\actions-runner'
[2026-08-04 07:18:39Z INFO HostContext] Well known config file 'MigratedCredentials': 'D:\nodejs\ecommerce-backened\actions-runner\.credentials_migrated'
[2026-08-04 07:18:39Z INFO ConfigurationStore] MigratedCredFilePath: D:\nodejs\ecommerce-backened\actions-runner\.credentials_migrated
[2026-08-04 07:18:39Z INFO HostContext] Well known directory 'Bin': 'D:\nodejs\ecommerce-backened\actions-runner\bin'
[2026-08-04 07:18:39Z INFO HostContext] Well known directory 'Root': 'D:\nodejs\ecommerce-backened\actions-runner'
[2026-08-04 07:18:39Z INFO HostContext] Well known config file 'Service': 'D:\nodejs\ecommerce-backened\actions-runner\.service'
[2026-08-04 07:18:39Z INFO ConfigurationStore] ServiceConfigFilePath: D:\nodejs\ecommerce-backened\actions-runner\.service
[2026-08-04 07:18:39Z INFO ConfigurationStore] Read setting file: 399 chars
[2026-08-04 07:18:39Z INFO JobRunner] Initializing launch client
[2026-08-04 07:18:39Z INFO JobServerQueue] Initializing results client
[2026-08-04 07:18:39Z INFO ResultServer] Creating websocket client ...wss://results-receiver.actions.githubusercontent.com/_ws/ingest.sock
[2026-08-04 07:18:39Z INFO ResultServer] Attempting to start websocket client with delay 00:00:00.
[2026-08-04 07:18:39Z INFO JobServerQueue] Start process web console line queue.
[2026-08-04 07:18:39Z INFO JobServerQueue] Start process file upload queue.
[2026-08-04 07:18:39Z INFO JobServerQueue] Start results file upload queue.
[2026-08-04 07:18:39Z INFO JobServerQueue] Starting results-based upload queue...
[2026-08-04 07:18:39Z INFO JobServerQueue] Start process timeline update queue.
[2026-08-04 07:18:39Z INFO ExecutionContext] Initializing Job context
[2026-08-04 07:18:39Z INFO ExecutionContext] Initialize GitHub context
[2026-08-04 07:18:39Z INFO ExecutionContext] Initialize Env context
[2026-08-04 07:18:39Z INFO HostContext] Well known directory 'Bin': 'D:\nodejs\ecommerce-backened\actions-runner\bin'
[2026-08-04 07:18:39Z INFO HostContext] Well known directory 'Root': 'D:\nodejs\ecommerce-backened\actions-runner'
[2026-08-04 07:18:39Z INFO HostContext] Well known directory 'Diag': 'D:\nodejs\ecommerce-backened\actions-runner\_diag'
[2026-08-04 07:18:39Z INFO HostContext] Well known directory 'Bin': 'D:\nodejs\ecommerce-backened\actions-runner\bin'
[2026-08-04 07:18:39Z INFO HostContext] Well known directory 'Root': 'D:\nodejs\ecommerce-backened\actions-runner'
[2026-08-04 07:18:39Z INFO HostContext] Well known directory 'Diag': 'D:\nodejs\ecommerce-backened\actions-runner\_diag'
[2026-08-04 07:18:39Z INFO JobRunner] Starting the job execution context.
[2026-08-04 07:18:39Z INFO HostContext] Well known directory 'Bin': 'D:\nodejs\ecommerce-backened\actions-runner\bin'
[2026-08-04 07:18:39Z INFO HostContext] Well known directory 'Root': 'D:\nodejs\ecommerce-backened\actions-runner'
[2026-08-04 07:18:39Z INFO HostContext] Well known directory 'Work': 'D:\nodejs\ecommerce-backened\actions-runner\_work'
[2026-08-04 07:18:39Z INFO JobRunner] Validating directory permissions for: 'D:\nodejs\ecommerce-backened\actions-runner\_work'
[2026-08-04 07:18:39Z INFO HostContext] Well known directory 'Bin': 'D:\nodejs\ecommerce-backened\actions-runner\bin'
[2026-08-04 07:18:39Z INFO HostContext] Well known directory 'Root': 'D:\nodejs\ecommerce-backened\actions-runner'
[2026-08-04 07:18:39Z INFO HostContext] Well known directory 'Work': 'D:\nodejs\ecommerce-backened\actions-runner\_work'
[2026-08-04 07:18:39Z INFO HostContext] Well known directory 'Tools': 'D:\nodejs\ecommerce-backened\actions-runner\_work\_tool'
[2026-08-04 07:18:39Z INFO HostContext] Well known directory 'Bin': 'D:\nodejs\ecommerce-backened\actions-runner\bin'
[2026-08-04 07:18:39Z INFO HostContext] Well known directory 'Root': 'D:\nodejs\ecommerce-backened\actions-runner'
[2026-08-04 07:18:39Z INFO HostContext] Well known directory 'Work': 'D:\nodejs\ecommerce-backened\actions-runner\_work'
[2026-08-04 07:18:39Z INFO HostContext] Well known directory 'Temp': 'D:\nodejs\ecommerce-backened\actions-runner\_work\_temp'
[2026-08-04 07:18:39Z INFO JobRunner] Getting job extension.
[2026-08-04 07:18:39Z INFO JobRunner] Initialize job. Getting all job steps.
[2026-08-04 07:18:39Z INFO HostContext] Well known directory 'Bin': 'D:\nodejs\ecommerce-backened\actions-runner\bin'
[2026-08-04 07:18:39Z INFO HostContext] Well known directory 'Root': 'D:\nodejs\ecommerce-backened\actions-runner'
[2026-08-04 07:18:39Z INFO HostContext] Well known directory 'Diag': 'D:\nodejs\ecommerce-backened\actions-runner\_diag'
[2026-08-04 07:18:39Z INFO HostContext] Well known directory 'Bin': 'D:\nodejs\ecommerce-backened\actions-runner\bin'
[2026-08-04 07:18:39Z INFO HostContext] Well known directory 'Root': 'D:\nodejs\ecommerce-backened\actions-runner'
[2026-08-04 07:18:39Z INFO HostContext] Well known directory 'Diag': 'D:\nodejs\ecommerce-backened\actions-runner\_diag'
[2026-08-04 07:18:39Z INFO HostContext] Well known directory 'Bin': 'D:\nodejs\ecommerce-backened\actions-runner\bin'
[2026-08-04 07:18:39Z INFO HostContext] Well known directory 'Root': 'D:\nodejs\ecommerce-backened\actions-runner'
[2026-08-04 07:18:39Z INFO HostContext] Well known config file 'Credentials': 'D:\nodejs\ecommerce-backened\actions-runner\.credentials'
[2026-08-04 07:18:39Z INFO HostContext] Well known directory 'Bin': 'D:\nodejs\ecommerce-backened\actions-runner\bin'
[2026-08-04 07:18:39Z INFO HostContext] Well known directory 'Root': 'D:\nodejs\ecommerce-backened\actions-runner'
[2026-08-04 07:18:39Z INFO HostContext] Well known config file 'SetupInfo': 'D:\nodejs\ecommerce-backened\actions-runner\.setup_info'
[2026-08-04 07:18:39Z INFO HostContext] Well known directory 'Bin': 'D:\nodejs\ecommerce-backened\actions-runner\bin'
[2026-08-04 07:18:39Z INFO HostContext] Well known directory 'Root': 'D:\nodejs\ecommerce-backened\actions-runner'
[2026-08-04 07:18:39Z INFO HostContext] Well known directory 'Work': 'D:\nodejs\ecommerce-backened\actions-runner\_work'
[2026-08-04 07:18:39Z INFO PipelineDirectoryManager] Loading tracking config if exists: D:\nodejs\ecommerce-backened\actions-runner\_work\_PipelineMapping\CryptonFuture/Ecommerce_backened\PipelineFolder.json
[2026-08-04 07:18:39Z INFO PipelineDirectoryManager] Creating a new tracking config file.
[2026-08-04 07:18:39Z INFO HostContext] Well known directory 'Bin': 'D:\nodejs\ecommerce-backened\actions-runner\bin'
[2026-08-04 07:18:39Z INFO HostContext] Well known directory 'Root': 'D:\nodejs\ecommerce-backened\actions-runner'
[2026-08-04 07:18:39Z INFO HostContext] Well known directory 'Work': 'D:\nodejs\ecommerce-backened\actions-runner\_work'
[2026-08-04 07:18:39Z INFO PipelineDirectoryManager] Creating pipeline directory.
[2026-08-04 07:18:39Z INFO HostContext] Well known directory 'Bin': 'D:\nodejs\ecommerce-backened\actions-runner\bin'
[2026-08-04 07:18:39Z INFO HostContext] Well known directory 'Root': 'D:\nodejs\ecommerce-backened\actions-runner'
[2026-08-04 07:18:39Z INFO HostContext] Well known directory 'Work': 'D:\nodejs\ecommerce-backened\actions-runner\_work'
[2026-08-04 07:18:39Z INFO PipelineDirectoryManager] Creating workspace directory.
[2026-08-04 07:18:39Z INFO HostContext] Well known directory 'Bin': 'D:\nodejs\ecommerce-backened\actions-runner\bin'
[2026-08-04 07:18:39Z INFO HostContext] Well known directory 'Root': 'D:\nodejs\ecommerce-backened\actions-runner'
[2026-08-04 07:18:39Z INFO HostContext] Well known directory 'Work': 'D:\nodejs\ecommerce-backened\actions-runner\_work'
[2026-08-04 07:18:39Z INFO JobExtension] Downloading actions
[2026-08-04 07:18:39Z INFO HostContext] Well known directory 'Bin': 'D:\nodejs\ecommerce-backened\actions-runner\bin'
[2026-08-04 07:18:39Z INFO HostContext] Well known directory 'Root': 'D:\nodejs\ecommerce-backened\actions-runner'
[2026-08-04 07:18:39Z INFO HostContext] Well known directory 'Work': 'D:\nodejs\ecommerce-backened\actions-runner\_work'
[2026-08-04 07:18:39Z INFO HostContext] Well known directory 'Actions': 'D:\nodejs\ecommerce-backened\actions-runner\_work\_actions'
[2026-08-04 07:18:39Z INFO Worker] Listening for cancel message from the channel.
[2026-08-04 07:18:39Z INFO Worker] Waiting for the job to complete or for a cancel message from the channel.
[2026-08-04 07:18:40Z INFO ResultServer] Successfully started websocket client.
[2026-08-04 07:18:40Z INFO JobServerQueue] Try to append 1 batches web console lines for record '702f4d08-776c-4120-a8c0-d8b1e54adbac', success rate: 1/1.
[2026-08-04 07:18:40Z INFO HostContext] Well known directory 'Bin': 'D:\nodejs\ecommerce-backened\actions-runner\bin'
[2026-08-04 07:18:40Z INFO HostContext] Well known directory 'Root': 'D:\nodejs\ecommerce-backened\actions-runner'
[2026-08-04 07:18:40Z INFO HostContext] Well known directory 'Work': 'D:\nodejs\ecommerce-backened\actions-runner\_work'
[2026-08-04 07:18:40Z INFO HostContext] Well known directory 'Actions': 'D:\nodejs\ecommerce-backened\actions-runner\_work\_actions'
[2026-08-04 07:18:40Z INFO HostContext] Well known directory 'Bin': 'D:\nodejs\ecommerce-backened\actions-runner\bin'
[2026-08-04 07:18:40Z INFO HostContext] Well known directory 'Root': 'D:\nodejs\ecommerce-backened\actions-runner'
[2026-08-04 07:18:40Z INFO HostContext] Well known directory 'Work': 'D:\nodejs\ecommerce-backened\actions-runner\_work'
[2026-08-04 07:18:40Z INFO HostContext] Well known directory 'Actions': 'D:\nodejs\ecommerce-backened\actions-runner\_work\_actions'
[2026-08-04 07:18:40Z INFO ActionManager] Save archive 'https://codeload.github.com/actions/checkout/zip/11d5960a326750d5838078e36cf38b85af677262' into D:\nodejs\ecommerce-backened\actions-runner\_work\_actions\_temp_97dd58c0-c00f-49ed-8763-b04a74e83573\ec676ff3-d166-4b17-b70f-9f80aae2c0a1.zip.
[2026-08-04 07:18:40Z INFO ActionManager] Using Basic token for action archive download.
[2026-08-04 07:18:40Z INFO JobServerQueue] Job timeline record has been updated for the first time.
[2026-08-04 07:18:40Z INFO JobServerQueue] Try to append 1 batches web console lines for record '702f4d08-776c-4120-a8c0-d8b1e54adbac', success rate: 1/1.
[2026-08-04 07:18:41Z INFO ActionManager] Request URL: https://codeload.github.com/actions/checkout/zip/11d5960a326750d5838078e36cf38b85af677262 X-GitHub-Request-Id: 1C2D:3587CE:6CFE4:815066:6A71924D Http Status: OK
[2026-08-04 07:18:42Z INFO ActionManager] Finished getting action repository.
[2026-08-04 07:18:42Z INFO HostContext] Well known directory 'Bin': 'D:\nodejs\ecommerce-backened\actions-runner\bin'
[2026-08-04 07:18:42Z INFO HostContext] Well known directory 'Root': 'D:\nodejs\ecommerce-backened\actions-runner'
[2026-08-04 07:18:42Z INFO HostContext] Well known directory 'Work': 'D:\nodejs\ecommerce-backened\actions-runner\_work'
[2026-08-04 07:18:42Z INFO HostContext] Well known directory 'Actions': 'D:\nodejs\ecommerce-backened\actions-runner\_work\_actions'
[2026-08-04 07:18:42Z INFO HostContext] Well known directory 'Bin': 'D:\nodejs\ecommerce-backened\actions-runner\bin'
[2026-08-04 07:18:42Z INFO HostContext] Well known directory 'Root': 'D:\nodejs\ecommerce-backened\actions-runner'
[2026-08-04 07:18:42Z INFO HostContext] Well known directory 'Work': 'D:\nodejs\ecommerce-backened\actions-runner\_work'
[2026-08-04 07:18:42Z INFO HostContext] Well known directory 'Actions': 'D:\nodejs\ecommerce-backened\actions-runner\_work\_actions'
[2026-08-04 07:18:42Z INFO ActionManager] Save archive 'https://codeload.github.com/actions/setup-node/zip/49933ea5288caeca8642d1e84afbd3f7d6820020' into D:\nodejs\ecommerce-backened\actions-runner\_work\_actions\_temp_d68c725e-44cc-4b3f-873f-7c88137c43da\ad20c239-bd76-4413-930c-25a9440b0a3e.zip.
[2026-08-04 07:18:42Z INFO ActionManager] Using Basic token for action archive download.
[2026-08-04 07:18:42Z INFO JobServerQueue] Try to append 1 batches web console lines for record '702f4d08-776c-4120-a8c0-d8b1e54adbac', success rate: 1/1.
[2026-08-04 07:18:44Z INFO ActionManager] Request URL: https://codeload.github.com/actions/setup-node/zip/49933ea5288caeca8642d1e84afbd3f7d6820020 X-GitHub-Request-Id: D4DB:36F1FA:6E6CE:816CCF:6A71924F Http Status: OK
[2026-08-04 07:18:45Z INFO ActionManager] Finished getting action repository.
[2026-08-04 07:18:45Z INFO HostContext] Well known directory 'Bin': 'D:\nodejs\ecommerce-backened\actions-runner\bin'
[2026-08-04 07:18:45Z INFO HostContext] Well known directory 'Root': 'D:\nodejs\ecommerce-backened\actions-runner'
[2026-08-04 07:18:45Z INFO HostContext] Well known directory 'Work': 'D:\nodejs\ecommerce-backened\actions-runner\_work'
[2026-08-04 07:18:45Z INFO HostContext] Well known directory 'Actions': 'D:\nodejs\ecommerce-backened\actions-runner\_work\_actions'
[2026-08-04 07:18:45Z INFO ActionManifestManagerLegacy] Load schema file with definitions: [
  "null",
  "boolean",
  "number",
  "string",
  "sequence",
  "mapping",
  "any",
  "action-root",
  "inputs",
  "input",
  "outputs",
  "output-definition",
  "runs",
  "container-runs",
  "container-runs-args",
  "container-runs-env",
  "node-runs",
  "plugin-runs",
  "composite-runs",
  "composite-steps",
  "composite-step",
  "run-step",
  "uses-step",
  "container-runs-context",
  "output-value",
  "input-default-context",
  "non-empty-string",
  "string-steps-context",
  "boolean-steps-context",
  "step-env",
  "step-if",
  "step-with"
]
[2026-08-04 07:18:45Z INFO ActionManifestManager] Load schema file with definitions: [
  "null",
  "boolean",
  "number",
  "string",
  "sequence",
  "mapping",
  "any",
  "action-root",
  "inputs",
  "input",
  "outputs",
  "output-definition",
  "runs",
  "container-runs",
  "container-runs-args",
  "container-runs-env",
  "node-runs",
  "plugin-runs",
  "composite-runs",
  "composite-steps",
  "composite-step",
  "run-step",
  "uses-step",
  "container-runs-context",
  "output-value",
  "input-default-context",
  "non-empty-string",
  "string-steps-context",
  "boolean-steps-context",
  "step-env",
  "step-if",
  "step-with"
]
[2026-08-04 07:18:45Z INFO HostContext] Well known directory 'Bin': 'D:\nodejs\ecommerce-backened\actions-runner\bin'
[2026-08-04 07:18:45Z INFO HostContext] Well known directory 'Root': 'D:\nodejs\ecommerce-backened\actions-runner'
[2026-08-04 07:18:45Z INFO HostContext] Well known directory 'Work': 'D:\nodejs\ecommerce-backened\actions-runner\_work'
[2026-08-04 07:18:45Z INFO HostContext] Well known directory 'Actions': 'D:\nodejs\ecommerce-backened\actions-runner\_work\_actions'
[2026-08-04 07:18:45Z INFO ActionManifestManagerLegacy] Loaded action.yml file: {
  "name": "Checkout",
  "description": "Checkout a Git repository at a particular version",
  "inputs": {
    "type": 2,
    "map": [
      {
        "key": {
          "type": 0,
          "file": 2,
          "line": 4,
          "col": 3,
          "lit": "repository"
        },
        "value": {
          "type": 3,
          "file": 2,
          "line": 6,
          "col": 14,
          "expr": "github.repository"
        }
      },
      {
        "key": {
          "type": 0,
          "file": 2,
          "line": 7,
          "col": 3,
          "lit": "ref"
        },
        "value": ""
      },
      {
        "key": {
          "type": 0,
          "file": 2,
          "line": 12,
          "col": 3,
          "lit": "token"
        },
        "value": {
          "type": 3,
          "file": 2,
          "line": 24,
          "col": 14,
          "expr": "github.token"
        }
      },
      {
        "key": {
          "type": 0,
          "file": 2,
          "line": 25,
          "col": 3,
          "lit": "ssh-key"
        },
        "value": ""
      },
      {
        "key": {
          "type": 0,
          "file": 2,
          "line": 37,
          "col": 3,
          "lit": "ssh-known-hosts"
        },
        "value": ""
      },
      {
        "key": {
          "type": 0,
          "file": 2,
          "line": 42,
          "col": 3,
          "lit": "ssh-strict"
        },
        "value": {
          "type": 0,
          "file": 2,
          "line": 47,
          "col": 14,
          "lit": "true"
        }
      },
      {
        "key": {
          "type": 0,
          "file": 2,
          "line": 48,
          "col": 3,
          "lit": "ssh-user"
        },
        "value": {
          "type": 0,
          "file": 2,
          "line": 51,
          "col": 14,
          "lit": "git"
        }
      },
      {
        "key": {
          "type": 0,
          "file": 2,
          "line": 52,
          "col": 3,
          "lit": "persist-credentials"
        },
        "value": {
          "type": 0,
          "file": 2,
          "line": 54,
          "col": 14,
          "lit": "true"
        }
      },
      {
        "key": {
          "type": 0,
          "file": 2,
          "line": 55,
          "col": 3,
          "lit": "path"
        },
        "value": ""
      },
      {
        "key": {
          "type": 0,
          "file": 2,
          "line": 57,
          "col": 3,
          "lit": "clean"
        },
        "value": {
          "type": 0,
          "file": 2,
          "line": 59,
          "col": 14,
          "lit": "true"
        }
      },
      {
        "key": {
          "type": 0,
          "file": 2,
          "line": 60,
          "col": 3,
          "lit": "filter"
        },
        "value": {
          "type": 0,
          "file": 2,
          "line": 64,
          "col": 14,
          "lit": ""
        }
      },
      {
        "key": {
          "type": 0,
          "file": 2,
          "line": 65,
          "col": 3,
          "lit": "sparse-checkout"
        },
        "value": {
          "type": 0,
          "file": 2,
          "line": 69,
          "col": 14,
          "lit": ""
        }
      },
      {
        "key": {
          "type": 0,
          "file": 2,
          "line": 70,
          "col": 3,
          "lit": "sparse-checkout-cone-mode"
        },
        "value": {
          "type": 0,
          "file": 2,
          "line": 73,
          "col": 14,
          "lit": "true"
        }
      },
      {
        "key": {
          "type": 0,
          "file": 2,
          "line": 74,
          "col": 3,
          "lit": "fetch-depth"
        },
        "value": {
          "type": 0,
          "file": 2,
          "line": 76,
          "col": 14,
          "lit": "1"
        }
      },
      {
        "key": {
          "type": 0,
          "file": 2,
          "line": 77,
          "col": 3,
          "lit": "fetch-tags"
        },
        "value": {
          "type": 0,
          "file": 2,
          "line": 79,
          "col": 14,
          "lit": "false"
        }
      },
      {
        "key": {
          "type": 0,
          "file": 2,
          "line": 80,
          "col": 3,
          "lit": "show-progress"
        },
        "value": {
          "type": 0,
          "file": 2,
          "line": 82,
          "col": 14,
          "lit": "true"
        }
      },
      {
        "key": {
          "type": 0,
          "file": 2,
          "line": 83,
          "col": 3,
          "lit": "lfs"
        },
        "value": {
          "type": 0,
          "file": 2,
          "line": 85,
          "col": 14,
          "lit": "false"
        }
      },
      {
        "key": {
          "type": 0,
          "file": 2,
          "line": 86,
          "col": 3,
          "lit": "submodules"
        },
        "value": {
          "type": 0,
          "file": 2,
          "line": 94,
          "col": 14,
          "lit": "false"
        }
      },
      {
        "key": {
          "type": 0,
          "file": 2,
          "line": 95,
          "col": 3,
          "lit": "set-safe-directory"
        },
        "value": {
          "type": 0,
          "file": 2,
          "line": 97,
          "col": 14,
          "lit": "true"
        }
      },
      {
        "key": {
          "type": 0,
          "file": 2,
          "line": 98,
          "col": 3,
          "lit": "github-server-url"
        },
        "value": ""
      },
      {
        "key": {
          "type": 0,
          "file": 2,
          "line": 101,
          "col": 3,
          "lit": "allow-unsafe-pr-checkout"
        },
        "value": {
          "type": 0,
          "file": 2,
          "line": 109,
          "col": 14,
          "lit": "false"
        }
      }
    ]
  },
  "execution": {
    "executionType": "nodeJS",
    "hasPre": false,
    "hasPost": true,
    "script": "dist/index.js",
    "pre": null,
    "post": "dist/index.js",
    "nodeVersion": "node20",
    "cleanupCondition": "always()",
    "initCondition": "always()"
  },
  "deprecated": null
}
[2026-08-04 07:18:45Z INFO ActionManager] Action node.js file: dist/index.js, no more preparation.
[2026-08-04 07:18:45Z INFO HostContext] Well known directory 'Bin': 'D:\nodejs\ecommerce-backened\actions-runner\bin'
[2026-08-04 07:18:45Z INFO HostContext] Well known directory 'Root': 'D:\nodejs\ecommerce-backened\actions-runner'
[2026-08-04 07:18:45Z INFO HostContext] Well known directory 'Work': 'D:\nodejs\ecommerce-backened\actions-runner\_work'
[2026-08-04 07:18:45Z INFO HostContext] Well known directory 'Actions': 'D:\nodejs\ecommerce-backened\actions-runner\_work\_actions'
[2026-08-04 07:18:45Z INFO ActionManager] Load action that reference repository from 'D:\nodejs\ecommerce-backened\actions-runner\_work\_actions\actions\checkout\v4'
[2026-08-04 07:18:45Z INFO HostContext] Well known directory 'Bin': 'D:\nodejs\ecommerce-backened\actions-runner\bin'
[2026-08-04 07:18:45Z INFO HostContext] Well known directory 'Root': 'D:\nodejs\ecommerce-backened\actions-runner'
[2026-08-04 07:18:45Z INFO HostContext] Well known directory 'Work': 'D:\nodejs\ecommerce-backened\actions-runner\_work'
[2026-08-04 07:18:45Z INFO HostContext] Well known directory 'Actions': 'D:\nodejs\ecommerce-backened\actions-runner\_work\_actions'
[2026-08-04 07:18:45Z INFO ActionManifestManagerLegacy] Loaded action.yml file: {
  "name": "Checkout",
  "description": "Checkout a Git repository at a particular version",
  "inputs": {
    "type": 2,
    "map": [
      {
        "key": {
          "type": 0,
          "file": 2,
          "line": 4,
          "col": 3,
          "lit": "repository"
        },
        "value": {
          "type": 3,
          "file": 2,
          "line": 6,
          "col": 14,
          "expr": "github.repository"
        }
      },
      {
        "key": {
          "type": 0,
          "file": 2,
          "line": 7,
          "col": 3,
          "lit": "ref"
        },
        "value": ""
      },
      {
        "key": {
          "type": 0,
          "file": 2,
          "line": 12,
          "col": 3,
          "lit": "token"
        },
        "value": {
          "type": 3,
          "file": 2,
          "line": 24,
          "col": 14,
          "expr": "github.token"
        }
      },
      {
        "key": {
          "type": 0,
          "file": 2,
          "line": 25,
          "col": 3,
          "lit": "ssh-key"
        },
        "value": ""
      },
      {
        "key": {
          "type": 0,
          "file": 2,
          "line": 37,
          "col": 3,
          "lit": "ssh-known-hosts"
        },
        "value": ""
      },
      {
        "key": {
          "type": 0,
          "file": 2,
          "line": 42,
          "col": 3,
          "lit": "ssh-strict"
        },
        "value": {
          "type": 0,
          "file": 2,
          "line": 47,
          "col": 14,
          "lit": "true"
        }
      },
      {
        "key": {
          "type": 0,
          "file": 2,
          "line": 48,
          "col": 3,
          "lit": "ssh-user"
        },
        "value": {
          "type": 0,
          "file": 2,
          "line": 51,
          "col": 14,
          "lit": "git"
        }
      },
      {
        "key": {
          "type": 0,
          "file": 2,
          "line": 52,
          "col": 3,
          "lit": "persist-credentials"
        },
        "value": {
          "type": 0,
          "file": 2,
          "line": 54,
          "col": 14,
          "lit": "true"
        }
      },
      {
        "key": {
          "type": 0,
          "file": 2,
          "line": 55,
          "col": 3,
          "lit": "path"
        },
        "value": ""
      },
      {
        "key": {
          "type": 0,
          "file": 2,
          "line": 57,
          "col": 3,
          "lit": "clean"
        },
        "value": {
          "type": 0,
          "file": 2,
          "line": 59,
          "col": 14,
          "lit": "true"
        }
      },
      {
        "key": {
          "type": 0,
          "file": 2,
          "line": 60,
          "col": 3,
          "lit": "filter"
        },
        "value": {
          "type": 0,
          "file": 2,
          "line": 64,
          "col": 14,
          "lit": ""
        }
      },
      {
        "key": {
          "type": 0,
          "file": 2,
          "line": 65,
          "col": 3,
          "lit": "sparse-checkout"
        },
        "value": {
          "type": 0,
          "file": 2,
          "line": 69,
          "col": 14,
          "lit": ""
        }
      },
      {
        "key": {
          "type": 0,
          "file": 2,
          "line": 70,
          "col": 3,
          "lit": "sparse-checkout-cone-mode"
        },
        "value": {
          "type": 0,
          "file": 2,
          "line": 73,
          "col": 14,
          "lit": "true"
        }
      },
      {
        "key": {
          "type": 0,
          "file": 2,
          "line": 74,
          "col": 3,
          "lit": "fetch-depth"
        },
        "value": {
          "type": 0,
          "file": 2,
          "line": 76,
          "col": 14,
          "lit": "1"
        }
      },
      {
        "key": {
          "type": 0,
          "file": 2,
          "line": 77,
          "col": 3,
          "lit": "fetch-tags"
        },
        "value": {
          "type": 0,
          "file": 2,
          "line": 79,
          "col": 14,
          "lit": "false"
        }
      },
      {
        "key": {
          "type": 0,
          "file": 2,
          "line": 80,
          "col": 3,
          "lit": "show-progress"
        },
        "value": {
          "type": 0,
          "file": 2,
          "line": 82,
          "col": 14,
          "lit": "true"
        }
      },
      {
        "key": {
          "type": 0,
          "file": 2,
          "line": 83,
          "col": 3,
          "lit": "lfs"
        },
        "value": {
          "type": 0,
          "file": 2,
          "line": 85,
          "col": 14,
          "lit": "false"
        }
      },
      {
        "key": {
          "type": 0,
          "file": 2,
          "line": 86,
          "col": 3,
          "lit": "submodules"
        },
        "value": {
          "type": 0,
          "file": 2,
          "line": 94,
          "col": 14,
          "lit": "false"
        }
      },
      {
        "key": {
          "type": 0,
          "file": 2,
          "line": 95,
          "col": 3,
          "lit": "set-safe-directory"
        },
        "value": {
          "type": 0,
          "file": 2,
          "line": 97,
          "col": 14,
          "lit": "true"
        }
      },
      {
        "key": {
          "type": 0,
          "file": 2,
          "line": 98,
          "col": 3,
          "lit": "github-server-url"
        },
        "value": ""
      },
      {
        "key": {
          "type": 0,
          "file": 2,
          "line": 101,
          "col": 3,
          "lit": "allow-unsafe-pr-checkout"
        },
        "value": {
          "type": 0,
          "file": 2,
          "line": 109,
          "col": 14,
          "lit": "false"
        }
      }
    ]
  },
  "execution": {
    "executionType": "nodeJS",
    "hasPre": false,
    "hasPost": true,
    "script": "dist/index.js",
    "pre": null,
    "post": "dist/index.js",
    "nodeVersion": "node20",
    "cleanupCondition": "always()",
    "initCondition": "always()"
  },
  "deprecated": null
}
[2026-08-04 07:18:45Z INFO ActionManager] Action pre node.js file: N/A.
[2026-08-04 07:18:45Z INFO ActionManager] Action node.js file: dist/index.js.
[2026-08-04 07:18:45Z INFO ActionManager] Action post node.js file: dist/index.js.
[2026-08-04 07:18:45Z INFO HostContext] Well known directory 'Bin': 'D:\nodejs\ecommerce-backened\actions-runner\bin'
[2026-08-04 07:18:45Z INFO HostContext] Well known directory 'Root': 'D:\nodejs\ecommerce-backened\actions-runner'
[2026-08-04 07:18:45Z INFO HostContext] Well known directory 'Work': 'D:\nodejs\ecommerce-backened\actions-runner\_work'
[2026-08-04 07:18:45Z INFO HostContext] Well known directory 'Actions': 'D:\nodejs\ecommerce-backened\actions-runner\_work\_actions'
[2026-08-04 07:18:45Z INFO HostContext] Well known directory 'Bin': 'D:\nodejs\ecommerce-backened\actions-runner\bin'
[2026-08-04 07:18:45Z INFO HostContext] Well known directory 'Root': 'D:\nodejs\ecommerce-backened\actions-runner'
[2026-08-04 07:18:45Z INFO HostContext] Well known directory 'Work': 'D:\nodejs\ecommerce-backened\actions-runner\_work'
[2026-08-04 07:18:45Z INFO HostContext] Well known directory 'Actions': 'D:\nodejs\ecommerce-backened\actions-runner\_work\_actions'
[2026-08-04 07:18:45Z INFO ActionManifestManagerLegacy] Ignore action property author.
[2026-08-04 07:18:45Z INFO ActionManifestManagerLegacy] Loaded action.yml file: {
  "name": "Setup Node.js environment",
  "description": "Setup a Node.js environment by adding problem matchers and optionally downloading and adding it to the PATH.",
  "inputs": {
    "type": 2,
    "map": [
      {
        "key": {
          "type": 0,
          "file": 3,
          "line": 5,
          "col": 3,
          "lit": "always-auth"
        },
        "value": {
          "type": 0,
          "file": 3,
          "line": 7,
          "col": 14,
          "lit": "false"
        }
      },
      {
        "key": {
          "type": 0,
          "file": 3,
          "line": 8,
          "col": 3,
          "lit": "node-version"
        },
        "value": ""
      },
      {
        "key": {
          "type": 0,
          "file": 3,
          "line": 10,
          "col": 3,
          "lit": "node-version-file"
        },
        "value": ""
      },
      {
        "key": {
          "type": 0,
          "file": 3,
          "line": 12,
          "col": 3,
          "lit": "architecture"
        },
        "value": ""
      },
      {
        "key": {
          "type": 0,
          "file": 3,
          "line": 14,
          "col": 3,
          "lit": "check-latest"
        },
        "value": {
          "type": 0,
          "file": 3,
          "line": 16,
          "col": 14,
          "lit": "false"
        }
      },
      {
        "key": {
          "type": 0,
          "file": 3,
          "line": 17,
          "col": 3,
          "lit": "registry-url"
        },
        "value": ""
      },
      {
        "key": {
          "type": 0,
          "file": 3,
          "line": 19,
          "col": 3,
          "lit": "scope"
        },
        "value": ""
      },
      {
        "key": {
          "type": 0,
          "file": 3,
          "line": 21,
          "col": 3,
          "lit": "token"
        },
        "value": {
          "type": 3,
          "file": 3,
          "line": 23,
          "col": 14,
          "expr": "github.server_url == 'https://github.com' && github.token || ''"
        }
      },
      {
        "key": {
          "type": 0,
          "file": 3,
          "line": 24,
          "col": 3,
          "lit": "cache"
        },
        "value": ""
      },
      {
        "key": {
          "type": 0,
          "file": 3,
          "line": 26,
          "col": 3,
          "lit": "cache-dependency-path"
        },
        "value": ""
      },
      {
        "key": {
          "type": 0,
          "file": 3,
          "line": 28,
          "col": 3,
          "lit": "mirror"
        },
        "value": ""
      },
      {
        "key": {
          "type": 0,
          "file": 3,
          "line": 30,
          "col": 3,
          "lit": "mirror-token"
        },
        "value": ""
      }
    ]
  },
  "execution": {
    "executionType": "nodeJS",
    "hasPre": false,
    "hasPost": true,
    "script": "dist/setup/index.js",
    "pre": null,
    "post": "dist/cache-save/index.js",
    "nodeVersion": "node20",
    "cleanupCondition": "success()",
    "initCondition": "always()"
  },
  "deprecated": null
}
[2026-08-04 07:18:45Z INFO ActionManager] Action node.js file: dist/setup/index.js, no more preparation.
[2026-08-04 07:18:45Z INFO HostContext] Well known directory 'Bin': 'D:\nodejs\ecommerce-backened\actions-runner\bin'
[2026-08-04 07:18:45Z INFO HostContext] Well known directory 'Root': 'D:\nodejs\ecommerce-backened\actions-runner'
[2026-08-04 07:18:45Z INFO HostContext] Well known directory 'Work': 'D:\nodejs\ecommerce-backened\actions-runner\_work'
[2026-08-04 07:18:45Z INFO HostContext] Well known directory 'Actions': 'D:\nodejs\ecommerce-backened\actions-runner\_work\_actions'
[2026-08-04 07:18:45Z INFO ActionManager] Load action that reference repository from 'D:\nodejs\ecommerce-backened\actions-runner\_work\_actions\actions\setup-node\v4'
[2026-08-04 07:18:46Z INFO HostContext] Well known directory 'Bin': 'D:\nodejs\ecommerce-backened\actions-runner\bin'
[2026-08-04 07:18:46Z INFO HostContext] Well known directory 'Root': 'D:\nodejs\ecommerce-backened\actions-runner'
[2026-08-04 07:18:46Z INFO HostContext] Well known directory 'Work': 'D:\nodejs\ecommerce-backened\actions-runner\_work'
[2026-08-04 07:18:46Z INFO HostContext] Well known directory 'Actions': 'D:\nodejs\ecommerce-backened\actions-runner\_work\_actions'
[2026-08-04 07:18:46Z INFO ActionManifestManagerLegacy] Ignore action property author.
[2026-08-04 07:18:46Z INFO ActionManifestManagerLegacy] Loaded action.yml file: {
  "name": "Setup Node.js environment",
  "description": "Setup a Node.js environment by adding problem matchers and optionally downloading and adding it to the PATH.",
  "inputs": {
    "type": 2,
    "map": [
      {
        "key": {
          "type": 0,
          "file": 3,
          "line": 5,
          "col": 3,
          "lit": "always-auth"
        },
        "value": {
          "type": 0,
          "file": 3,
          "line": 7,
          "col": 14,
          "lit": "false"
        }
      },
      {
        "key": {
          "type": 0,
          "file": 3,
          "line": 8,
          "col": 3,
          "lit": "node-version"
        },
        "value": ""
      },
      {
        "key": {
          "type": 0,
          "file": 3,
          "line": 10,
          "col": 3,
          "lit": "node-version-file"
        },
        "value": ""
      },
      {
        "key": {
          "type": 0,
          "file": 3,
          "line": 12,
          "col": 3,
          "lit": "architecture"
        },
        "value": ""
      },
      {
        "key": {
          "type": 0,
          "file": 3,
          "line": 14,
          "col": 3,
          "lit": "check-latest"
        },
        "value": {
          "type": 0,
          "file": 3,
          "line": 16,
          "col": 14,
          "lit": "false"
        }
      },
      {
        "key": {
          "type": 0,
          "file": 3,
          "line": 17,
          "col": 3,
          "lit": "registry-url"
        },
        "value": ""
      },
      {
        "key": {
          "type": 0,
          "file": 3,
          "line": 19,
          "col": 3,
          "lit": "scope"
        },
        "value": ""
      },
      {
        "key": {
          "type": 0,
          "file": 3,
          "line": 21,
          "col": 3,
          "lit": "token"
        },
        "value": {
          "type": 3,
          "file": 3,
          "line": 23,
          "col": 14,
          "expr": "github.server_url == 'https://github.com' && github.token || ''"
        }
      },
      {
        "key": {
          "type": 0,
          "file": 3,
          "line": 24,
          "col": 3,
          "lit": "cache"
        },
        "value": ""
      },
      {
        "key": {
          "type": 0,
          "file": 3,
          "line": 26,
          "col": 3,
          "lit": "cache-dependency-path"
        },
        "value": ""
      },
      {
        "key": {
          "type": 0,
          "file": 3,
          "line": 28,
          "col": 3,
          "lit": "mirror"
        },
        "value": ""
      },
      {
        "key": {
          "type": 0,
          "file": 3,
          "line": 30,
          "col": 3,
          "lit": "mirror-token"
        },
        "value": ""
      }
    ]
  },
  "execution": {
    "executionType": "nodeJS",
    "hasPre": false,
    "hasPost": true,
    "script": "dist/setup/index.js",
    "pre": null,
    "post": "dist/cache-save/index.js",
    "nodeVersion": "node20",
    "cleanupCondition": "success()",
    "initCondition": "always()"
  },
  "deprecated": null
}
[2026-08-04 07:18:46Z INFO ActionManager] Action pre node.js file: N/A.
[2026-08-04 07:18:46Z INFO ActionManager] Action node.js file: dist/setup/index.js.
[2026-08-04 07:18:46Z INFO ActionManager] Action post node.js file: dist/cache-save/index.js.
[2026-08-04 07:18:46Z INFO JobExtension] Adding .
[2026-08-04 07:18:46Z INFO JobExtension] Adding .
[2026-08-04 07:18:46Z INFO JobExtension] Adding .
[2026-08-04 07:18:46Z INFO JobExtension] Adding .
[2026-08-04 07:18:46Z INFO JobExtension] Adding .
[2026-08-04 07:18:46Z INFO JobExtension] Adding .
[2026-08-04 07:18:46Z INFO JobExtension] Adding .
[2026-08-04 07:18:46Z INFO HostContext] Well known directory 'Bin': 'D:\nodejs\ecommerce-backened\actions-runner\bin'
[2026-08-04 07:18:46Z INFO HostContext] Well known directory 'Root': 'D:\nodejs\ecommerce-backened\actions-runner'
[2026-08-04 07:18:46Z INFO HostContext] Well known directory 'Diag': 'D:\nodejs\ecommerce-backened\actions-runner\_diag'
[2026-08-04 07:18:46Z INFO HostContext] Well known directory 'Bin': 'D:\nodejs\ecommerce-backened\actions-runner\bin'
[2026-08-04 07:18:46Z INFO HostContext] Well known directory 'Root': 'D:\nodejs\ecommerce-backened\actions-runner'
[2026-08-04 07:18:46Z INFO HostContext] Well known directory 'Diag': 'D:\nodejs\ecommerce-backened\actions-runner\_diag'
[2026-08-04 07:18:46Z INFO HostContext] Well known directory 'Bin': 'D:\nodejs\ecommerce-backened\actions-runner\bin'
[2026-08-04 07:18:46Z INFO HostContext] Well known directory 'Root': 'D:\nodejs\ecommerce-backened\actions-runner'
[2026-08-04 07:18:46Z INFO HostContext] Well known directory 'Diag': 'D:\nodejs\ecommerce-backened\actions-runner\_diag'
[2026-08-04 07:18:46Z INFO HostContext] Well known directory 'Bin': 'D:\nodejs\ecommerce-backened\actions-runner\bin'
[2026-08-04 07:18:46Z INFO HostContext] Well known directory 'Root': 'D:\nodejs\ecommerce-backened\actions-runner'
[2026-08-04 07:18:46Z INFO HostContext] Well known directory 'Diag': 'D:\nodejs\ecommerce-backened\actions-runner\_diag'
[2026-08-04 07:18:46Z INFO HostContext] Well known directory 'Bin': 'D:\nodejs\ecommerce-backened\actions-runner\bin'
[2026-08-04 07:18:46Z INFO HostContext] Well known directory 'Root': 'D:\nodejs\ecommerce-backened\actions-runner'
[2026-08-04 07:18:46Z INFO HostContext] Well known directory 'Diag': 'D:\nodejs\ecommerce-backened\actions-runner\_diag'
[2026-08-04 07:18:46Z INFO HostContext] Well known directory 'Bin': 'D:\nodejs\ecommerce-backened\actions-runner\bin'
[2026-08-04 07:18:46Z INFO HostContext] Well known directory 'Root': 'D:\nodejs\ecommerce-backened\actions-runner'
[2026-08-04 07:18:46Z INFO HostContext] Well known directory 'Diag': 'D:\nodejs\ecommerce-backened\actions-runner\_diag'
[2026-08-04 07:18:46Z INFO HostContext] Well known directory 'Bin': 'D:\nodejs\ecommerce-backened\actions-runner\bin'
[2026-08-04 07:18:46Z INFO HostContext] Well known directory 'Root': 'D:\nodejs\ecommerce-backened\actions-runner'
[2026-08-04 07:18:46Z INFO HostContext] Well known directory 'Diag': 'D:\nodejs\ecommerce-backened\actions-runner\_diag'
[2026-08-04 07:18:46Z INFO HostContext] Well known directory 'Bin': 'D:\nodejs\ecommerce-backened\actions-runner\bin'
[2026-08-04 07:18:46Z INFO HostContext] Well known directory 'Root': 'D:\nodejs\ecommerce-backened\actions-runner'
[2026-08-04 07:18:46Z INFO HostContext] Well known directory 'Diag': 'D:\nodejs\ecommerce-backened\actions-runner\_diag'
[2026-08-04 07:18:46Z INFO HostContext] Well known directory 'Bin': 'D:\nodejs\ecommerce-backened\actions-runner\bin'
[2026-08-04 07:18:46Z INFO HostContext] Well known directory 'Root': 'D:\nodejs\ecommerce-backened\actions-runner'
[2026-08-04 07:18:46Z INFO HostContext] Well known directory 'Diag': 'D:\nodejs\ecommerce-backened\actions-runner\_diag'
[2026-08-04 07:18:46Z INFO HostContext] Well known directory 'Bin': 'D:\nodejs\ecommerce-backened\actions-runner\bin'
[2026-08-04 07:18:46Z INFO HostContext] Well known directory 'Root': 'D:\nodejs\ecommerce-backened\actions-runner'
[2026-08-04 07:18:46Z INFO HostContext] Well known directory 'Diag': 'D:\nodejs\ecommerce-backened\actions-runner\_diag'
[2026-08-04 07:18:46Z INFO HostContext] Well known directory 'Bin': 'D:\nodejs\ecommerce-backened\actions-runner\bin'
[2026-08-04 07:18:46Z INFO HostContext] Well known directory 'Root': 'D:\nodejs\ecommerce-backened\actions-runner'
[2026-08-04 07:18:46Z INFO HostContext] Well known directory 'Diag': 'D:\nodejs\ecommerce-backened\actions-runner\_diag'
[2026-08-04 07:18:46Z INFO HostContext] Well known directory 'Bin': 'D:\nodejs\ecommerce-backened\actions-runner\bin'
[2026-08-04 07:18:46Z INFO HostContext] Well known directory 'Root': 'D:\nodejs\ecommerce-backened\actions-runner'
[2026-08-04 07:18:46Z INFO HostContext] Well known directory 'Diag': 'D:\nodejs\ecommerce-backened\actions-runner\_diag'
[2026-08-04 07:18:46Z INFO HostContext] Well known directory 'Bin': 'D:\nodejs\ecommerce-backened\actions-runner\bin'
[2026-08-04 07:18:46Z INFO HostContext] Well known directory 'Root': 'D:\nodejs\ecommerce-backened\actions-runner'
[2026-08-04 07:18:46Z INFO HostContext] Well known directory 'Diag': 'D:\nodejs\ecommerce-backened\actions-runner\_diag'
[2026-08-04 07:18:46Z INFO HostContext] Well known directory 'Bin': 'D:\nodejs\ecommerce-backened\actions-runner\bin'
[2026-08-04 07:18:46Z INFO HostContext] Well known directory 'Root': 'D:\nodejs\ecommerce-backened\actions-runner'
[2026-08-04 07:18:46Z INFO HostContext] Well known directory 'Diag': 'D:\nodejs\ecommerce-backened\actions-runner\_diag'
[2026-08-04 07:18:46Z INFO JobExtension] Total accessible running process: 275.
[2026-08-04 07:18:46Z INFO JobServerQueue] Try to append 1 batches web console lines for record '702f4d08-776c-4120-a8c0-d8b1e54adbac', success rate: 1/1.
[2026-08-04 07:18:46Z INFO HostContext] Well known directory 'Bin': 'D:\nodejs\ecommerce-backened\actions-runner\bin'
[2026-08-04 07:18:46Z INFO HostContext] Well known directory 'Root': 'D:\nodejs\ecommerce-backened\actions-runner'
[2026-08-04 07:18:46Z INFO HostContext] Well known directory 'Work': 'D:\nodejs\ecommerce-backened\actions-runner\_work'
[2026-08-04 07:18:46Z INFO JobExtension] Start checking server connectivity.
[2026-08-04 07:18:46Z INFO JobExtension] Check server connectivity for https://broker.actions.githubusercontent.com/health.
[2026-08-04 07:18:46Z INFO JobExtension] Check server connectivity for https://token.actions.githubusercontent.com/ready.
[2026-08-04 07:18:46Z INFO JobExtension] Check server connectivity for https://run.actions.githubusercontent.com/health.
[2026-08-04 07:18:46Z INFO JobExtension] Start checking service connectivity in background.
[2026-08-04 07:18:46Z INFO ExecutionContext] Publish step telemetry for current step {
  "action": "setup_job",
  "type": "runner",
  "stage": "Pre",
  "stepId": "702f4d08-776c-4120-a8c0-d8b1e54adbac",
  "result": "succeeded",
  "errorMessages": [],
  "executionTimeInSeconds": 7,
  "startTime": "2026-08-04T07:18:39.6067104Z",
  "finishTime": "2026-08-04T07:18:46.1104518Z"
}.
[2026-08-04 07:18:46Z INFO JobRunner] Total job steps: 7.
[2026-08-04 07:18:46Z INFO JobRunner] Run all job steps.
[2026-08-04 07:18:46Z INFO DapDebugger] DapDebugger initialized
[2026-08-04 07:18:46Z INFO StepsRunner] Processing step: DisplayName='Checkout Code'
[2026-08-04 07:18:46Z INFO StepsRunner] Evaluating: success()
[2026-08-04 07:18:46Z INFO StepsRunner] Result: true
[2026-08-04 07:18:46Z INFO StepsRunner] Starting the step.
[2026-08-04 07:18:46Z INFO HostContext] Well known directory 'Bin': 'D:\nodejs\ecommerce-backened\actions-runner\bin'
[2026-08-04 07:18:46Z INFO HostContext] Well known directory 'Root': 'D:\nodejs\ecommerce-backened\actions-runner'
[2026-08-04 07:18:46Z INFO HostContext] Well known directory 'Work': 'D:\nodejs\ecommerce-backened\actions-runner\_work'
[2026-08-04 07:18:46Z INFO StepsRunner] Which2: 'chcp'
[2026-08-04 07:18:46Z INFO StepsRunner] Location: 'C:\WINDOWS\system32\chcp.COM'
[2026-08-04 07:18:46Z INFO ProcessInvokerWrapper] Starting process:
[2026-08-04 07:18:46Z INFO ProcessInvokerWrapper]   File name: 'C:\WINDOWS\system32\chcp.COM'
[2026-08-04 07:18:46Z INFO ProcessInvokerWrapper]   Arguments: '65001'
[2026-08-04 07:18:46Z INFO ProcessInvokerWrapper]   Working directory: 'D:\nodejs\ecommerce-backened\actions-runner\_work'
[2026-08-04 07:18:46Z INFO ProcessInvokerWrapper]   Require exit code zero: 'False'
[2026-08-04 07:18:46Z INFO ProcessInvokerWrapper]   Encoding web name:  ; code page: ''
[2026-08-04 07:18:46Z INFO ProcessInvokerWrapper]   Force kill process on cancellation: 'False'
[2026-08-04 07:18:46Z INFO ProcessInvokerWrapper]   Redirected STDIN: 'False'
[2026-08-04 07:18:46Z INFO ProcessInvokerWrapper]   Persist current code page: 'True'
[2026-08-04 07:18:46Z INFO ProcessInvokerWrapper]   Keep redirected STDIN open: 'False'
[2026-08-04 07:18:46Z INFO ProcessInvokerWrapper]   High priority process: 'False'
[2026-08-04 07:18:46Z INFO ProcessInvokerWrapper] Process started with process id 18612, waiting for process exit.
[2026-08-04 07:18:46Z INFO ProcessInvokerWrapper] STDOUT/STDERR stream read finished.
[2026-08-04 07:18:46Z INFO ProcessInvokerWrapper] STDOUT/STDERR stream read finished.
[2026-08-04 07:18:46Z INFO ProcessInvokerWrapper] Finished process 18612 with exit code 0, and elapsed time 00:00:00.0378838.
[2026-08-04 07:18:46Z INFO StepsRunner] Successfully returned to code page 65001 (UTF8)
[2026-08-04 07:18:46Z INFO HostContext] Well known directory 'Bin': 'D:\nodejs\ecommerce-backened\actions-runner\bin'
[2026-08-04 07:18:46Z INFO HostContext] Well known directory 'Root': 'D:\nodejs\ecommerce-backened\actions-runner'
[2026-08-04 07:18:46Z INFO HostContext] Well known directory 'Work': 'D:\nodejs\ecommerce-backened\actions-runner\_work'
[2026-08-04 07:18:46Z INFO HostContext] Well known directory 'Actions': 'D:\nodejs\ecommerce-backened\actions-runner\_work\_actions'
[2026-08-04 07:18:46Z INFO ActionManager] Load action that reference repository from 'D:\nodejs\ecommerce-backened\actions-runner\_work\_actions\actions\checkout\v4'
[2026-08-04 07:18:46Z INFO HostContext] Well known directory 'Bin': 'D:\nodejs\ecommerce-backened\actions-runner\bin'
[2026-08-04 07:18:46Z INFO HostContext] Well known directory 'Root': 'D:\nodejs\ecommerce-backened\actions-runner'
[2026-08-04 07:18:46Z INFO HostContext] Well known directory 'Work': 'D:\nodejs\ecommerce-backened\actions-runner\_work'
[2026-08-04 07:18:46Z INFO HostContext] Well known directory 'Actions': 'D:\nodejs\ecommerce-backened\actions-runner\_work\_actions'
[2026-08-04 07:18:46Z INFO ActionManifestManagerLegacy] Loaded action.yml file: {
  "name": "Checkout",
  "description": "Checkout a Git repository at a particular version",
  "inputs": {
    "type": 2,
    "map": [
      {
        "key": {
          "type": 0,
          "file": 2,
          "line": 4,
          "col": 3,
          "lit": "repository"
        },
        "value": {
          "type": 3,
          "file": 2,
          "line": 6,
          "col": 14,
          "expr": "github.repository"
        }
      },
      {
        "key": {
          "type": 0,
          "file": 2,
          "line": 7,
          "col": 3,
          "lit": "ref"
        },
        "value": ""
      },
      {
        "key": {
          "type": 0,
          "file": 2,
          "line": 12,
          "col": 3,
          "lit": "token"
        },
        "value": {
          "type": 3,
          "file": 2,
          "line": 24,
          "col": 14,
          "expr": "github.token"
        }
      },
      {
        "key": {
          "type": 0,
          "file": 2,
          "line": 25,
          "col": 3,
          "lit": "ssh-key"
        },
        "value": ""
      },
      {
        "key": {
          "type": 0,
          "file": 2,
          "line": 37,
          "col": 3,
          "lit": "ssh-known-hosts"
        },
        "value": ""
      },
      {
        "key": {
          "type": 0,
          "file": 2,
          "line": 42,
          "col": 3,
          "lit": "ssh-strict"
        },
        "value": {
          "type": 0,
          "file": 2,
          "line": 47,
          "col": 14,
          "lit": "true"
        }
      },
      {
        "key": {
          "type": 0,
          "file": 2,
          "line": 48,
          "col": 3,
          "lit": "ssh-user"
        },
        "value": {
          "type": 0,
          "file": 2,
          "line": 51,
          "col": 14,
          "lit": "git"
        }
      },
      {
        "key": {
          "type": 0,
          "file": 2,
          "line": 52,
          "col": 3,
          "lit": "persist-credentials"
        },
        "value": {
          "type": 0,
          "file": 2,
          "line": 54,
          "col": 14,
          "lit": "true"
        }
      },
      {
        "key": {
          "type": 0,
          "file": 2,
          "line": 55,
          "col": 3,
          "lit": "path"
        },
        "value": ""
      },
      {
        "key": {
          "type": 0,
          "file": 2,
          "line": 57,
          "col": 3,
          "lit": "clean"
        },
        "value": {
          "type": 0,
          "file": 2,
          "line": 59,
          "col": 14,
          "lit": "true"
        }
      },
      {
        "key": {
          "type": 0,
          "file": 2,
          "line": 60,
          "col": 3,
          "lit": "filter"
        },
        "value": {
          "type": 0,
          "file": 2,
          "line": 64,
          "col": 14,
          "lit": ""
        }
      },
      {
        "key": {
          "type": 0,
          "file": 2,
          "line": 65,
          "col": 3,
          "lit": "sparse-checkout"
        },
        "value": {
          "type": 0,
          "file": 2,
          "line": 69,
          "col": 14,
          "lit": ""
        }
      },
      {
        "key": {
          "type": 0,
          "file": 2,
          "line": 70,
          "col": 3,
          "lit": "sparse-checkout-cone-mode"
        },
        "value": {
          "type": 0,
          "file": 2,
          "line": 73,
          "col": 14,
          "lit": "true"
        }
      },
      {
        "key": {
          "type": 0,
          "file": 2,
          "line": 74,
          "col": 3,
          "lit": "fetch-depth"
        },
        "value": {
          "type": 0,
          "file": 2,
          "line": 76,
          "col": 14,
          "lit": "1"
        }
      },
      {
        "key": {
          "type": 0,
          "file": 2,
          "line": 77,
          "col": 3,
          "lit": "fetch-tags"
        },
        "value": {
          "type": 0,
          "file": 2,
          "line": 79,
          "col": 14,
          "lit": "false"
        }
      },
      {
        "key": {
          "type": 0,
          "file": 2,
          "line": 80,
          "col": 3,
          "lit": "show-progress"
        },
        "value": {
          "type": 0,
          "file": 2,
          "line": 82,
          "col": 14,
          "lit": "true"
        }
      },
      {
        "key": {
          "type": 0,
          "file": 2,
          "line": 83,
          "col": 3,
          "lit": "lfs"
        },
        "value": {
          "type": 0,
          "file": 2,
          "line": 85,
          "col": 14,
          "lit": "false"
        }
      },
      {
        "key": {
          "type": 0,
          "file": 2,
          "line": 86,
          "col": 3,
          "lit": "submodules"
        },
        "value": {
          "type": 0,
          "file": 2,
          "line": 94,
          "col": 14,
          "lit": "false"
        }
      },
      {
        "key": {
          "type": 0,
          "file": 2,
          "line": 95,
          "col": 3,
          "lit": "set-safe-directory"
        },
        "value": {
          "type": 0,
          "file": 2,
          "line": 97,
          "col": 14,
          "lit": "true"
        }
      },
      {
        "key": {
          "type": 0,
          "file": 2,
          "line": 98,
          "col": 3,
          "lit": "github-server-url"
        },
        "value": ""
      },
      {
        "key": {
          "type": 0,
          "file": 2,
          "line": 101,
          "col": 3,
          "lit": "allow-unsafe-pr-checkout"
        },
        "value": {
          "type": 0,
          "file": 2,
          "line": 109,
          "col": 14,
          "lit": "false"
        }
      }
    ]
  },
  "execution": {
    "executionType": "nodeJS",
    "hasPre": false,
    "hasPost": true,
    "script": "dist/index.js",
    "pre": null,
    "post": "dist/index.js",
    "nodeVersion": "node20",
    "cleanupCondition": "always()",
    "initCondition": "always()"
  },
  "deprecated": null
}
[2026-08-04 07:18:46Z INFO ActionManager] Action pre node.js file: N/A.
[2026-08-04 07:18:46Z INFO ActionManager] Action node.js file: dist/index.js.
[2026-08-04 07:18:46Z INFO ActionManager] Action post node.js file: dist/index.js.
[2026-08-04 07:18:46Z INFO ExecutionContext] Reserve record order 9 to 16 for post job actions.
[2026-08-04 07:18:46Z INFO HostContext] Well known directory 'Bin': 'D:\nodejs\ecommerce-backened\actions-runner\bin'
[2026-08-04 07:18:46Z INFO HostContext] Well known directory 'Root': 'D:\nodejs\ecommerce-backened\actions-runner'
[2026-08-04 07:18:46Z INFO HostContext] Well known directory 'Diag': 'D:\nodejs\ecommerce-backened\actions-runner\_diag'
[2026-08-04 07:18:46Z INFO HostContext] Well known directory 'Bin': 'D:\nodejs\ecommerce-backened\actions-runner\bin'
[2026-08-04 07:18:46Z INFO HostContext] Well known directory 'Root': 'D:\nodejs\ecommerce-backened\actions-runner'
[2026-08-04 07:18:46Z INFO HostContext] Well known directory 'Diag': 'D:\nodejs\ecommerce-backened\actions-runner\_diag'
[2026-08-04 07:18:46Z INFO HostContext] Well known directory 'Bin': 'D:\nodejs\ecommerce-backened\actions-runner\bin'
[2026-08-04 07:18:46Z INFO HostContext] Well known directory 'Root': 'D:\nodejs\ecommerce-backened\actions-runner'
[2026-08-04 07:18:46Z INFO HostContext] Well known directory 'Work': 'D:\nodejs\ecommerce-backened\actions-runner\_work'
[2026-08-04 07:18:46Z INFO HostContext] Well known directory 'Temp': 'D:\nodejs\ecommerce-backened\actions-runner\_work\_temp'
[2026-08-04 07:18:46Z INFO ExecutionContext] Write event payload to D:\nodejs\ecommerce-backened\actions-runner\_work\_temp\_github_workflow\event.json
[2026-08-04 07:18:46Z INFO HostContext] Well known directory 'Bin': 'D:\nodejs\ecommerce-backened\actions-runner\bin'
[2026-08-04 07:18:46Z INFO HostContext] Well known directory 'Root': 'D:\nodejs\ecommerce-backened\actions-runner'
[2026-08-04 07:18:46Z INFO HostContext] Well known directory 'Work': 'D:\nodejs\ecommerce-backened\actions-runner\_work'
[2026-08-04 07:18:46Z INFO HostContext] Well known directory 'Temp': 'D:\nodejs\ecommerce-backened\actions-runner\_work\_temp'
[2026-08-04 07:18:46Z INFO ExtensionManager] Getting extensions for interface: 'GitHub.Runner.Worker.IFileCommandExtension'
[2026-08-04 07:18:46Z INFO ExtensionManager] Creating instance: GitHub.Runner.Worker.AddPathFileCommand, Runner.Worker
[2026-08-04 07:18:46Z INFO ExtensionManager] Creating instance: GitHub.Runner.Worker.SetEnvFileCommand, Runner.Worker
[2026-08-04 07:18:46Z INFO ExtensionManager] Creating instance: GitHub.Runner.Worker.CreateStepSummaryCommand, Runner.Worker
[2026-08-04 07:18:46Z INFO ExtensionManager] Creating instance: GitHub.Runner.Worker.SaveStateFileCommand, Runner.Worker
[2026-08-04 07:18:46Z INFO ExtensionManager] Creating instance: GitHub.Runner.Worker.SetOutputFileCommand, Runner.Worker
[2026-08-04 07:18:46Z INFO ExtensionManager] Creating instance: GitHub.Runner.Worker.CreateArtifactsFileCommand, Runner.Worker
[2026-08-04 07:18:46Z INFO ExtensionManager] Creating instance: GitHub.Runner.Worker.ArtifactsListFileCommand, Runner.Worker
[2026-08-04 07:18:46Z INFO ActionManifestManagerLegacy] Input 'repository': default value evaluate result: {
  "type": 0,
  "file": 2,
  "line": 6,
  "col": 14,
  "lit": "CryptonFuture/Ecommerce_backened"
}
[2026-08-04 07:18:46Z INFO ActionManifestManagerLegacy] Input 'ref': default value evaluate result: ""
[2026-08-04 07:18:46Z INFO ActionManifestManagerLegacy] Input 'token': default value evaluate result: {
  "type": 0,
  "file": 2,
  "line": 24,
  "col": 14,
  "lit": "***"
}
[2026-08-04 07:18:46Z INFO ActionManifestManagerLegacy] Input 'ssh-key': default value evaluate result: ""
[2026-08-04 07:18:46Z INFO ActionManifestManagerLegacy] Input 'ssh-known-hosts': default value evaluate result: ""
[2026-08-04 07:18:46Z INFO ActionManifestManagerLegacy] Input 'ssh-strict': default value evaluate result: {
  "type": 0,
  "file": 2,
  "line": 47,
  "col": 14,
  "lit": "true"
}
[2026-08-04 07:18:46Z INFO ActionManifestManagerLegacy] Input 'ssh-user': default value evaluate result: {
  "type": 0,
  "file": 2,
  "line": 51,
  "col": 14,
  "lit": "git"
}
[2026-08-04 07:18:46Z INFO ActionManifestManagerLegacy] Input 'persist-credentials': default value evaluate result: {
  "type": 0,
  "file": 2,
  "line": 54,
  "col": 14,
  "lit": "true"
}
[2026-08-04 07:18:46Z INFO ActionManifestManagerLegacy] Input 'path': default value evaluate result: ""
[2026-08-04 07:18:46Z INFO ActionManifestManagerLegacy] Input 'clean': default value evaluate result: {
  "type": 0,
  "file": 2,
  "line": 59,
  "col": 14,
  "lit": "true"
}
[2026-08-04 07:18:46Z INFO ActionManifestManagerLegacy] Input 'filter': default value evaluate result: {
  "type": 0,
  "file": 2,
  "line": 64,
  "col": 14,
  "lit": ""
}
[2026-08-04 07:18:46Z INFO ActionManifestManagerLegacy] Input 'sparse-checkout': default value evaluate result: {
  "type": 0,
  "file": 2,
  "line": 69,
  "col": 14,
  "lit": ""
}
[2026-08-04 07:18:46Z INFO ActionManifestManagerLegacy] Input 'sparse-checkout-cone-mode': default value evaluate result: {
  "type": 0,
  "file": 2,
  "line": 73,
  "col": 14,
  "lit": "true"
}
[2026-08-04 07:18:46Z INFO ActionManifestManagerLegacy] Input 'fetch-depth': default value evaluate result: {
  "type": 0,
  "file": 2,
  "line": 76,
  "col": 14,
  "lit": "1"
}
[2026-08-04 07:18:46Z INFO ActionManifestManagerLegacy] Input 'fetch-tags': default value evaluate result: {
  "type": 0,
  "file": 2,
  "line": 79,
  "col": 14,
  "lit": "false"
}
[2026-08-04 07:18:46Z INFO ActionManifestManagerLegacy] Input 'show-progress': default value evaluate result: {
  "type": 0,
  "file": 2,
  "line": 82,
  "col": 14,
  "lit": "true"
}
[2026-08-04 07:18:46Z INFO ActionManifestManagerLegacy] Input 'lfs': default value evaluate result: {
  "type": 0,
  "file": 2,
  "line": 85,
  "col": 14,
  "lit": "false"
}
[2026-08-04 07:18:46Z INFO ActionManifestManagerLegacy] Input 'submodules': default value evaluate result: {
  "type": 0,
  "file": 2,
  "line": 94,
  "col": 14,
  "lit": "false"
}
[2026-08-04 07:18:46Z INFO ActionManifestManagerLegacy] Input 'set-safe-directory': default value evaluate result: {
  "type": 0,
  "file": 2,
  "line": 97,
  "col": 14,
  "lit": "true"
}
[2026-08-04 07:18:46Z INFO ActionManifestManagerLegacy] Input 'github-server-url': default value evaluate result: ""
[2026-08-04 07:18:46Z INFO ActionManifestManagerLegacy] Input 'allow-unsafe-pr-checkout': default value evaluate result: {
  "type": 0,
  "file": 2,
  "line": 109,
  "col": 14,
  "lit": "false"
}
[2026-08-04 07:18:46Z INFO ExtensionManager] Getting extensions for interface: 'GitHub.Runner.Worker.IActionCommandExtension'
[2026-08-04 07:18:46Z INFO ExtensionManager] Creating instance: GitHub.Runner.Worker.InternalPluginSetRepoPathCommandExtension, Runner.Worker
[2026-08-04 07:18:46Z INFO ExtensionManager] Creating instance: GitHub.Runner.Worker.SetEnvCommandExtension, Runner.Worker
[2026-08-04 07:18:46Z INFO ExtensionManager] Creating instance: GitHub.Runner.Worker.SetOutputCommandExtension, Runner.Worker
[2026-08-04 07:18:46Z INFO ExtensionManager] Creating instance: GitHub.Runner.Worker.SaveStateCommandExtension, Runner.Worker
[2026-08-04 07:18:46Z INFO ExtensionManager] Creating instance: GitHub.Runner.Worker.AddPathCommandExtension, Runner.Worker
[2026-08-04 07:18:46Z INFO ExtensionManager] Creating instance: GitHub.Runner.Worker.AddMaskCommandExtension, Runner.Worker
[2026-08-04 07:18:46Z INFO ExtensionManager] Creating instance: GitHub.Runner.Worker.AddMatcherCommandExtension, Runner.Worker
[2026-08-04 07:18:46Z INFO ExtensionManager] Creating instance: GitHub.Runner.Worker.RemoveMatcherCommandExtension, Runner.Worker
[2026-08-04 07:18:46Z INFO ExtensionManager] Creating instance: GitHub.Runner.Worker.WarningCommandExtension, Runner.Worker
[2026-08-04 07:18:46Z INFO ExtensionManager] Creating instance: GitHub.Runner.Worker.ErrorCommandExtension, Runner.Worker
[2026-08-04 07:18:46Z INFO ExtensionManager] Creating instance: GitHub.Runner.Worker.NoticeCommandExtension, Runner.Worker
[2026-08-04 07:18:46Z INFO ExtensionManager] Creating instance: GitHub.Runner.Worker.DebugCommandExtension, Runner.Worker
[2026-08-04 07:18:46Z INFO ExtensionManager] Creating instance: GitHub.Runner.Worker.GroupCommandExtension, Runner.Worker
[2026-08-04 07:18:46Z INFO ExtensionManager] Creating instance: GitHub.Runner.Worker.EndGroupCommandExtension, Runner.Worker
[2026-08-04 07:18:46Z INFO ExtensionManager] Creating instance: GitHub.Runner.Worker.EchoCommandExtension, Runner.Worker
[2026-08-04 07:18:46Z INFO ActionCommandManager] Register action command extension for command internal-set-repo-path
[2026-08-04 07:18:46Z INFO ActionCommandManager] Register action command extension for command set-env
[2026-08-04 07:18:46Z INFO ActionCommandManager] Register action command extension for command set-output
[2026-08-04 07:18:46Z INFO ActionCommandManager] Register action command extension for command save-state
[2026-08-04 07:18:46Z INFO ActionCommandManager] Register action command extension for command add-path
[2026-08-04 07:18:46Z INFO ActionCommandManager] Register action command extension for command add-mask
[2026-08-04 07:18:46Z INFO ActionCommandManager] Register action command extension for command add-matcher
[2026-08-04 07:18:46Z INFO ActionCommandManager] Register action command extension for command remove-matcher
[2026-08-04 07:18:46Z INFO ActionCommandManager] Register action command extension for command warning
[2026-08-04 07:18:46Z INFO ActionCommandManager] Register action command extension for command error
[2026-08-04 07:18:46Z INFO ActionCommandManager] Register action command extension for command notice
[2026-08-04 07:18:46Z INFO ActionCommandManager] Register action command extension for command debug
[2026-08-04 07:18:46Z INFO ActionCommandManager] Register action command extension for command group
[2026-08-04 07:18:46Z INFO ActionCommandManager] Register action command extension for command endgroup
[2026-08-04 07:18:46Z INFO ActionCommandManager] Register action command extension for command echo
[2026-08-04 07:18:46Z INFO HostContext] Well known directory 'Bin': 'D:\nodejs\ecommerce-backened\actions-runner\bin'
[2026-08-04 07:18:46Z INFO HostContext] Well known directory 'Root': 'D:\nodejs\ecommerce-backened\actions-runner'
[2026-08-04 07:18:46Z INFO HostContext] Well known directory 'Externals': 'D:\nodejs\ecommerce-backened\actions-runner\externals'
[2026-08-04 07:18:46Z INFO ProcessInvokerWrapper] Starting process:
[2026-08-04 07:18:46Z INFO ProcessInvokerWrapper]   File name: 'D:\nodejs\ecommerce-backened\actions-runner\externals\node24\bin\node.exe'
[2026-08-04 07:18:46Z INFO ProcessInvokerWrapper]   Arguments: '"D:\nodejs\ecommerce-backened\actions-runner\_work\_actions\actions\checkout\v4\dist/index.js"'
[2026-08-04 07:18:46Z INFO ProcessInvokerWrapper]   Working directory: 'D:\nodejs\ecommerce-backened\actions-runner\_work\Ecommerce_backened\Ecommerce_backened'
[2026-08-04 07:18:46Z INFO ProcessInvokerWrapper]   Require exit code zero: 'False'
[2026-08-04 07:18:46Z INFO ProcessInvokerWrapper]   Encoding web name: utf-8 ; code page: '65001'
[2026-08-04 07:18:46Z INFO ProcessInvokerWrapper]   Force kill process on cancellation: 'False'
[2026-08-04 07:18:46Z INFO ProcessInvokerWrapper]   Redirected STDIN: 'False'
[2026-08-04 07:18:46Z INFO ProcessInvokerWrapper]   Persist current code page: 'True'
[2026-08-04 07:18:46Z INFO ProcessInvokerWrapper]   Keep redirected STDIN open: 'False'
[2026-08-04 07:18:46Z INFO ProcessInvokerWrapper]   High priority process: 'False'
[2026-08-04 07:18:46Z INFO JobServerQueue] Got a step log file to send to results service.
[2026-08-04 07:18:46Z INFO JobServerQueue] Starting upload of step log file to results service ResultsLog, D:\nodejs\ecommerce-backened\actions-runner\_diag\blocks\007b731d-d81d-4e32-82a9-f5f1d0492d10_702f4d08-776c-4120-a8c0-d8b1e54adbac.1
[2026-08-04 07:18:46Z INFO JobServerQueue] Try to upload 1 log files or attachments, success rate: 1/1.
[2026-08-04 07:18:46Z INFO JobServerQueue] Try to append 1 batches web console lines for record '5441b83f-441b-4358-889f-9dbc2c58f4d1', success rate: 1/1.
[2026-08-04 07:18:50Z INFO JobServerQueue] Tried to upload 1 file(s) to results, success rate: 1/1.
[2026-08-04 07:18:50Z INFO ProcessInvokerWrapper] Process started with process id 9900, waiting for process exit.
[2026-08-04 07:18:52Z INFO JobServerQueue] Try to append 1 batches web console lines for record '5441b83f-441b-4358-889f-9dbc2c58f4d1', success rate: 1/1.
[2026-08-04 07:18:52Z INFO AddMaskCommandExtension] Add new secret mask with length of 524
[2026-08-04 07:18:52Z INFO JobServerQueue] Try to append 1 batches web console lines for record '5441b83f-441b-4358-889f-9dbc2c58f4d1', success rate: 1/1.
[2026-08-04 07:18:52Z INFO JobServerQueue] Try to append 1 batches web console lines for record '5441b83f-441b-4358-889f-9dbc2c58f4d1', success rate: 1/1.
[2026-08-04 07:18:52Z INFO JobServerQueue] Try to append 1 batches web console lines for record '5441b83f-441b-4358-889f-9dbc2c58f4d1', success rate: 1/1.
[2026-08-04 07:18:54Z INFO JobServerQueue] Try to append 1 batches web console lines for record '5441b83f-441b-4358-889f-9dbc2c58f4d1', success rate: 1/1.
[2026-08-04 07:18:54Z INFO JobServerQueue] Try to append 1 batches web console lines for record '5441b83f-441b-4358-889f-9dbc2c58f4d1', success rate: 1/1.
[2026-08-04 07:18:56Z INFO HostContext] Well known directory 'Bin': 'D:\nodejs\ecommerce-backened\actions-runner\bin'
[2026-08-04 07:18:56Z INFO HostContext] Well known directory 'Root': 'D:\nodejs\ecommerce-backened\actions-runner'
[2026-08-04 07:18:56Z INFO HostContext] Well known directory 'Work': 'D:\nodejs\ecommerce-backened\actions-runner\_work'
[2026-08-04 07:18:56Z INFO JobServerQueue] Try to append 1 batches web console lines for record '5441b83f-441b-4358-889f-9dbc2c58f4d1', success rate: 1/1.
[2026-08-04 07:18:56Z INFO JobServerQueue] Try to append 1 batches web console lines for record '5441b83f-441b-4358-889f-9dbc2c58f4d1', success rate: 1/1.
[2026-08-04 07:18:58Z INFO JobServerQueue] Try to append 1 batches web console lines for record '5441b83f-441b-4358-889f-9dbc2c58f4d1', success rate: 1/1.
[2026-08-04 07:18:58Z INFO JobServerQueue] Try to append 1 batches web console lines for record '5441b83f-441b-4358-889f-9dbc2c58f4d1', success rate: 1/1.
[2026-08-04 07:19:06Z INFO HostContext] Well known directory 'Bin': 'D:\nodejs\ecommerce-backened\actions-runner\bin'
[2026-08-04 07:19:06Z INFO HostContext] Well known directory 'Root': 'D:\nodejs\ecommerce-backened\actions-runner'
[2026-08-04 07:19:06Z INFO HostContext] Well known directory 'Work': 'D:\nodejs\ecommerce-backened\actions-runner\_work'
[2026-08-04 07:19:16Z INFO HostContext] Well known directory 'Bin': 'D:\nodejs\ecommerce-backened\actions-runner\bin'
[2026-08-04 07:19:16Z INFO HostContext] Well known directory 'Root': 'D:\nodejs\ecommerce-backened\actions-runner'
[2026-08-04 07:19:16Z INFO HostContext] Well known directory 'Work': 'D:\nodejs\ecommerce-backened\actions-runner\_work'
[2026-08-04 07:19:25Z INFO JobServerQueue] Try to append 1 batches web console lines for record '5441b83f-441b-4358-889f-9dbc2c58f4d1', success rate: 1/1.
[2026-08-04 07:19:25Z INFO JobServerQueue] Try to append 1 batches web console lines for record '5441b83f-441b-4358-889f-9dbc2c58f4d1', success rate: 1/1.
[2026-08-04 07:19:26Z INFO HostContext] Well known directory 'Bin': 'D:\nodejs\ecommerce-backened\actions-runner\bin'
[2026-08-04 07:19:26Z INFO HostContext] Well known directory 'Root': 'D:\nodejs\ecommerce-backened\actions-runner'
[2026-08-04 07:19:26Z INFO HostContext] Well known directory 'Work': 'D:\nodejs\ecommerce-backened\actions-runner\_work'
[2026-08-04 07:19:26Z INFO JobServerQueue] Try to append 1 batches web console lines for record '5441b83f-441b-4358-889f-9dbc2c58f4d1', success rate: 1/1.
[2026-08-04 07:19:27Z INFO JobServerQueue] Try to append 1 batches web console lines for record '5441b83f-441b-4358-889f-9dbc2c58f4d1', success rate: 1/1.
[2026-08-04 07:19:27Z INFO JobServerQueue] Try to append 1 batches web console lines for record '5441b83f-441b-4358-889f-9dbc2c58f4d1', success rate: 1/1.
[2026-08-04 07:19:27Z INFO JobServerQueue] Try to append 1 batches web console lines for record '5441b83f-441b-4358-889f-9dbc2c58f4d1', success rate: 1/1.
[2026-08-04 07:19:27Z INFO JobServerQueue] Try to append 1 batches web console lines for record '5441b83f-441b-4358-889f-9dbc2c58f4d1', success rate: 1/1.
[2026-08-04 07:19:28Z INFO JobServerQueue] Try to append 1 batches web console lines for record '5441b83f-441b-4358-889f-9dbc2c58f4d1', success rate: 1/1.
[2026-08-04 07:19:29Z INFO JobServerQueue] Try to append 1 batches web console lines for record '5441b83f-441b-4358-889f-9dbc2c58f4d1', success rate: 1/1.
[2026-08-04 07:19:30Z INFO JobServerQueue] Try to append 1 batches web console lines for record '5441b83f-441b-4358-889f-9dbc2c58f4d1', success rate: 1/1.
[2026-08-04 07:19:30Z INFO JobServerQueue] Try to append 1 batches web console lines for record '5441b83f-441b-4358-889f-9dbc2c58f4d1', success rate: 1/1.
[2026-08-04 07:19:30Z INFO ProcessInvokerWrapper] STDOUT/STDERR stream read finished.
[2026-08-04 07:19:30Z INFO ProcessInvokerWrapper] STDOUT/STDERR stream read finished.
[2026-08-04 07:19:30Z INFO ProcessInvokerWrapper] Finished process 9900 with exit code 0, and elapsed time 00:00:44.5753063.
[2026-08-04 07:19:31Z INFO CreateStepSummaryCommand] Step Summary file (D:\nodejs\ecommerce-backened\actions-runner\_work\_temp\_runner_file_commands\step_summary_5e4e3da5-2588-4850-a157-fa2461ceac50) is empty; skipping attachment upload
[2026-08-04 07:19:31Z INFO StepsRunner] Step result: 
[2026-08-04 07:19:31Z INFO ExecutionContext] Publish step telemetry for current step {
  "action": "actions/checkout",
  "ref": "v4",
  "type": "node24",
  "stage": "Main",
  "stepId": "5441b83f-441b-4358-889f-9dbc2c58f4d1",
  "stepContextName": "__actions_checkout",
  "hasPreStep": false,
  "hasPostStep": true,
  "result": "succeeded",
  "errorMessages": [],
  "executionTimeInSeconds": 45,
  "startTime": "2026-08-04T07:18:46.1601159Z",
  "finishTime": "2026-08-04T07:19:31.0131905Z"
}.
[2026-08-04 07:19:31Z INFO StepsRunner] No need for updating job result with current step result 'Succeeded'.
[2026-08-04 07:19:31Z INFO StepsRunner] Current state: job state = ''
[2026-08-04 07:19:31Z INFO StepsRunner] Processing step: DisplayName='Setup Node.js'
[2026-08-04 07:19:31Z INFO StepsRunner] Evaluating: success()
[2026-08-04 07:19:31Z INFO StepsRunner] Result: true
[2026-08-04 07:19:31Z INFO StepsRunner] Starting the step.
[2026-08-04 07:19:31Z INFO HostContext] Well known directory 'Bin': 'D:\nodejs\ecommerce-backened\actions-runner\bin'
[2026-08-04 07:19:31Z INFO HostContext] Well known directory 'Root': 'D:\nodejs\ecommerce-backened\actions-runner'
[2026-08-04 07:19:31Z INFO HostContext] Well known directory 'Work': 'D:\nodejs\ecommerce-backened\actions-runner\_work'
[2026-08-04 07:19:31Z INFO StepsRunner] Which2: 'chcp'
[2026-08-04 07:19:31Z INFO StepsRunner] Location: 'C:\WINDOWS\system32\chcp.COM'
[2026-08-04 07:19:31Z INFO ProcessInvokerWrapper] Starting process:
[2026-08-04 07:19:31Z INFO ProcessInvokerWrapper]   File name: 'C:\WINDOWS\system32\chcp.COM'
[2026-08-04 07:19:31Z INFO ProcessInvokerWrapper]   Arguments: '65001'
[2026-08-04 07:19:31Z INFO ProcessInvokerWrapper]   Working directory: 'D:\nodejs\ecommerce-backened\actions-runner\_work'
[2026-08-04 07:19:31Z INFO ProcessInvokerWrapper]   Require exit code zero: 'False'
[2026-08-04 07:19:31Z INFO ProcessInvokerWrapper]   Encoding web name:  ; code page: ''
[2026-08-04 07:19:31Z INFO ProcessInvokerWrapper]   Force kill process on cancellation: 'False'
[2026-08-04 07:19:31Z INFO ProcessInvokerWrapper]   Redirected STDIN: 'False'
[2026-08-04 07:19:31Z INFO ProcessInvokerWrapper]   Persist current code page: 'True'
[2026-08-04 07:19:31Z INFO ProcessInvokerWrapper]   Keep redirected STDIN open: 'False'
[2026-08-04 07:19:31Z INFO ProcessInvokerWrapper]   High priority process: 'False'
[2026-08-04 07:19:31Z INFO ProcessInvokerWrapper] Process started with process id 1672, waiting for process exit.
[2026-08-04 07:19:31Z INFO ProcessInvokerWrapper] STDOUT/STDERR stream read finished.
[2026-08-04 07:19:31Z INFO ProcessInvokerWrapper] STDOUT/STDERR stream read finished.
[2026-08-04 07:19:31Z INFO ProcessInvokerWrapper] Finished process 1672 with exit code 0, and elapsed time 00:00:00.0882851.
[2026-08-04 07:19:31Z INFO StepsRunner] Successfully returned to code page 65001 (UTF8)
[2026-08-04 07:19:31Z INFO HostContext] Well known directory 'Bin': 'D:\nodejs\ecommerce-backened\actions-runner\bin'
[2026-08-04 07:19:31Z INFO HostContext] Well known directory 'Root': 'D:\nodejs\ecommerce-backened\actions-runner'
[2026-08-04 07:19:31Z INFO HostContext] Well known directory 'Work': 'D:\nodejs\ecommerce-backened\actions-runner\_work'
[2026-08-04 07:19:31Z INFO HostContext] Well known directory 'Actions': 'D:\nodejs\ecommerce-backened\actions-runner\_work\_actions'
[2026-08-04 07:19:31Z INFO ActionManager] Load action that reference repository from 'D:\nodejs\ecommerce-backened\actions-runner\_work\_actions\actions\setup-node\v4'
[2026-08-04 07:19:31Z INFO HostContext] Well known directory 'Bin': 'D:\nodejs\ecommerce-backened\actions-runner\bin'
[2026-08-04 07:19:31Z INFO HostContext] Well known directory 'Root': 'D:\nodejs\ecommerce-backened\actions-runner'
[2026-08-04 07:19:31Z INFO HostContext] Well known directory 'Work': 'D:\nodejs\ecommerce-backened\actions-runner\_work'
[2026-08-04 07:19:31Z INFO HostContext] Well known directory 'Actions': 'D:\nodejs\ecommerce-backened\actions-runner\_work\_actions'
[2026-08-04 07:19:31Z INFO ActionManifestManagerLegacy] Ignore action property author.
[2026-08-04 07:19:31Z INFO ActionManifestManagerLegacy] Loaded action.yml file: {
  "name": "Setup Node.js environment",
  "description": "Setup a Node.js environment by adding problem matchers and optionally downloading and adding it to the PATH.",
  "inputs": {
    "type": 2,
    "map": [
      {
        "key": {
          "type": 0,
          "file": 3,
          "line": 5,
          "col": 3,
          "lit": "always-auth"
        },
        "value": {
          "type": 0,
          "file": 3,
          "line": 7,
          "col": 14,
          "lit": "false"
        }
      },
      {
        "key": {
          "type": 0,
          "file": 3,
          "line": 8,
          "col": 3,
          "lit": "node-version"
        },
        "value": ""
      },
      {
        "key": {
          "type": 0,
          "file": 3,
          "line": 10,
          "col": 3,
          "lit": "node-version-file"
        },
        "value": ""
      },
      {
        "key": {
          "type": 0,
          "file": 3,
          "line": 12,
          "col": 3,
          "lit": "architecture"
        },
        "value": ""
      },
      {
        "key": {
          "type": 0,
          "file": 3,
          "line": 14,
          "col": 3,
          "lit": "check-latest"
        },
        "value": {
          "type": 0,
          "file": 3,
          "line": 16,
          "col": 14,
          "lit": "false"
        }
      },
      {
        "key": {
          "type": 0,
          "file": 3,
          "line": 17,
          "col": 3,
          "lit": "registry-url"
        },
        "value": ""
      },
      {
        "key": {
          "type": 0,
          "file": 3,
          "line": 19,
          "col": 3,
          "lit": "scope"
        },
        "value": ""
      },
      {
        "key": {
          "type": 0,
          "file": 3,
          "line": 21,
          "col": 3,
          "lit": "token"
        },
        "value": {
          "type": 3,
          "file": 3,
          "line": 23,
          "col": 14,
          "expr": "github.server_url == 'https://github.com' && github.token || ''"
        }
      },
      {
        "key": {
          "type": 0,
          "file": 3,
          "line": 24,
          "col": 3,
          "lit": "cache"
        },
        "value": ""
      },
      {
        "key": {
          "type": 0,
          "file": 3,
          "line": 26,
          "col": 3,
          "lit": "cache-dependency-path"
        },
        "value": ""
      },
      {
        "key": {
          "type": 0,
          "file": 3,
          "line": 28,
          "col": 3,
          "lit": "mirror"
        },
        "value": ""
      },
      {
        "key": {
          "type": 0,
          "file": 3,
          "line": 30,
          "col": 3,
          "lit": "mirror-token"
        },
        "value": ""
      }
    ]
  },
  "execution": {
    "executionType": "nodeJS",
    "hasPre": false,
    "hasPost": true,
    "script": "dist/setup/index.js",
    "pre": null,
    "post": "dist/cache-save/index.js",
    "nodeVersion": "node20",
    "cleanupCondition": "success()",
    "initCondition": "always()"
  },
  "deprecated": null
}
[2026-08-04 07:19:31Z INFO ActionManager] Action pre node.js file: N/A.
[2026-08-04 07:19:31Z INFO ActionManager] Action node.js file: dist/setup/index.js.
[2026-08-04 07:19:31Z INFO ActionManager] Action post node.js file: dist/cache-save/index.js.
[2026-08-04 07:19:31Z INFO HostContext] Well known directory 'Bin': 'D:\nodejs\ecommerce-backened\actions-runner\bin'
[2026-08-04 07:19:31Z INFO HostContext] Well known directory 'Root': 'D:\nodejs\ecommerce-backened\actions-runner'
[2026-08-04 07:19:31Z INFO HostContext] Well known directory 'Diag': 'D:\nodejs\ecommerce-backened\actions-runner\_diag'
[2026-08-04 07:19:31Z INFO HostContext] Well known directory 'Bin': 'D:\nodejs\ecommerce-backened\actions-runner\bin'
[2026-08-04 07:19:31Z INFO HostContext] Well known directory 'Root': 'D:\nodejs\ecommerce-backened\actions-runner'
[2026-08-04 07:19:31Z INFO HostContext] Well known directory 'Diag': 'D:\nodejs\ecommerce-backened\actions-runner\_diag'
[2026-08-04 07:19:31Z INFO HostContext] Well known directory 'Bin': 'D:\nodejs\ecommerce-backened\actions-runner\bin'
[2026-08-04 07:19:31Z INFO HostContext] Well known directory 'Root': 'D:\nodejs\ecommerce-backened\actions-runner'
[2026-08-04 07:19:31Z INFO HostContext] Well known directory 'Work': 'D:\nodejs\ecommerce-backened\actions-runner\_work'
[2026-08-04 07:19:31Z INFO HostContext] Well known directory 'Temp': 'D:\nodejs\ecommerce-backened\actions-runner\_work\_temp'
[2026-08-04 07:19:31Z INFO ExecutionContext] Write event payload to D:\nodejs\ecommerce-backened\actions-runner\_work\_temp\_github_workflow\event.json
[2026-08-04 07:19:31Z INFO HostContext] Well known directory 'Bin': 'D:\nodejs\ecommerce-backened\actions-runner\bin'
[2026-08-04 07:19:31Z INFO HostContext] Well known directory 'Root': 'D:\nodejs\ecommerce-backened\actions-runner'
[2026-08-04 07:19:31Z INFO HostContext] Well known directory 'Work': 'D:\nodejs\ecommerce-backened\actions-runner\_work'
[2026-08-04 07:19:31Z INFO HostContext] Well known directory 'Temp': 'D:\nodejs\ecommerce-backened\actions-runner\_work\_temp'
[2026-08-04 07:19:31Z INFO ExtensionManager] Getting extensions for interface: 'GitHub.Runner.Worker.IFileCommandExtension'
[2026-08-04 07:19:31Z INFO ActionManifestManagerLegacy] Input 'always-auth': default value evaluate result: {
  "type": 0,
  "file": 3,
  "line": 7,
  "col": 14,
  "lit": "false"
}
[2026-08-04 07:19:31Z INFO ActionManifestManagerLegacy] Input 'node-version-file': default value evaluate result: ""
[2026-08-04 07:19:31Z INFO ActionManifestManagerLegacy] Input 'architecture': default value evaluate result: ""
[2026-08-04 07:19:31Z INFO ActionManifestManagerLegacy] Input 'check-latest': default value evaluate result: {
  "type": 0,
  "file": 3,
  "line": 16,
  "col": 14,
  "lit": "false"
}
[2026-08-04 07:19:31Z INFO ActionManifestManagerLegacy] Input 'registry-url': default value evaluate result: ""
[2026-08-04 07:19:31Z INFO ActionManifestManagerLegacy] Input 'scope': default value evaluate result: ""
[2026-08-04 07:19:31Z INFO ActionManifestManagerLegacy] Input 'token': default value evaluate result: {
  "type": 0,
  "file": 3,
  "line": 23,
  "col": 14,
  "lit": "***"
}
[2026-08-04 07:19:31Z INFO ActionManifestManagerLegacy] Input 'cache': default value evaluate result: ""
[2026-08-04 07:19:31Z INFO ActionManifestManagerLegacy] Input 'cache-dependency-path': default value evaluate result: ""
[2026-08-04 07:19:31Z INFO ActionManifestManagerLegacy] Input 'mirror': default value evaluate result: ""
[2026-08-04 07:19:31Z INFO ActionManifestManagerLegacy] Input 'mirror-token': default value evaluate result: ""
[2026-08-04 07:19:31Z INFO ExtensionManager] Getting extensions for interface: 'GitHub.Runner.Worker.IActionCommandExtension'
[2026-08-04 07:19:31Z INFO ActionCommandManager] Register action command extension for command internal-set-repo-path
[2026-08-04 07:19:31Z INFO ActionCommandManager] Register action command extension for command set-env
[2026-08-04 07:19:31Z INFO ActionCommandManager] Register action command extension for command set-output
[2026-08-04 07:19:31Z INFO ActionCommandManager] Register action command extension for command save-state
[2026-08-04 07:19:31Z INFO ActionCommandManager] Register action command extension for command add-path
[2026-08-04 07:19:31Z INFO ActionCommandManager] Register action command extension for command add-mask
[2026-08-04 07:19:31Z INFO ActionCommandManager] Register action command extension for command add-matcher
[2026-08-04 07:19:31Z INFO ActionCommandManager] Register action command extension for command remove-matcher
[2026-08-04 07:19:31Z INFO ActionCommandManager] Register action command extension for command warning
[2026-08-04 07:19:31Z INFO ActionCommandManager] Register action command extension for command error
[2026-08-04 07:19:31Z INFO ActionCommandManager] Register action command extension for command notice
[2026-08-04 07:19:31Z INFO ActionCommandManager] Register action command extension for command debug
[2026-08-04 07:19:31Z INFO ActionCommandManager] Register action command extension for command group
[2026-08-04 07:19:31Z INFO ActionCommandManager] Register action command extension for command endgroup
[2026-08-04 07:19:31Z INFO ActionCommandManager] Register action command extension for command echo
[2026-08-04 07:19:31Z INFO HostContext] Well known directory 'Bin': 'D:\nodejs\ecommerce-backened\actions-runner\bin'
[2026-08-04 07:19:31Z INFO HostContext] Well known directory 'Root': 'D:\nodejs\ecommerce-backened\actions-runner'
[2026-08-04 07:19:31Z INFO HostContext] Well known directory 'Externals': 'D:\nodejs\ecommerce-backened\actions-runner\externals'
[2026-08-04 07:19:31Z INFO ProcessInvokerWrapper] Starting process:
[2026-08-04 07:19:31Z INFO ProcessInvokerWrapper]   File name: 'D:\nodejs\ecommerce-backened\actions-runner\externals\node24\bin\node.exe'
[2026-08-04 07:19:31Z INFO ProcessInvokerWrapper]   Arguments: '"D:\nodejs\ecommerce-backened\actions-runner\_work\_actions\actions\setup-node\v4\dist/setup/index.js"'
[2026-08-04 07:19:31Z INFO ProcessInvokerWrapper]   Working directory: 'D:\nodejs\ecommerce-backened\actions-runner\_work\Ecommerce_backened\Ecommerce_backened'
[2026-08-04 07:19:31Z INFO ProcessInvokerWrapper]   Require exit code zero: 'False'
[2026-08-04 07:19:31Z INFO ProcessInvokerWrapper]   Encoding web name: utf-8 ; code page: '65001'
[2026-08-04 07:19:31Z INFO ProcessInvokerWrapper]   Force kill process on cancellation: 'False'
[2026-08-04 07:19:31Z INFO ProcessInvokerWrapper]   Redirected STDIN: 'False'
[2026-08-04 07:19:31Z INFO ProcessInvokerWrapper]   Persist current code page: 'True'
[2026-08-04 07:19:31Z INFO ProcessInvokerWrapper]   Keep redirected STDIN open: 'False'
[2026-08-04 07:19:31Z INFO ProcessInvokerWrapper]   High priority process: 'False'
[2026-08-04 07:19:31Z INFO ProcessInvokerWrapper] Process started with process id 8788, waiting for process exit.
[2026-08-04 07:19:31Z INFO JobServerQueue] Try to append 1 batches web console lines for record 'df13a4f9-74c2-4641-a54e-746de4d188ed', success rate: 1/1.
[2026-08-04 07:19:31Z INFO JobServerQueue] Got a step log file to send to results service.
[2026-08-04 07:19:31Z INFO JobServerQueue] Starting upload of step log file to results service ResultsLog, D:\nodejs\ecommerce-backened\actions-runner\_diag\blocks\007b731d-d81d-4e32-82a9-f5f1d0492d10_5441b83f-441b-4358-889f-9dbc2c58f4d1.1
[2026-08-04 07:19:31Z INFO JobServerQueue] Try to upload 1 log files or attachments, success rate: 1/1.
[2026-08-04 07:19:32Z INFO JobServerQueue] Tried to upload 1 file(s) to results, success rate: 1/1.
[2026-08-04 07:19:33Z INFO JobServerQueue] Try to append 1 batches web console lines for record 'df13a4f9-74c2-4641-a54e-746de4d188ed', success rate: 1/1.
[2026-08-04 07:19:35Z INFO JobServerQueue] Try to append 1 batches web console lines for record 'df13a4f9-74c2-4641-a54e-746de4d188ed', success rate: 1/1.
[2026-08-04 07:19:36Z INFO HostContext] Well known directory 'Bin': 'D:\nodejs\ecommerce-backened\actions-runner\bin'
[2026-08-04 07:19:36Z INFO HostContext] Well known directory 'Root': 'D:\nodejs\ecommerce-backened\actions-runner'
[2026-08-04 07:19:36Z INFO HostContext] Well known directory 'Work': 'D:\nodejs\ecommerce-backened\actions-runner\_work'
[2026-08-04 07:19:40Z INFO JobServerQueue] Try to append 1 batches web console lines for record 'df13a4f9-74c2-4641-a54e-746de4d188ed', success rate: 1/1.
[2026-08-04 07:19:42Z INFO JobServerQueue] Stop aggressive process web console line queue.
[2026-08-04 07:19:46Z INFO HostContext] Well known directory 'Bin': 'D:\nodejs\ecommerce-backened\actions-runner\bin'
[2026-08-04 07:19:46Z INFO HostContext] Well known directory 'Root': 'D:\nodejs\ecommerce-backened\actions-runner'
[2026-08-04 07:19:46Z INFO HostContext] Well known directory 'Work': 'D:\nodejs\ecommerce-backened\actions-runner\_work'
[2026-08-04 07:19:55Z INFO JobServerQueue] Try to append 1 batches web console lines for record 'df13a4f9-74c2-4641-a54e-746de4d188ed', success rate: 1/1.
[2026-08-04 07:19:56Z INFO HostContext] Well known directory 'Bin': 'D:\nodejs\ecommerce-backened\actions-runner\bin'
[2026-08-04 07:19:56Z INFO HostContext] Well known directory 'Root': 'D:\nodejs\ecommerce-backened\actions-runner'
[2026-08-04 07:19:56Z INFO HostContext] Well known directory 'Work': 'D:\nodejs\ecommerce-backened\actions-runner\_work'
[2026-08-04 07:19:59Z INFO JobServerQueue] Try to append 1 batches web console lines for record 'df13a4f9-74c2-4641-a54e-746de4d188ed', success rate: 1/1.
[2026-08-04 07:20:06Z INFO HostContext] Well known directory 'Bin': 'D:\nodejs\ecommerce-backened\actions-runner\bin'
[2026-08-04 07:20:06Z INFO HostContext] Well known directory 'Root': 'D:\nodejs\ecommerce-backened\actions-runner'
[2026-08-04 07:20:06Z INFO HostContext] Well known directory 'Work': 'D:\nodejs\ecommerce-backened\actions-runner\_work'
[2026-08-04 07:20:10Z INFO ProcessInvokerWrapper] STDOUT/STDERR stream read finished.
[2026-08-04 07:20:10Z INFO ProcessInvokerWrapper] STDOUT/STDERR stream read finished.
[2026-08-04 07:20:10Z INFO ProcessInvokerWrapper] Finished process 8788 with exit code 0, and elapsed time 00:00:39.1612165.
[2026-08-04 07:20:10Z INFO CreateStepSummaryCommand] Step Summary file (D:\nodejs\ecommerce-backened\actions-runner\_work\_temp\_runner_file_commands\step_summary_e9586373-f420-493b-9bb4-38d906946fd2) is empty; skipping attachment upload
[2026-08-04 07:20:10Z INFO StepsRunner] Step result: 
[2026-08-04 07:20:10Z INFO ExecutionContext] Publish step telemetry for current step {
  "action": "actions/setup-node",
  "ref": "v4",
  "type": "node24",
  "stage": "Main",
  "stepId": "df13a4f9-74c2-4641-a54e-746de4d188ed",
  "stepContextName": "__actions_setup-node",
  "hasPreStep": false,
  "hasPostStep": true,
  "result": "succeeded",
  "errorMessages": [],
  "executionTimeInSeconds": 40,
  "startTime": "2026-08-04T07:19:31.0170777Z",
  "finishTime": "2026-08-04T07:20:10.2973016Z"
}.
[2026-08-04 07:20:10Z INFO StepsRunner] No need for updating job result with current step result 'Succeeded'.
[2026-08-04 07:20:10Z INFO StepsRunner] Current state: job state = ''
[2026-08-04 07:20:10Z INFO StepsRunner] Processing step: DisplayName='Install Dependencies'
[2026-08-04 07:20:10Z INFO StepsRunner] Evaluating: success()
[2026-08-04 07:20:10Z INFO StepsRunner] Result: true
[2026-08-04 07:20:10Z INFO StepsRunner] Starting the step.
[2026-08-04 07:20:10Z INFO HostContext] Well known directory 'Bin': 'D:\nodejs\ecommerce-backened\actions-runner\bin'
[2026-08-04 07:20:10Z INFO HostContext] Well known directory 'Root': 'D:\nodejs\ecommerce-backened\actions-runner'
[2026-08-04 07:20:10Z INFO HostContext] Well known directory 'Work': 'D:\nodejs\ecommerce-backened\actions-runner\_work'
[2026-08-04 07:20:10Z INFO StepsRunner] Which2: 'chcp'
[2026-08-04 07:20:10Z INFO StepsRunner] Location: 'C:\WINDOWS\system32\chcp.COM'
[2026-08-04 07:20:10Z INFO ProcessInvokerWrapper] Starting process:
[2026-08-04 07:20:10Z INFO ProcessInvokerWrapper]   File name: 'C:\WINDOWS\system32\chcp.COM'
[2026-08-04 07:20:10Z INFO ProcessInvokerWrapper]   Arguments: '65001'
[2026-08-04 07:20:10Z INFO ProcessInvokerWrapper]   Working directory: 'D:\nodejs\ecommerce-backened\actions-runner\_work'
[2026-08-04 07:20:10Z INFO ProcessInvokerWrapper]   Require exit code zero: 'False'
[2026-08-04 07:20:10Z INFO ProcessInvokerWrapper]   Encoding web name:  ; code page: ''
[2026-08-04 07:20:10Z INFO ProcessInvokerWrapper]   Force kill process on cancellation: 'False'
[2026-08-04 07:20:10Z INFO ProcessInvokerWrapper]   Redirected STDIN: 'False'
[2026-08-04 07:20:10Z INFO ProcessInvokerWrapper]   Persist current code page: 'True'
[2026-08-04 07:20:10Z INFO ProcessInvokerWrapper]   Keep redirected STDIN open: 'False'
[2026-08-04 07:20:10Z INFO ProcessInvokerWrapper]   High priority process: 'False'
[2026-08-04 07:20:10Z INFO ProcessInvokerWrapper] Process started with process id 20036, waiting for process exit.
[2026-08-04 07:20:10Z INFO ProcessInvokerWrapper] STDOUT/STDERR stream read finished.
[2026-08-04 07:20:10Z INFO ProcessInvokerWrapper] STDOUT/STDERR stream read finished.
[2026-08-04 07:20:10Z INFO ProcessInvokerWrapper] Finished process 20036 with exit code 0, and elapsed time 00:00:00.0186814.
[2026-08-04 07:20:10Z INFO StepsRunner] Successfully returned to code page 65001 (UTF8)
[2026-08-04 07:20:10Z INFO HostContext] Well known directory 'Bin': 'D:\nodejs\ecommerce-backened\actions-runner\bin'
[2026-08-04 07:20:10Z INFO HostContext] Well known directory 'Root': 'D:\nodejs\ecommerce-backened\actions-runner'
[2026-08-04 07:20:10Z INFO HostContext] Well known directory 'Work': 'D:\nodejs\ecommerce-backened\actions-runner\_work'
[2026-08-04 07:20:10Z INFO HostContext] Well known directory 'Temp': 'D:\nodejs\ecommerce-backened\actions-runner\_work\_temp'
[2026-08-04 07:20:10Z INFO ExecutionContext] Write event payload to D:\nodejs\ecommerce-backened\actions-runner\_work\_temp\_github_workflow\event.json
[2026-08-04 07:20:10Z INFO HostContext] Well known directory 'Bin': 'D:\nodejs\ecommerce-backened\actions-runner\bin'
[2026-08-04 07:20:10Z INFO HostContext] Well known directory 'Root': 'D:\nodejs\ecommerce-backened\actions-runner'
[2026-08-04 07:20:10Z INFO HostContext] Well known directory 'Work': 'D:\nodejs\ecommerce-backened\actions-runner\_work'
[2026-08-04 07:20:10Z INFO HostContext] Well known directory 'Temp': 'D:\nodejs\ecommerce-backened\actions-runner\_work\_temp'
[2026-08-04 07:20:10Z INFO ExtensionManager] Getting extensions for interface: 'GitHub.Runner.Worker.IFileCommandExtension'
[2026-08-04 07:20:10Z INFO ExtensionManager] Getting extensions for interface: 'GitHub.Runner.Worker.IActionCommandExtension'
[2026-08-04 07:20:10Z INFO ActionCommandManager] Register action command extension for command internal-set-repo-path
[2026-08-04 07:20:10Z INFO ActionCommandManager] Register action command extension for command set-env
[2026-08-04 07:20:10Z INFO ActionCommandManager] Register action command extension for command set-output
[2026-08-04 07:20:10Z INFO ActionCommandManager] Register action command extension for command save-state
[2026-08-04 07:20:10Z INFO ActionCommandManager] Register action command extension for command add-path
[2026-08-04 07:20:10Z INFO ActionCommandManager] Register action command extension for command add-mask
[2026-08-04 07:20:10Z INFO ActionCommandManager] Register action command extension for command add-matcher
[2026-08-04 07:20:10Z INFO ActionCommandManager] Register action command extension for command remove-matcher
[2026-08-04 07:20:10Z INFO ActionCommandManager] Register action command extension for command warning
[2026-08-04 07:20:10Z INFO ActionCommandManager] Register action command extension for command error
[2026-08-04 07:20:10Z INFO ActionCommandManager] Register action command extension for command notice
[2026-08-04 07:20:10Z INFO ActionCommandManager] Register action command extension for command debug
[2026-08-04 07:20:10Z INFO ActionCommandManager] Register action command extension for command group
[2026-08-04 07:20:10Z INFO ActionCommandManager] Register action command extension for command endgroup
[2026-08-04 07:20:10Z INFO ActionCommandManager] Register action command extension for command echo
[2026-08-04 07:20:10Z INFO ScriptHandler] Which2: 'pwsh'
[2026-08-04 07:20:10Z INFO JobServerQueue] Try to upload 1 log files or attachments, success rate: 1/1.
[2026-08-04 07:20:10Z INFO ScriptHandler] pwsh: command not found. Make sure 'pwsh' is installed and its location included in the 'Path' environment variable.
[2026-08-04 07:20:10Z INFO ScriptHandler] Defaulting to powershell
[2026-08-04 07:20:10Z INFO ScriptHandler] Which2: 'powershell'
[2026-08-04 07:20:10Z INFO ScriptHandler] Location: 'C:\WINDOWS\System32\WindowsPowerShell\v1.0\powershell.EXE'
[2026-08-04 07:20:10Z INFO JobServerQueue] Try to append 1 batches web console lines for record 'df13a4f9-74c2-4641-a54e-746de4d188ed', success rate: 1/1.
[2026-08-04 07:20:10Z INFO JobServerQueue] Try to append 1 batches web console lines for record 'ee34e488-97cc-4f16-979f-49c89ff3e2e7', success rate: 1/1.
[2026-08-04 07:20:10Z INFO HostContext] Well known directory 'Bin': 'D:\nodejs\ecommerce-backened\actions-runner\bin'
[2026-08-04 07:20:10Z INFO HostContext] Well known directory 'Root': 'D:\nodejs\ecommerce-backened\actions-runner'
[2026-08-04 07:20:10Z INFO HostContext] Well known directory 'Work': 'D:\nodejs\ecommerce-backened\actions-runner\_work'
[2026-08-04 07:20:10Z INFO HostContext] Well known directory 'Temp': 'D:\nodejs\ecommerce-backened\actions-runner\_work\_temp'
[2026-08-04 07:20:10Z INFO ScriptHandler] Which2: 'pwsh'
[2026-08-04 07:20:10Z INFO ScriptHandler] pwsh: command not found. Make sure 'pwsh' is installed and its location included in the 'Path' environment variable.
[2026-08-04 07:20:10Z INFO ScriptHandler] Defaulting to powershell
[2026-08-04 07:20:10Z INFO ScriptHandler] Which2: 'powershell'
[2026-08-04 07:20:10Z INFO ScriptHandler] Location: 'C:\WINDOWS\System32\WindowsPowerShell\v1.0\powershell.EXE'
[2026-08-04 07:20:10Z INFO ProcessInvokerWrapper] Starting process:
[2026-08-04 07:20:10Z INFO ProcessInvokerWrapper]   File name: 'C:\WINDOWS\System32\WindowsPowerShell\v1.0\powershell.EXE'
[2026-08-04 07:20:10Z INFO ProcessInvokerWrapper]   Arguments: '-command ". 'D:\nodejs\ecommerce-backened\actions-runner\_work\_temp\09ffd393-4c54-4bb6-a746-9398980ce684.ps1'"'
[2026-08-04 07:20:10Z INFO ProcessInvokerWrapper]   Working directory: 'D:\nodejs\ecommerce-backened\actions-runner\_work\Ecommerce_backened\Ecommerce_backened'
[2026-08-04 07:20:10Z INFO ProcessInvokerWrapper]   Require exit code zero: 'False'
[2026-08-04 07:20:10Z INFO ProcessInvokerWrapper]   Encoding web name:  ; code page: ''
[2026-08-04 07:20:10Z INFO ProcessInvokerWrapper]   Force kill process on cancellation: 'False'
[2026-08-04 07:20:10Z INFO ProcessInvokerWrapper]   Redirected STDIN: 'False'
[2026-08-04 07:20:10Z INFO ProcessInvokerWrapper]   Persist current code page: 'True'
[2026-08-04 07:20:10Z INFO ProcessInvokerWrapper]   Keep redirected STDIN open: 'False'
[2026-08-04 07:20:10Z INFO ProcessInvokerWrapper]   High priority process: 'False'
[2026-08-04 07:20:10Z INFO ProcessInvokerWrapper] Process started with process id 15816, waiting for process exit.
[2026-08-04 07:20:10Z INFO JobServerQueue] Got a step log file to send to results service.
[2026-08-04 07:20:10Z INFO JobServerQueue] Starting upload of step log file to results service ResultsLog, D:\nodejs\ecommerce-backened\actions-runner\_diag\blocks\007b731d-d81d-4e32-82a9-f5f1d0492d10_df13a4f9-74c2-4641-a54e-746de4d188ed.1
[2026-08-04 07:20:11Z INFO ProcessInvokerWrapper] STDOUT/STDERR stream read finished.
[2026-08-04 07:20:11Z INFO ProcessInvokerWrapper] STDOUT/STDERR stream read finished.
[2026-08-04 07:20:11Z INFO ProcessInvokerWrapper] Finished process 15816 with exit code 1, and elapsed time 00:00:01.0601052.
[2026-08-04 07:20:11Z INFO CreateStepSummaryCommand] Step Summary file (D:\nodejs\ecommerce-backened\actions-runner\_work\_temp\_runner_file_commands\step_summary_640f034f-8dcf-41e7-8bf0-18f08e1d3cc8) is empty; skipping attachment upload
[2026-08-04 07:20:11Z INFO StepsRunner] Step result: Failed
[2026-08-04 07:20:11Z INFO ExecutionContext] Publish step telemetry for current step {
  "action": "powershell",
  "type": "run",
  "stage": "Main",
  "stepId": "ee34e488-97cc-4f16-979f-49c89ff3e2e7",
  "stepContextName": "__run",
  "result": "failed",
  "errorMessages": [
    "Process completed with exit code 1."
  ],
  "executionTimeInSeconds": 2,
  "startTime": "2026-08-04T07:20:10.2999651Z",
  "finishTime": "2026-08-04T07:20:11.4842885Z"
}.
[2026-08-04 07:20:11Z INFO StepsRunner] Update job result with current step result 'Failed'.
[2026-08-04 07:20:11Z INFO StepsRunner] Current state: job state = 'Failed'
[2026-08-04 07:20:11Z INFO StepsRunner] Processing step: DisplayName='Run Tests'
[2026-08-04 07:20:11Z INFO StepsRunner] Evaluating: success()
[2026-08-04 07:20:11Z INFO StepsRunner] Result: false
[2026-08-04 07:20:11Z INFO StepsRunner] Skipping step due to condition evaluation.
[2026-08-04 07:20:11Z INFO StepsRunner] No need for updating job result with current step result 'Skipped'.
[2026-08-04 07:20:11Z INFO StepsRunner] Current state: job state = 'Failed'
[2026-08-04 07:20:11Z INFO StepsRunner] Processing step: DisplayName='Stop Containers'
[2026-08-04 07:20:11Z INFO StepsRunner] Evaluating: success()
[2026-08-04 07:20:11Z INFO StepsRunner] Result: false
[2026-08-04 07:20:11Z INFO StepsRunner] Skipping step due to condition evaluation.
[2026-08-04 07:20:11Z INFO StepsRunner] No need for updating job result with current step result 'Skipped'.
[2026-08-04 07:20:11Z INFO StepsRunner] Current state: job state = 'Failed'
[2026-08-04 07:20:11Z INFO StepsRunner] Processing step: DisplayName='Build & Start Containers'
[2026-08-04 07:20:11Z INFO StepsRunner] Evaluating: success()
[2026-08-04 07:20:11Z INFO StepsRunner] Result: false
[2026-08-04 07:20:11Z INFO StepsRunner] Skipping step due to condition evaluation.
[2026-08-04 07:20:11Z INFO StepsRunner] No need for updating job result with current step result 'Skipped'.
[2026-08-04 07:20:11Z INFO StepsRunner] Current state: job state = 'Failed'
[2026-08-04 07:20:11Z INFO StepsRunner] Processing step: DisplayName='Remove Unused Images'
[2026-08-04 07:20:11Z INFO StepsRunner] Evaluating: success()
[2026-08-04 07:20:11Z INFO StepsRunner] Result: false
[2026-08-04 07:20:11Z INFO StepsRunner] Skipping step due to condition evaluation.
[2026-08-04 07:20:11Z INFO StepsRunner] No need for updating job result with current step result 'Skipped'.
[2026-08-04 07:20:11Z INFO StepsRunner] Current state: job state = 'Failed'
[2026-08-04 07:20:11Z INFO StepsRunner] Processing step: DisplayName='Post Setup Node.js'
[2026-08-04 07:20:11Z INFO StepsRunner] Evaluating: success()
[2026-08-04 07:20:11Z INFO StepsRunner] Result: false
[2026-08-04 07:20:11Z INFO StepsRunner] Skipping step due to condition evaluation.
[2026-08-04 07:20:11Z INFO StepsRunner] No need for updating job result with current step result 'Skipped'.
[2026-08-04 07:20:11Z INFO StepsRunner] Current state: job state = 'Failed'
[2026-08-04 07:20:11Z INFO StepsRunner] Processing step: DisplayName='Post Checkout Code'
[2026-08-04 07:20:11Z INFO StepsRunner] Evaluating: always()
[2026-08-04 07:20:11Z INFO StepsRunner] Result: true
[2026-08-04 07:20:11Z INFO StepsRunner] Starting the step.
[2026-08-04 07:20:11Z INFO HostContext] Well known directory 'Bin': 'D:\nodejs\ecommerce-backened\actions-runner\bin'
[2026-08-04 07:20:11Z INFO HostContext] Well known directory 'Root': 'D:\nodejs\ecommerce-backened\actions-runner'
[2026-08-04 07:20:11Z INFO HostContext] Well known directory 'Work': 'D:\nodejs\ecommerce-backened\actions-runner\_work'
[2026-08-04 07:20:11Z INFO StepsRunner] Which2: 'chcp'
[2026-08-04 07:20:11Z INFO StepsRunner] Location: 'C:\WINDOWS\system32\chcp.COM'
[2026-08-04 07:20:11Z INFO ProcessInvokerWrapper] Starting process:
[2026-08-04 07:20:11Z INFO ProcessInvokerWrapper]   File name: 'C:\WINDOWS\system32\chcp.COM'
[2026-08-04 07:20:11Z INFO ProcessInvokerWrapper]   Arguments: '65001'
[2026-08-04 07:20:11Z INFO ProcessInvokerWrapper]   Working directory: 'D:\nodejs\ecommerce-backened\actions-runner\_work'
[2026-08-04 07:20:11Z INFO ProcessInvokerWrapper]   Require exit code zero: 'False'
[2026-08-04 07:20:11Z INFO ProcessInvokerWrapper]   Encoding web name:  ; code page: ''
[2026-08-04 07:20:11Z INFO ProcessInvokerWrapper]   Force kill process on cancellation: 'False'
[2026-08-04 07:20:11Z INFO ProcessInvokerWrapper]   Redirected STDIN: 'False'
[2026-08-04 07:20:11Z INFO ProcessInvokerWrapper]   Persist current code page: 'True'
[2026-08-04 07:20:11Z INFO ProcessInvokerWrapper]   Keep redirected STDIN open: 'False'
[2026-08-04 07:20:11Z INFO ProcessInvokerWrapper]   High priority process: 'False'
[2026-08-04 07:20:11Z INFO ProcessInvokerWrapper] Process started with process id 17524, waiting for process exit.
[2026-08-04 07:20:11Z INFO ProcessInvokerWrapper] STDOUT/STDERR stream read finished.
[2026-08-04 07:20:11Z INFO ProcessInvokerWrapper] STDOUT/STDERR stream read finished.
[2026-08-04 07:20:11Z INFO ProcessInvokerWrapper] Finished process 17524 with exit code 0, and elapsed time 00:00:00.0129774.
[2026-08-04 07:20:11Z INFO StepsRunner] Successfully returned to code page 65001 (UTF8)
[2026-08-04 07:20:11Z INFO HostContext] Well known directory 'Bin': 'D:\nodejs\ecommerce-backened\actions-runner\bin'
[2026-08-04 07:20:11Z INFO HostContext] Well known directory 'Root': 'D:\nodejs\ecommerce-backened\actions-runner'
[2026-08-04 07:20:11Z INFO HostContext] Well known directory 'Work': 'D:\nodejs\ecommerce-backened\actions-runner\_work'
[2026-08-04 07:20:11Z INFO HostContext] Well known directory 'Actions': 'D:\nodejs\ecommerce-backened\actions-runner\_work\_actions'
[2026-08-04 07:20:11Z INFO ActionManager] Load action that reference repository from 'D:\nodejs\ecommerce-backened\actions-runner\_work\_actions\actions\checkout\v4'
[2026-08-04 07:20:11Z INFO HostContext] Well known directory 'Bin': 'D:\nodejs\ecommerce-backened\actions-runner\bin'
[2026-08-04 07:20:11Z INFO HostContext] Well known directory 'Root': 'D:\nodejs\ecommerce-backened\actions-runner'
[2026-08-04 07:20:11Z INFO HostContext] Well known directory 'Work': 'D:\nodejs\ecommerce-backened\actions-runner\_work'
[2026-08-04 07:20:11Z INFO HostContext] Well known directory 'Actions': 'D:\nodejs\ecommerce-backened\actions-runner\_work\_actions'
[2026-08-04 07:20:11Z INFO ActionManifestManagerLegacy] Loaded action.yml file: {
  "name": "Checkout",
  "description": "Checkout a Git repository at a particular version",
  "inputs": {
    "type": 2,
    "map": [
      {
        "key": {
          "type": 0,
          "file": 2,
          "line": 4,
          "col": 3,
          "lit": "repository"
        },
        "value": {
          "type": 3,
          "file": 2,
          "line": 6,
          "col": 14,
          "expr": "github.repository"
        }
      },
      {
        "key": {
          "type": 0,
          "file": 2,
          "line": 7,
          "col": 3,
          "lit": "ref"
        },
        "value": ""
      },
      {
        "key": {
          "type": 0,
          "file": 2,
          "line": 12,
          "col": 3,
          "lit": "token"
        },
        "value": {
          "type": 3,
          "file": 2,
          "line": 24,
          "col": 14,
          "expr": "github.token"
        }
      },
      {
        "key": {
          "type": 0,
          "file": 2,
          "line": 25,
          "col": 3,
          "lit": "ssh-key"
        },
        "value": ""
      },
      {
        "key": {
          "type": 0,
          "file": 2,
          "line": 37,
          "col": 3,
          "lit": "ssh-known-hosts"
        },
        "value": ""
      },
      {
        "key": {
          "type": 0,
          "file": 2,
          "line": 42,
          "col": 3,
          "lit": "ssh-strict"
        },
        "value": {
          "type": 0,
          "file": 2,
          "line": 47,
          "col": 14,
          "lit": "true"
        }
      },
      {
        "key": {
          "type": 0,
          "file": 2,
          "line": 48,
          "col": 3,
          "lit": "ssh-user"
        },
        "value": {
          "type": 0,
          "file": 2,
          "line": 51,
          "col": 14,
          "lit": "git"
        }
      },
      {
        "key": {
          "type": 0,
          "file": 2,
          "line": 52,
          "col": 3,
          "lit": "persist-credentials"
        },
        "value": {
          "type": 0,
          "file": 2,
          "line": 54,
          "col": 14,
          "lit": "true"
        }
      },
      {
        "key": {
          "type": 0,
          "file": 2,
          "line": 55,
          "col": 3,
          "lit": "path"
        },
        "value": ""
      },
      {
        "key": {
          "type": 0,
          "file": 2,
          "line": 57,
          "col": 3,
          "lit": "clean"
        },
        "value": {
          "type": 0,
          "file": 2,
          "line": 59,
          "col": 14,
          "lit": "true"
        }
      },
      {
        "key": {
          "type": 0,
          "file": 2,
          "line": 60,
          "col": 3,
          "lit": "filter"
        },
        "value": {
          "type": 0,
          "file": 2,
          "line": 64,
          "col": 14,
          "lit": ""
        }
      },
      {
        "key": {
          "type": 0,
          "file": 2,
          "line": 65,
          "col": 3,
          "lit": "sparse-checkout"
        },
        "value": {
          "type": 0,
          "file": 2,
          "line": 69,
          "col": 14,
          "lit": ""
        }
      },
      {
        "key": {
          "type": 0,
          "file": 2,
          "line": 70,
          "col": 3,
          "lit": "sparse-checkout-cone-mode"
        },
        "value": {
          "type": 0,
          "file": 2,
          "line": 73,
          "col": 14,
          "lit": "true"
        }
      },
      {
        "key": {
          "type": 0,
          "file": 2,
          "line": 74,
          "col": 3,
          "lit": "fetch-depth"
        },
        "value": {
          "type": 0,
          "file": 2,
          "line": 76,
          "col": 14,
          "lit": "1"
        }
      },
      {
        "key": {
          "type": 0,
          "file": 2,
          "line": 77,
          "col": 3,
          "lit": "fetch-tags"
        },
        "value": {
          "type": 0,
          "file": 2,
          "line": 79,
          "col": 14,
          "lit": "false"
        }
      },
      {
        "key": {
          "type": 0,
          "file": 2,
          "line": 80,
          "col": 3,
          "lit": "show-progress"
        },
        "value": {
          "type": 0,
          "file": 2,
          "line": 82,
          "col": 14,
          "lit": "true"
        }
      },
      {
        "key": {
          "type": 0,
          "file": 2,
          "line": 83,
          "col": 3,
          "lit": "lfs"
        },
        "value": {
          "type": 0,
          "file": 2,
          "line": 85,
          "col": 14,
          "lit": "false"
        }
      },
      {
        "key": {
          "type": 0,
          "file": 2,
          "line": 86,
          "col": 3,
          "lit": "submodules"
        },
        "value": {
          "type": 0,
          "file": 2,
          "line": 94,
          "col": 14,
          "lit": "false"
        }
      },
      {
        "key": {
          "type": 0,
          "file": 2,
          "line": 95,
          "col": 3,
          "lit": "set-safe-directory"
        },
        "value": {
          "type": 0,
          "file": 2,
          "line": 97,
          "col": 14,
          "lit": "true"
        }
      },
      {
        "key": {
          "type": 0,
          "file": 2,
          "line": 98,
          "col": 3,
          "lit": "github-server-url"
        },
        "value": ""
      },
      {
        "key": {
          "type": 0,
          "file": 2,
          "line": 101,
          "col": 3,
          "lit": "allow-unsafe-pr-checkout"
        },
        "value": {
          "type": 0,
          "file": 2,
          "line": 109,
          "col": 14,
          "lit": "false"
        }
      }
    ]
  },
  "execution": {
    "executionType": "nodeJS",
    "hasPre": false,
    "hasPost": true,
    "script": "dist/index.js",
    "pre": null,
    "post": "dist/index.js",
    "nodeVersion": "node20",
    "cleanupCondition": "always()",
    "initCondition": "always()"
  },
  "deprecated": null
}
[2026-08-04 07:20:11Z INFO ActionManager] Action pre node.js file: N/A.
[2026-08-04 07:20:11Z INFO ActionManager] Action node.js file: dist/index.js.
[2026-08-04 07:20:11Z INFO ActionManager] Action post node.js file: dist/index.js.
[2026-08-04 07:20:11Z INFO HostContext] Well known directory 'Bin': 'D:\nodejs\ecommerce-backened\actions-runner\bin'
[2026-08-04 07:20:11Z INFO HostContext] Well known directory 'Root': 'D:\nodejs\ecommerce-backened\actions-runner'
[2026-08-04 07:20:11Z INFO HostContext] Well known directory 'Work': 'D:\nodejs\ecommerce-backened\actions-runner\_work'
[2026-08-04 07:20:11Z INFO HostContext] Well known directory 'Temp': 'D:\nodejs\ecommerce-backened\actions-runner\_work\_temp'
[2026-08-04 07:20:11Z INFO ExecutionContext] Write event payload to D:\nodejs\ecommerce-backened\actions-runner\_work\_temp\_github_workflow\event.json
[2026-08-04 07:20:11Z INFO HostContext] Well known directory 'Bin': 'D:\nodejs\ecommerce-backened\actions-runner\bin'
[2026-08-04 07:20:11Z INFO HostContext] Well known directory 'Root': 'D:\nodejs\ecommerce-backened\actions-runner'
[2026-08-04 07:20:11Z INFO HostContext] Well known directory 'Work': 'D:\nodejs\ecommerce-backened\actions-runner\_work'
[2026-08-04 07:20:11Z INFO HostContext] Well known directory 'Temp': 'D:\nodejs\ecommerce-backened\actions-runner\_work\_temp'
[2026-08-04 07:20:11Z INFO ExtensionManager] Getting extensions for interface: 'GitHub.Runner.Worker.IFileCommandExtension'
[2026-08-04 07:20:11Z INFO ActionManifestManagerLegacy] Input 'repository': default value evaluate result: {
  "type": 0,
  "file": 2,
  "line": 6,
  "col": 14,
  "lit": "CryptonFuture/Ecommerce_backened"
}
[2026-08-04 07:20:11Z INFO ActionManifestManagerLegacy] Input 'ref': default value evaluate result: ""
[2026-08-04 07:20:11Z INFO ActionManifestManagerLegacy] Input 'token': default value evaluate result: {
  "type": 0,
  "file": 2,
  "line": 24,
  "col": 14,
  "lit": "***"
}
[2026-08-04 07:20:11Z INFO ActionManifestManagerLegacy] Input 'ssh-key': default value evaluate result: ""
[2026-08-04 07:20:11Z INFO ActionManifestManagerLegacy] Input 'ssh-known-hosts': default value evaluate result: ""
[2026-08-04 07:20:11Z INFO ActionManifestManagerLegacy] Input 'ssh-strict': default value evaluate result: {
  "type": 0,
  "file": 2,
  "line": 47,
  "col": 14,
  "lit": "true"
}
[2026-08-04 07:20:11Z INFO ActionManifestManagerLegacy] Input 'ssh-user': default value evaluate result: {
  "type": 0,
  "file": 2,
  "line": 51,
  "col": 14,
  "lit": "git"
}
[2026-08-04 07:20:11Z INFO ActionManifestManagerLegacy] Input 'persist-credentials': default value evaluate result: {
  "type": 0,
  "file": 2,
  "line": 54,
  "col": 14,
  "lit": "true"
}
[2026-08-04 07:20:11Z INFO ActionManifestManagerLegacy] Input 'path': default value evaluate result: ""
[2026-08-04 07:20:11Z INFO ActionManifestManagerLegacy] Input 'clean': default value evaluate result: {
  "type": 0,
  "file": 2,
  "line": 59,
  "col": 14,
  "lit": "true"
}
[2026-08-04 07:20:11Z INFO ActionManifestManagerLegacy] Input 'filter': default value evaluate result: {
  "type": 0,
  "file": 2,
  "line": 64,
  "col": 14,
  "lit": ""
}
[2026-08-04 07:20:11Z INFO ActionManifestManagerLegacy] Input 'sparse-checkout': default value evaluate result: {
  "type": 0,
  "file": 2,
  "line": 69,
  "col": 14,
  "lit": ""
}
[2026-08-04 07:20:11Z INFO ActionManifestManagerLegacy] Input 'sparse-checkout-cone-mode': default value evaluate result: {
  "type": 0,
  "file": 2,
  "line": 73,
  "col": 14,
  "lit": "true"
}
[2026-08-04 07:20:11Z INFO ActionManifestManagerLegacy] Input 'fetch-depth': default value evaluate result: {
  "type": 0,
  "file": 2,
  "line": 76,
  "col": 14,
  "lit": "1"
}
[2026-08-04 07:20:11Z INFO ActionManifestManagerLegacy] Input 'fetch-tags': default value evaluate result: {
  "type": 0,
  "file": 2,
  "line": 79,
  "col": 14,
  "lit": "false"
}
[2026-08-04 07:20:11Z INFO ActionManifestManagerLegacy] Input 'show-progress': default value evaluate result: {
  "type": 0,
  "file": 2,
  "line": 82,
  "col": 14,
  "lit": "true"
}
[2026-08-04 07:20:11Z INFO ActionManifestManagerLegacy] Input 'lfs': default value evaluate result: {
  "type": 0,
  "file": 2,
  "line": 85,
  "col": 14,
  "lit": "false"
}
[2026-08-04 07:20:11Z INFO ActionManifestManagerLegacy] Input 'submodules': default value evaluate result: {
  "type": 0,
  "file": 2,
  "line": 94,
  "col": 14,
  "lit": "false"
}
[2026-08-04 07:20:11Z INFO ActionManifestManagerLegacy] Input 'set-safe-directory': default value evaluate result: {
  "type": 0,
  "file": 2,
  "line": 97,
  "col": 14,
  "lit": "true"
}
[2026-08-04 07:20:11Z INFO ActionManifestManagerLegacy] Input 'github-server-url': default value evaluate result: ""
[2026-08-04 07:20:11Z INFO ActionManifestManagerLegacy] Input 'allow-unsafe-pr-checkout': default value evaluate result: {
  "type": 0,
  "file": 2,
  "line": 109,
  "col": 14,
  "lit": "false"
}
[2026-08-04 07:20:11Z INFO ExtensionManager] Getting extensions for interface: 'GitHub.Runner.Worker.IActionCommandExtension'
[2026-08-04 07:20:11Z INFO ActionCommandManager] Register action command extension for command internal-set-repo-path
[2026-08-04 07:20:11Z INFO ActionCommandManager] Register action command extension for command set-env
[2026-08-04 07:20:11Z INFO ActionCommandManager] Register action command extension for command set-output
[2026-08-04 07:20:11Z INFO ActionCommandManager] Register action command extension for command save-state
[2026-08-04 07:20:11Z INFO ActionCommandManager] Register action command extension for command add-path
[2026-08-04 07:20:11Z INFO ActionCommandManager] Register action command extension for command add-mask
[2026-08-04 07:20:11Z INFO ActionCommandManager] Register action command extension for command add-matcher
[2026-08-04 07:20:11Z INFO ActionCommandManager] Register action command extension for command remove-matcher
[2026-08-04 07:20:11Z INFO ActionCommandManager] Register action command extension for command warning
[2026-08-04 07:20:11Z INFO ActionCommandManager] Register action command extension for command error
[2026-08-04 07:20:11Z INFO ActionCommandManager] Register action command extension for command notice
[2026-08-04 07:20:11Z INFO ActionCommandManager] Register action command extension for command debug
[2026-08-04 07:20:11Z INFO ActionCommandManager] Register action command extension for command group
[2026-08-04 07:20:11Z INFO ActionCommandManager] Register action command extension for command endgroup
[2026-08-04 07:20:11Z INFO ActionCommandManager] Register action command extension for command echo
[2026-08-04 07:20:11Z INFO HostContext] Well known directory 'Bin': 'D:\nodejs\ecommerce-backened\actions-runner\bin'
[2026-08-04 07:20:11Z INFO HostContext] Well known directory 'Root': 'D:\nodejs\ecommerce-backened\actions-runner'
[2026-08-04 07:20:11Z INFO HostContext] Well known directory 'Externals': 'D:\nodejs\ecommerce-backened\actions-runner\externals'
[2026-08-04 07:20:11Z INFO ProcessInvokerWrapper] Starting process:
[2026-08-04 07:20:11Z INFO ProcessInvokerWrapper]   File name: 'D:\nodejs\ecommerce-backened\actions-runner\externals\node24\bin\node.exe'
[2026-08-04 07:20:11Z INFO ProcessInvokerWrapper]   Arguments: '"D:\nodejs\ecommerce-backened\actions-runner\_work\_actions\actions\checkout\v4\dist/index.js"'
[2026-08-04 07:20:11Z INFO ProcessInvokerWrapper]   Working directory: 'D:\nodejs\ecommerce-backened\actions-runner\_work\Ecommerce_backened\Ecommerce_backened'
[2026-08-04 07:20:11Z INFO ProcessInvokerWrapper]   Require exit code zero: 'False'
[2026-08-04 07:20:11Z INFO ProcessInvokerWrapper]   Encoding web name: utf-8 ; code page: '65001'
[2026-08-04 07:20:11Z INFO ProcessInvokerWrapper]   Force kill process on cancellation: 'False'
[2026-08-04 07:20:11Z INFO ProcessInvokerWrapper]   Redirected STDIN: 'False'
[2026-08-04 07:20:11Z INFO ProcessInvokerWrapper]   Persist current code page: 'True'
[2026-08-04 07:20:11Z INFO ProcessInvokerWrapper]   Keep redirected STDIN open: 'False'
[2026-08-04 07:20:11Z INFO ProcessInvokerWrapper]   High priority process: 'False'
[2026-08-04 07:20:11Z INFO ProcessInvokerWrapper] Process started with process id 19040, waiting for process exit.
[2026-08-04 07:20:11Z INFO JobServerQueue] Tried to upload 1 file(s) to results, success rate: 1/1.
[2026-08-04 07:20:11Z INFO AddMaskCommandExtension] Add new secret mask with length of 32
[2026-08-04 07:20:11Z INFO JobServerQueue] Try to append 1 batches web console lines for record 'ee34e488-97cc-4f16-979f-49c89ff3e2e7', success rate: 1/1.
[2026-08-04 07:20:11Z INFO JobServerQueue] Try to append 1 batches web console lines for record 'a849c946-6c26-4b70-bac2-56d485bc9b6a', success rate: 1/1.
[2026-08-04 07:20:12Z INFO JobServerQueue] Try to upload 1 log files or attachments, success rate: 1/1.
[2026-08-04 07:20:12Z INFO JobServerQueue] Try to append 1 batches web console lines for record 'a849c946-6c26-4b70-bac2-56d485bc9b6a', success rate: 1/1.
[2026-08-04 07:20:12Z INFO JobServerQueue] Got a step log file to send to results service.
[2026-08-04 07:20:12Z INFO JobServerQueue] Starting upload of step log file to results service ResultsLog, D:\nodejs\ecommerce-backened\actions-runner\_diag\blocks\007b731d-d81d-4e32-82a9-f5f1d0492d10_ee34e488-97cc-4f16-979f-49c89ff3e2e7.1
[2026-08-04 07:20:13Z INFO JobServerQueue] Tried to upload 1 file(s) to results, success rate: 1/1.
[2026-08-04 07:20:13Z INFO JobServerQueue] Try to append 1 batches web console lines for record 'a849c946-6c26-4b70-bac2-56d485bc9b6a', success rate: 1/1.
[2026-08-04 07:20:15Z INFO JobServerQueue] Try to append 1 batches web console lines for record 'a849c946-6c26-4b70-bac2-56d485bc9b6a', success rate: 1/1.
[2026-08-04 07:20:16Z INFO HostContext] Well known directory 'Bin': 'D:\nodejs\ecommerce-backened\actions-runner\bin'
[2026-08-04 07:20:16Z INFO HostContext] Well known directory 'Root': 'D:\nodejs\ecommerce-backened\actions-runner'
[2026-08-04 07:20:16Z INFO HostContext] Well known directory 'Work': 'D:\nodejs\ecommerce-backened\actions-runner\_work'
[2026-08-04 07:20:17Z INFO ProcessInvokerWrapper] STDOUT/STDERR stream read finished.
[2026-08-04 07:20:17Z INFO ProcessInvokerWrapper] STDOUT/STDERR stream read finished.
[2026-08-04 07:20:17Z INFO ProcessInvokerWrapper] Finished process 19040 with exit code 0, and elapsed time 00:00:05.6396045.
[2026-08-04 07:20:17Z INFO CreateStepSummaryCommand] Step Summary file (D:\nodejs\ecommerce-backened\actions-runner\_work\_temp\_runner_file_commands\step_summary_343b2239-965f-4f6d-8cc1-ce4d7a3633f1) is empty; skipping attachment upload
[2026-08-04 07:20:17Z INFO StepsRunner] Step result: 
[2026-08-04 07:20:17Z INFO ExecutionContext] Publish step telemetry for current step {
  "action": "actions/checkout",
  "ref": "v4",
  "type": "node24",
  "stage": "Post",
  "stepId": "a849c946-6c26-4b70-bac2-56d485bc9b6a",
  "result": "succeeded",
  "errorMessages": [],
  "executionTimeInSeconds": 6,
  "startTime": "2026-08-04T07:20:11.5029381Z",
  "finishTime": "2026-08-04T07:20:17.2018033Z"
}.
[2026-08-04 07:20:17Z INFO StepsRunner] No need for updating job result with current step result 'Succeeded'.
[2026-08-04 07:20:17Z INFO StepsRunner] Current state: job state = 'Failed'
[2026-08-04 07:20:17Z INFO JobRunner] Finalize job.
[2026-08-04 07:20:17Z INFO HostContext] Well known directory 'Bin': 'D:\nodejs\ecommerce-backened\actions-runner\bin'
[2026-08-04 07:20:17Z INFO HostContext] Well known directory 'Root': 'D:\nodejs\ecommerce-backened\actions-runner'
[2026-08-04 07:20:17Z INFO HostContext] Well known directory 'Diag': 'D:\nodejs\ecommerce-backened\actions-runner\_diag'
[2026-08-04 07:20:17Z INFO HostContext] Well known directory 'Bin': 'D:\nodejs\ecommerce-backened\actions-runner\bin'
[2026-08-04 07:20:17Z INFO HostContext] Well known directory 'Root': 'D:\nodejs\ecommerce-backened\actions-runner'
[2026-08-04 07:20:17Z INFO HostContext] Well known directory 'Diag': 'D:\nodejs\ecommerce-backened\actions-runner\_diag'
[2026-08-04 07:20:17Z INFO JobExtension] Initialize Env context
[2026-08-04 07:20:17Z INFO JobExtension] Initialize steps context
[2026-08-04 07:20:17Z INFO JobExtension] Total accessible running process: 272.
[2026-08-04 07:20:17Z INFO JobExtension] Wait for all connectivity checks to finish.
[2026-08-04 07:20:17Z INFO JobExtension] Connectivity check result: {
  "endpointUrl": "https://broker.actions.githubusercontent.com/health",
  "endpointIPs": null,
  "startTime": "2026-08-04T07:18:46.0981176Z",
  "statusCode": "http_OK",
  "requestId": "1C4F:392156:66D47A:69BA0F:6A719253",
  "httpRequestDurationInMs": 833,
  "dnsResolutionDurationInMs": 0,
  "dnsError": null
}
[2026-08-04 07:20:17Z INFO JobExtension] Connectivity check result: {
  "endpointUrl": "https://token.actions.githubusercontent.com/ready",
  "endpointIPs": null,
  "startTime": "2026-08-04T07:18:46.1011206Z",
  "statusCode": "http_NoContent",
  "requestId": "1C51:123770:59CF0A:645D9C:6A719253",
  "httpRequestDurationInMs": 738,
  "dnsResolutionDurationInMs": 0,
  "dnsError": null
}
[2026-08-04 07:20:17Z INFO JobExtension] Connectivity check result: {
  "endpointUrl": "https://run.actions.githubusercontent.com/health",
  "endpointIPs": null,
  "startTime": "2026-08-04T07:18:46.1019898Z",
  "statusCode": "http_OK",
  "requestId": "DA2E:366DBD:674883:68E5C5:6A719253",
  "httpRequestDurationInMs": 830,
  "dnsResolutionDurationInMs": 0,
  "dnsError": null
}
[2026-08-04 07:20:17Z INFO ExecutionContext] Publish step telemetry for current step {
  "action": "complete_job",
  "type": "runner",
  "stage": "Post",
  "stepId": "e9d9dc5c-795b-4382-9e71-94aa874fafed",
  "result": "succeeded",
  "errorMessages": [
    "Node.js 20 is deprecated. The following actions target Node.js 20 but are being forced to run on Node.js 24: actions/checkout@v4, actions/setup-node@v4. For more information see: https://github.blog/changelog/2025-09-19-deprecation-of-node-20-on-github-act"
  ],
  "executionTimeInSeconds": 1,
  "startTime": "2026-08-04T07:20:17.2254963Z",
  "finishTime": "2026-08-04T07:20:17.2516657Z"
}.
[2026-08-04 07:20:17Z INFO JobRunner] Job result after all job steps finish: Failed
[2026-08-04 07:20:17Z INFO JobRunner] Completing the job execution context.
[2026-08-04 07:20:17Z INFO JobRunner] Shutting down the job server queue.
[2026-08-04 07:20:17Z INFO JobServerQueue] Fire signal to shutdown all queues.
[2026-08-04 07:20:17Z INFO JobServerQueue] All queue process task stopped.
[2026-08-04 07:20:17Z INFO JobServerQueue] Try to append 1 batches web console lines for record 'e9d9dc5c-795b-4382-9e71-94aa874fafed', success rate: 1/1.
[2026-08-04 07:20:17Z INFO JobServerQueue] Web console line queue drained.
[2026-08-04 07:20:17Z INFO JobServerQueue] Uploading 3 files in one shot.
[2026-08-04 07:20:17Z INFO JobServerQueue] Try to upload 3 log files or attachments, success rate: 3/3.
[2026-08-04 07:20:17Z INFO JobServerQueue] File upload queue drained.
[2026-08-04 07:20:17Z INFO JobServerQueue] Starting results-based upload queue...
[2026-08-04 07:20:17Z INFO JobServerQueue] Uploading 3 file(s) in one shot through results service.
[2026-08-04 07:20:17Z INFO JobServerQueue] Got a step log file to send to results service.
[2026-08-04 07:20:17Z INFO JobServerQueue] Starting upload of step log file to results service ResultsLog, D:\nodejs\ecommerce-backened\actions-runner\_diag\blocks\007b731d-d81d-4e32-82a9-f5f1d0492d10_a849c946-6c26-4b70-bac2-56d485bc9b6a.1
[2026-08-04 07:20:18Z INFO JobServerQueue] Got a step log file to send to results service.
[2026-08-04 07:20:18Z INFO JobServerQueue] Starting upload of step log file to results service ResultsLog, D:\nodejs\ecommerce-backened\actions-runner\_diag\blocks\007b731d-d81d-4e32-82a9-f5f1d0492d10_e9d9dc5c-795b-4382-9e71-94aa874fafed.1
[2026-08-04 07:20:19Z INFO JobServerQueue] Got a job log file to send to results service.
[2026-08-04 07:20:19Z INFO JobServerQueue] Starting upload of job log file to results service ResultsLog, D:\nodejs\ecommerce-backened\actions-runner\_diag\blocks\007b731d-d81d-4e32-82a9-f5f1d0492d10_990b0a0a-e98c-5476-8f92-b01a2aef0f91.1
[2026-08-04 07:20:20Z INFO JobServerQueue] Tried to upload 3 file(s) to results, success rate: 3/3.
[2026-08-04 07:20:20Z INFO JobServerQueue] Results upload queue drained.
[2026-08-04 07:20:20Z INFO JobServerQueue] Timeline update queue drained.
[2026-08-04 07:20:20Z INFO JobServerQueue] Disposing job server ...
[2026-08-04 07:20:20Z INFO JobServerQueue] Disposing results server ...
[2026-08-04 07:20:20Z INFO JobServerQueue] All queue process tasks have been stopped, and all queues are drained.
[2026-08-04 07:20:20Z INFO TempDirectoryManager] Cleaning runner temp folder: D:\nodejs\ecommerce-backened\actions-runner\_work\_temp
[2026-08-04 07:20:21Z INFO HostContext] Well known directory 'Bin': 'D:\nodejs\ecommerce-backened\actions-runner\bin'
[2026-08-04 07:20:21Z INFO HostContext] Well known directory 'Root': 'D:\nodejs\ecommerce-backened\actions-runner'
[2026-08-04 07:20:21Z INFO HostContext] Well known directory 'Diag': 'D:\nodejs\ecommerce-backened\actions-runner\_diag'
[2026-08-04 07:20:21Z INFO HostContext] Well known config file 'Telemetry': 'D:\nodejs\ecommerce-backened\actions-runner\_diag\.telemetry'
[2026-08-04 07:20:21Z INFO JobRunner] Raising job completed against run service
[2026-08-04 07:20:22Z INFO Worker] Job completed.
