[2026-08-04 08:39:52Z INFO HostContext] No proxy settings were found based on environmental variables (http_proxy/https_proxy/HTTP_PROXY/HTTPS_PROXY)
[2026-08-04 08:39:52Z INFO HostContext] Well known directory 'Bin': 'D:\nodejs\ecommerce-backened\actions-runner\bin'
[2026-08-04 08:39:52Z INFO HostContext] Well known directory 'Root': 'D:\nodejs\ecommerce-backened\actions-runner'
[2026-08-04 08:39:52Z INFO HostContext] Well known config file 'Credentials': 'D:\nodejs\ecommerce-backened\actions-runner\.credentials'
[2026-08-04 08:39:52Z INFO HostContext] Well known directory 'Bin': 'D:\nodejs\ecommerce-backened\actions-runner\bin'
[2026-08-04 08:39:52Z INFO HostContext] Well known directory 'Root': 'D:\nodejs\ecommerce-backened\actions-runner'
[2026-08-04 08:39:52Z INFO HostContext] Well known config file 'Runner': 'D:\nodejs\ecommerce-backened\actions-runner\.runner'
[2026-08-04 08:39:52Z INFO Worker] Version: 2.336.0
[2026-08-04 08:39:52Z INFO Worker] Commit: 98aabcd429c4e8402406c56ce2d26387fed3b9ce
[2026-08-04 08:39:52Z INFO Worker] Culture: en-US
[2026-08-04 08:39:52Z INFO Worker] UI Culture: en-US
[2026-08-04 08:39:52Z INFO Worker] Waiting to receive the job message from the channel.
[2026-08-04 08:39:52Z INFO ProcessChannel] Receiving message of length 25023, with hash '18d6da0adb990ea4aea3f784cebc00d3b212f686ee078b7dc9b6b55f1c11c718'
[2026-08-04 08:39:52Z INFO Worker] Message received.
[2026-08-04 08:39:53Z INFO Worker] Job message:
 {
  "fileTable": [
    ".github/workflows/ci-cd.yml"
  ],
  "mask": [
    {
      "type": "regex",
      "value": "***"
    },
    {
      "type": "regex",
      "value": "***"
    },
    {
      "type": "regex",
      "value": "***"
    },
    {
      "type": "regex",
      "value": "***"
    },
    {
      "type": "regex",
      "value": "***"
    },
    {
      "type": "regex",
      "value": "***"
    },
    {
      "type": "regex",
      "value": "***"
    },
    {
      "type": "regex",
      "value": "***"
    },
    {
      "type": "regex",
      "value": "***"
    },
    {
      "type": "regex",
      "value": "***"
    },
    {
      "type": "regex",
      "value": "***"
    },
    {
      "type": "regex",
      "value": "***"
    },
    {
      "type": "regex",
      "value": "***"
    },
    {
      "type": "regex",
      "value": "***"
    },
    {
      "type": "regex",
      "value": "***"
    },
    {
      "type": "regex",
      "value": "***"
    },
    {
      "type": "regex",
      "value": "***"
    },
    {
      "type": "regex",
      "value": "***"
    },
    {
      "type": "regex",
      "value": "***"
    },
    {
      "type": "regex",
      "value": "***"
    },
    {
      "type": "regex",
      "value": "***"
    },
    {
      "type": "regex",
      "value": "***"
    },
    {
      "type": "regex",
      "value": "***"
    }
  ],
  "steps": [
    {
      "type": "action",
      "reference": {
        "type": "repository",
        "name": "actions/checkout",
        "ref": "v4",
        "repositoryType": "GitHub"
      },
      "displayNameToken": {
        "type": 0,
        "file": 1,
        "line": 13,
        "col": 15,
        "lit": "Checkout Code"
      },
      "contextName": "__actions_checkout",
      "condition": "success()",
      "id": "89b93932-14b5-4728-bd38-0ddfe64480c9",
      "name": "__actions_checkout"
    },
    {
      "type": "action",
      "reference": {
        "type": "repository",
        "name": "actions/setup-node",
        "ref": "v4",
        "repositoryType": "GitHub"
      },
      "displayNameToken": {
        "type": 0,
        "file": 1,
        "line": 16,
        "col": 15,
        "lit": "Setup Node.js"
      },
      "contextName": "__actions_setup-node",
      "inputs": {
        "type": 2,
        "file": 1,
        "line": 19,
        "col": 11,
        "map": [
          {
            "key": {
              "type": 0,
              "file": 1,
              "line": 19,
              "col": 11,
              "lit": "node-version"
            },
            "value": {
              "type": 0,
              "file": 1,
              "line": 19,
              "col": 25,
              "lit": "22"
            }
          }
        ]
      },
      "condition": "success()",
      "id": "07848fef-6d58-4a49-be3f-e1693d2d1720",
      "name": "__actions_setup-node"
    },
    {
      "type": "action",
      "reference": {
        "type": "script"
      },
      "displayNameToken": {
        "type": 0,
        "file": 1,
        "line": 21,
        "col": 15,
        "lit": "Install Packages"
      },
      "contextName": "__run",
      "inputs": {
        "type": 2,
        "map": [
          {
            "key": "script",
            "value": {
              "type": 0,
              "file": 1,
              "line": 23,
              "col": 14,
              "lit": "npm install"
            }
          },
          {
            "key": "shell",
            "value": {
              "type": 0,
              "file": 1,
              "line": 22,
              "col": 16,
              "lit": "cmd"
            }
          }
        ]
      },
      "condition": "success()",
      "id": "c048bec6-b587-462f-b601-f05b25507b54",
      "name": "__run"
    },
    {
      "type": "action",
      "reference": {
        "type": "script"
      },
      "displayNameToken": {
        "type": 0,
        "file": 1,
        "line": 29,
        "col": 15,
        "lit": "Stop Containers"
      },
      "contextName": "__run_2",
      "inputs": {
        "type": 2,
        "map": [
          {
            "key": "script",
            "value": {
              "type": 0,
              "file": 1,
              "line": 30,
              "col": 14,
              "lit": "docker compose down"
            }
          }
        ]
      },
      "condition": "success()",
      "id": "5eddff63-6c3b-4408-9062-019112f04694",
      "name": "__run_2"
    },
    {
      "type": "action",
      "reference": {
        "type": "script"
      },
      "displayNameToken": {
        "type": 0,
        "file": 1,
        "line": 32,
        "col": 15,
        "lit": "Build & Start Containers"
      },
      "contextName": "__run_3",
      "inputs": {
        "type": 2,
        "map": [
          {
            "key": "script",
            "value": {
              "type": 0,
              "file": 1,
              "line": 33,
              "col": 14,
              "lit": "docker compose up -d --build"
            }
          }
        ]
      },
      "condition": "success()",
      "id": "4c6282b2-1e25-44e3-ae32-2d14cfb7a8dd",
      "name": "__run_3"
    },
    {
      "type": "action",
      "reference": {
        "type": "script"
      },
      "displayNameToken": {
        "type": 0,
        "file": 1,
        "line": 35,
        "col": 15,
        "lit": "Remove Unused Images"
      },
      "contextName": "__run_4",
      "inputs": {
        "type": 2,
        "map": [
          {
            "key": "script",
            "value": {
              "type": 0,
              "file": 1,
              "line": 36,
              "col": 14,
              "lit": "docker image prune -f"
            }
          }
        ]
      },
      "condition": "success()",
      "id": "1e54b950-c446-4ba3-9ed7-dd4d2e6cb3d8",
      "name": "__run_4"
    }
  ],
  "variables": {
    "Actions.EnableHttpRedirects": {
      "value": "true"
    },
    "DistributedTask.AddWarningToNode12Action": {
      "value": "true"
    },
    "DistributedTask.AddWarningToNode16Action": {
      "value": "true"
    },
    "DistributedTask.AllowRunnerContainerHooks": {
      "value": "true"
    },
    "DistributedTask.DeprecateStepOutputCommands": {
      "value": "true"
    },
    "DistributedTask.DetailUntarFailure": {
      "value": "true"
    },
    "DistributedTask.EnableCompositeActions": {
      "value": "true"
    },
    "DistributedTask.EnableJobServerQueueTelemetry": {
      "value": "true"
    },
    "DistributedTask.EnhancedAnnotations": {
      "value": "true"
    },
    "DistributedTask.ForceGithubJavascriptActionsToNode16": {
      "value": "true"
    },
    "DistributedTask.ForceGithubJavascriptActionsToNode20": {
      "value": "true"
    },
    "DistributedTask.LogTemplateErrorsAsDebugMessages": {
      "value": "true"
    },
    "DistributedTask.MarkJobAsFailedOnWorkerCrash": {
      "value": "true"
    },
    "DistributedTask.NewActionMetadata": {
      "value": "true"
    },
    "DistributedTask.UploadStepSummary": {
      "value": "true"
    },
    "DistributedTask.UseActionArchiveCache": {
      "value": "true"
    },
    "DistributedTask.UseWhich2": {
      "value": "true"
    },
    "RunService.FixEmbeddedIssues": {
      "value": "true"
    },
    "actions.runner.requirenode24": {
      "value": "false"
    },
    "actions.runner.usenode24bydefault": {
      "value": "true"
    },
    "actions.runner.warnonnode20": {
      "value": "true"
    },
    "actions_add_check_run_id_to_job_context": {
      "value": "true"
    },
    "actions_batch_action_resolution": {
      "value": "false"
    },
    "actions_container_action_runner_temp": {
      "value": "true"
    },
    "actions_display_helpful_actions_download_errors": {
      "value": "true"
    },
    "actions_runner_allow_artifacts_file": {
      "value": "false"
    },
    "actions_runner_compare_workflow_parser": {
      "value": "false"
    },
    "actions_runner_deprecate_linux_arm32": {
      "value": "true"
    },
    "actions_runner_emit_composite_markers": {
      "value": "true"
    },
    "actions_runner_kill_linux_arm32": {
      "value": "false"
    },
    "actions_runner_node20_removal_date": {
      "value": ""
    },
    "actions_runner_node24_default_date": {
      "value": "June 16th, 2026"
    },
    "actions_self_repository": {
      "value": "true"
    },
    "actions_service_container_command": {
      "value": "true"
    },
    "actions_set_orchestration_id_env_for_actions": {
      "value": "true"
    },
    "actions_skip_retry_complete_job_upon_known_errors": {
      "value": "true"
    },
    "actions_snapshot_preflight_hosted_runner_check": {
      "value": "false"
    },
    "actions_snapshot_preflight_image_gen_pool_check": {
      "value": "false"
    },
    "actions_use_bearer_token_for_codeload": {
      "value": "false"
    },
    "actions_uses_cache_service_v2": {
      "value": "true"
    },
    "github_token": {
      "value": "***",
      "isSecret": true
    },
    "system.from_run_service": {
      "value": "true"
    },
    "system.github.job": {
      "value": "deploy"
    },
    "system.github.launch_endpoint": {
      "value": "https://launch.actions.githubusercontent.com"
    },
    "system.github.results_endpoint": {
      "value": "https://results-receiver.actions.githubusercontent.com/"
    },
    "system.github.results_upload_with_sdk": {
      "value": "true"
    },
    "system.github.token": {
      "value": "***",
      "isSecret": true
    },
    "system.github.token.permissions": {
      "value": "{\"Contents\":\"read\",\"Metadata\":\"read\",\"Packages\":\"read\"}"
    },
    "system.orchestrationId": {
      "value": "ce27b0d1-14ce-4606-a4d2-b2fe0e2d74b3.deploy.__default"
    },
    "system.phaseDisplayName": {
      "value": "deploy"
    },
    "system.runner.lowdiskspacethreshold": {
      "value": "100"
    },
    "system.runnerEnvironment": {
      "value": "self-hosted"
    },
    "system.runnerGroupName": {
      "value": "Default"
    }
  },
  "messageType": "RunnerJobRequest",
  "plan": {
    "scopeIdentifier": "00000000-0000-0000-0000-000000000000",
    "planType": "actions",
    "version": 0,
    "planId": "ce27b0d1-14ce-4606-a4d2-b2fe0e2d74b3",
    "planGroup": null,
    "artifactUri": null,
    "artifactLocation": null,
    "definition": null,
    "owner": null
  },
  "timeline": {
    "id": "ce27b0d1-14ce-4606-a4d2-b2fe0e2d74b3",
    "changeId": 0,
    "location": null
  },
  "jobId": "bed96e6f-34b0-5163-836a-545acc8450ef",
  "jobDisplayName": "deploy",
  "jobName": "__default",
  "requestId": 0,
  "lockedUntil": "0001-01-01T00:00:00",
  "resources": {
    "endpoints": [
      {
        "data": {
          "ServerId": "",
          "ServerName": "",
          "CacheServerUrl": "https://artifactcache.actions.githubusercontent.com/ztMjL2zLeApI83S06VKPI3awLebW6ZlTrMGD6fRRrWDwGL4jkD/",
          "FeedStreamUrl": "wss://results-receiver.actions.githubusercontent.com/_ws/ingest.sock",
          "ResultsServiceUrl": "https://results-receiver.actions.githubusercontent.com/",
          "PipelinesServiceUrl": "https://pipelinesghubeus7.actions.githubusercontent.com/ztMjL2zLeApI83S06VKPI3awLebW6ZlTrMGD6fRRrWDwGL4jkD/",
          "GenerateIdTokenUrl": "",
          "ConnectivityChecks": "[\"https://broker.actions.githubusercontent.com/health\",\"https://token.actions.githubusercontent.com/ready\",\"https://run.actions.githubusercontent.com/health\"]",
          "ConnectivityAndDNSChecks": ""
        },
        "name": "SystemVssConnection",
        "url": "https://run-actions-3-azure-eastus.actions.githubusercontent.com/213/",
        "authorization": {
          "parameters": {
            "AccessToken": "***"
          },
          "scheme": "OAuth"
        },
        "isShared": false,
        "isReady": true
      }
    ]
  },
  "contextData": {
    "github": {
      "t": 2,
      "d": [
        {
          "k": "ref",
          "v": "refs/heads/staging"
        },
        {
          "k": "sha",
          "v": "ee336e2ef10f0f48ed9b9d6c70f536ea9c2c7559"
        },
        {
          "k": "repository",
          "v": "CryptonFuture/Ecommerce_backened"
        },
        {
          "k": "repository_owner",
          "v": "CryptonFuture"
        },
        {
          "k": "repository_owner_id",
          "v": "86903729"
        },
        {
          "k": "repositoryUrl",
          "v": "git://github.com/CryptonFuture/Ecommerce_backened.git"
        },
        {
          "k": "run_id",
          "v": "30892893629"
        },
        {
          "k": "run_number",
          "v": "7"
        },
        {
          "k": "retention_days",
          "v": "90"
        },
        {
          "k": "run_attempt",
          "v": "1"
        },
        {
          "k": "artifact_cache_size_limit",
          "v": "10"
        },
        {
          "k": "repository_visibility",
          "v": "public"
        },
        {
          "k": "actor_id",
          "v": "86903729"
        },
        {
          "k": "actor",
          "v": "CryptonFuture"
        },
        {
          "k": "workflow",
          "v": "Node CI/CD Local"
        },
        {
          "k": "head_ref",
          "v": ""
        },
        {
          "k": "base_ref",
          "v": ""
        },
        {
          "k": "event_name",
          "v": "push"
        },
        {
          "k": "server_url",
          "v": "https://github.com"
        },
        {
          "k": "api_url",
          "v": "https://api.github.com"
        },
        {
          "k": "graphql_url",
          "v": "https://api.github.com/graphql"
        },
        {
          "k": "ref_name",
          "v": "staging"
        },
        {
          "k": "ref_protected",
          "v": false
        },
        {
          "k": "ref_type",
          "v": "branch"
        },
        {
          "k": "secret_source",
          "v": "Actions"
        },
        {
          "k": "event",
          "v": {
            "t": 2,
            "d": [
              {
                "k": "after",
                "v": "ee336e2ef10f0f48ed9b9d6c70f536ea9c2c7559"
              },
              {
                "k": "base_ref",
                "v": null
              },
              {
                "k": "before",
                "v": "98a8a98bd7aa67815f2d211a47c182f3a43bd65e"
              },
              {
                "k": "commits",
                "v": {
                  "t": 1,
                  "a": [
                    {
                      "t": 2,
                      "d": [
                        {
                          "k": "author",
                          "v": {
                            "t": 2,
                            "d": [
                              {
                                "k": "email",
                                "v": "86903729+CryptonFuture@users.noreply.github.com"
                              },
                              {
                                "k": "name",
                                "v": "CryptonFuture"
                              },
                              {
                                "k": "username",
                                "v": "CryptonFuture"
                              }
                            ]
                          }
                        },
                        {
                          "k": "committer",
                          "v": {
                            "t": 2,
                            "d": [
                              {
                                "k": "email",
                                "v": "86903729+CryptonFuture@users.noreply.github.com"
                              },
                              {
                                "k": "name",
                                "v": "CryptonFuture"
                              },
                              {
                                "k": "username",
                                "v": "CryptonFuture"
                              }
                            ]
                          }
                        },
                        {
                          "k": "distinct",
                          "v": false
                        },
                        {
                          "k": "id",
                          "v": "963ea8110e23103f7f0064a27a74fb22cef60e81"
                        },
                        {
                          "k": "message",
                          "v": "grpc"
                        },
                        {
                          "k": "timestamp",
                          "v": "2026-08-04T13:35:49+05:00"
                        },
                        {
                          "k": "tree_id",
                          "v": "16ba5871becd16d73c1ae934ca8794c6b8ad1205"
                        },
                        {
                          "k": "url",
                          "v": "https://github.com/CryptonFuture/Ecommerce_backened/commit/963ea8110e23103f7f0064a27a74fb22cef60e81"
                        }
                      ]
                    },
                    {
                      "t": 2,
                      "d": [
                        {
                          "k": "author",
                          "v": {
                            "t": 2,
                            "d": [
                              {
                                "k": "email",
                                "v": "86903729+CryptonFuture@users.noreply.github.com"
                              },
                              {
                                "k": "name",
                                "v": "CryptonFuture"
                              },
                              {
                                "k": "username",
                                "v": "CryptonFuture"
                              }
                            ]
                          }
                        },
                        {
                          "k": "committer",
                          "v": {
                            "t": 2,
                            "d": [
                              {
                                "k": "email",
                                "v": "noreply@github.com"
                              },
                              {
                                "k": "name",
                                "v": "GitHub"
                              },
                              {
                                "k": "username",
                                "v": "web-flow"
                              }
                            ]
                          }
                        },
                        {
                          "k": "distinct",
                          "v": true
                        },
                        {
                          "k": "id",
                          "v": "ee336e2ef10f0f48ed9b9d6c70f536ea9c2c7559"
                        },
                        {
                          "k": "message",
                          "v": "Merge pull request #2 from CryptonFuture/feature/grpc\n\ngrpc"
                        },
                        {
                          "k": "timestamp",
                          "v": "2026-08-04T13:39:38+05:00"
                        },
                        {
                          "k": "tree_id",
                          "v": "16ba5871becd16d73c1ae934ca8794c6b8ad1205"
                        },
                        {
                          "k": "url",
                          "v": "https://github.com/CryptonFuture/Ecommerce_backened/commit/ee336e2ef10f0f48ed9b9d6c70f536ea9c2c7559"
                        }
                      ]
                    }
                  ]
                }
              },
              {
                "k": "compare",
                "v": "https://github.com/CryptonFuture/Ecommerce_backened/compare/98a8a98bd7aa...ee336e2ef10f"
              },
              {
                "k": "created",
                "v": false
              },
              {
                "k": "deleted",
                "v": false
              },
              {
                "k": "forced",
                "v": false
              },
              {
                "k": "head_commit",
                "v": {
                  "t": 2,
                  "d": [
                    {
                      "k": "author",
                      "v": {
                        "t": 2,
                        "d": [
                          {
                            "k": "email",
                            "v": "86903729+CryptonFuture@users.noreply.github.com"
                          },
                          {
                            "k": "name",
                            "v": "CryptonFuture"
                          },
                          {
                            "k": "username",
                            "v": "CryptonFuture"
                          }
                        ]
                      }
                    },
                    {
                      "k": "committer",
                      "v": {
                        "t": 2,
                        "d": [
                          {
                            "k": "email",
                            "v": "noreply@github.com"
                          },
                          {
                            "k": "name",
                            "v": "GitHub"
                          },
                          {
                            "k": "username",
                            "v": "web-flow"
                          }
                        ]
                      }
                    },
                    {
                      "k": "distinct",
                      "v": true
                    },
                    {
                      "k": "id",
                      "v": "ee336e2ef10f0f48ed9b9d6c70f536ea9c2c7559"
                    },
                    {
                      "k": "message",
                      "v": "Merge pull request #2 from CryptonFuture/feature/grpc\n\ngrpc"
                    },
                    {
                      "k": "timestamp",
                      "v": "2026-08-04T13:39:38+05:00"
                    },
                    {
                      "k": "tree_id",
                      "v": "16ba5871becd16d73c1ae934ca8794c6b8ad1205"
                    },
                    {
                      "k": "url",
                      "v": "https://github.com/CryptonFuture/Ecommerce_backened/commit/ee336e2ef10f0f48ed9b9d6c70f536ea9c2c7559"
                    }
                  ]
                }
              },
              {
                "k": "pusher",
                "v": {
                  "t": 2,
                  "d": [
                    {
                      "k": "email",
                      "v": "86903729+CryptonFuture@users.noreply.github.com"
                    },
                    {
                      "k": "name",
                      "v": "CryptonFuture"
                    }
                  ]
                }
              },
              {
                "k": "ref",
                "v": "refs/heads/staging"
              },
              {
                "k": "repository",
                "v": {
                  "t": 2,
                  "d": [
                    {
                      "k": "allow_forking",
                      "v": true
                    },
                    {
                      "k": "archive_url",
                      "v": "https://api.github.com/repos/CryptonFuture/Ecommerce_backened/{archive_format}{/ref}"
                    },
                    {
                      "k": "archived",
                      "v": false
                    },
                    {
                      "k": "assignees_url",
                      "v": "https://api.github.com/repos/CryptonFuture/Ecommerce_backened/assignees{/user}"
                    },
                    {
                      "k": "blobs_url",
                      "v": "https://api.github.com/repos/CryptonFuture/Ecommerce_backened/git/blobs{/sha}"
                    },
                    {
                      "k": "branches_url",
                      "v": "https://api.github.com/repos/CryptonFuture/Ecommerce_backened/branches{/branch}"
                    },
                    {
                      "k": "clone_url",
                      "v": "https://github.com/CryptonFuture/Ecommerce_backened.git"
                    },
                    {
                      "k": "collaborators_url",
                      "v": "https://api.github.com/repos/CryptonFuture/Ecommerce_backened/collaborators{/collaborator}"
                    },
                    {
                      "k": "comments_url",
                      "v": "https://api.github.com/repos/CryptonFuture/Ecommerce_backened/comments{/number}"
                    },
                    {
                      "k": "commits_url",
                      "v": "https://api.github.com/repos/CryptonFuture/Ecommerce_backened/commits{/sha}"
                    },
                    {
                      "k": "compare_url",
                      "v": "https://api.github.com/repos/CryptonFuture/Ecommerce_backened/compare/{base}...{head}"
                    },
                    {
                      "k": "contents_url",
                      "v": "https://api.github.com/repos/CryptonFuture/Ecommerce_backened/contents/{+path}"
                    },
                    {
                      "k": "contributors_url",
                      "v": "https://api.github.com/repos/CryptonFuture/Ecommerce_backened/contributors"
                    },
                    {
                      "k": "created_at",
                      "v": 1785823057.0
                    },
                    {
                      "k": "default_branch",
                      "v": "main"
                    },
                    {
                      "k": "deployments_url",
                      "v": "https://api.github.com/repos/CryptonFuture/Ecommerce_backened/deployments"
                    },
                    {
                      "k": "description",
                      "v": null
                    },
                    {
                      "k": "disabled",
                      "v": false
                    },
                    {
                      "k": "downloads_url",
                      "v": "https://api.github.com/repos/CryptonFuture/Ecommerce_backened/downloads"
                    },
                    {
                      "k": "events_url",
                      "v": "https://api.github.com/repos/CryptonFuture/Ecommerce_backened/events"
                    },
                    {
                      "k": "fork",
                      "v": false
                    },
                    {
                      "k": "forks",
                      "v": 0.0
                    },
                    {
                      "k": "forks_count",
                      "v": 0.0
                    },
                    {
                      "k": "forks_url",
                      "v": "https://api.github.com/repos/CryptonFuture/Ecommerce_backened/forks"
                    },
                    {
                      "k": "full_name",
                      "v": "CryptonFuture/Ecommerce_backened"
                    },
                    {
                      "k": "git_commits_url",
                      "v": "https://api.github.com/repos/CryptonFuture/Ecommerce_backened/git/commits{/sha}"
                    },
                    {
                      "k": "git_refs_url",
                      "v": "https://api.github.com/repos/CryptonFuture/Ecommerce_backened/git/refs{/sha}"
                    },
                    {
                      "k": "git_tags_url",
                      "v": "https://api.github.com/repos/CryptonFuture/Ecommerce_backened/git/tags{/sha}"
                    },
                    {
                      "k": "git_url",
                      "v": "git://github.com/CryptonFuture/Ecommerce_backened.git"
                    },
                    {
                      "k": "has_discussions",
                      "v": false
                    },
                    {
                      "k": "has_downloads",
                      "v": true
                    },
                    {
                      "k": "has_issues",
                      "v": true
                    },
                    {
                      "k": "has_pages",
                      "v": false
                    },
                    {
                      "k": "has_projects",
                      "v": true
                    },
                    {
                      "k": "has_pull_requests",
                      "v": true
                    },
                    {
                      "k": "has_wiki",
                      "v": true
                    },
                    {
                      "k": "homepage",
                      "v": null
                    },
                    {
                      "k": "hooks_url",
                      "v": "https://api.github.com/repos/CryptonFuture/Ecommerce_backened/hooks"
                    },
                    {
                      "k": "html_url",
                      "v": "https://github.com/CryptonFuture/Ecommerce_backened"
                    },
                    {
                      "k": "id",
                      "v": 1322572422.0
                    },
                    {
                      "k": "is_template",
                      "v": false
                    },
                    {
                      "k": "issue_comment_url",
                      "v": "https://api.github.com/repos/CryptonFuture/Ecommerce_backened/issues/comments{/number}"
                    },
                    {
                      "k": "issue_events_url",
                      "v": "https://api.github.com/repos/CryptonFuture/Ecommerce_backened/issues/events{/number}"
                    },
                    {
                      "k": "issues_url",
                      "v": "https://api.github.com/repos/CryptonFuture/Ecommerce_backened/issues{/number}"
                    },
                    {
                      "k": "keys_url",
                      "v": "https://api.github.com/repos/CryptonFuture/Ecommerce_backened/keys{/key_id}"
                    },
                    {
                      "k": "labels_url",
                      "v": "https://api.github.com/repos/CryptonFuture/Ecommerce_backened/labels{/name}"
                    },
                    {
                      "k": "language",
                      "v": "JavaScript"
                    },
                    {
                      "k": "languages_url",
                      "v": "https://api.github.com/repos/CryptonFuture/Ecommerce_backened/languages"
                    },
                    {
                      "k": "license",
                      "v": null
                    },
                    {
                      "k": "master_branch",
                      "v": "main"
                    },
                    {
                      "k": "merges_url",
                      "v": "https://api.github.com/repos/CryptonFuture/Ecommerce_backened/merges"
                    },
                    {
                      "k": "milestones_url",
                      "v": "https://api.github.com/repos/CryptonFuture/Ecommerce_backened/milestones{/number}"
                    },
                    {
                      "k": "mirror_url",
                      "v": null
                    },
                    {
                      "k": "name",
                      "v": "Ecommerce_backened"
                    },
                    {
                      "k": "node_id",
                      "v": "R_kgDOTtTahg"
                    },
                    {
                      "k": "notifications_url",
                      "v": "https://api.github.com/repos/CryptonFuture/Ecommerce_backened/notifications{?since,all,participating}"
                    },
                    {
                      "k": "open_issues",
                      "v": 0.0
                    },
                    {
                      "k": "open_issues_count",
                      "v": 0.0
                    },
                    {
                      "k": "owner",
                      "v": {
                        "t": 2,
                        "d": [
                          {
                            "k": "avatar_url",
                            "v": "https://avatars.githubusercontent.com/u/86903729?v=4"
                          },
                          {
                            "k": "email",
                            "v": "86903729+CryptonFuture@users.noreply.github.com"
                          },
                          {
                            "k": "events_url",
                            "v": "https://api.github.com/users/CryptonFuture/events{/privacy}"
                          },
                          {
                            "k": "followers_url",
                            "v": "https://api.github.com/users/CryptonFuture/followers"
                          },
                          {
                            "k": "following_url",
                            "v": "https://api.github.com/users/CryptonFuture/following{/other_user}"
                          },
                          {
                            "k": "gists_url",
                            "v": "https://api.github.com/users/CryptonFuture/gists{/gist_id}"
                          },
                          {
                            "k": "gravatar_id",
                            "v": ""
                          },
                          {
                            "k": "html_url",
                            "v": "https://github.com/CryptonFuture"
                          },
                          {
                            "k": "id",
                            "v": 86903729.0
                          },
                          {
                            "k": "login",
                            "v": "CryptonFuture"
                          },
                          {
                            "k": "name",
                            "v": "CryptonFuture"
                          },
                          {
                            "k": "node_id",
                            "v": "MDQ6VXNlcjg2OTAzNzI5"
                          },
                          {
                            "k": "organizations_url",
                            "v": "https://api.github.com/users/CryptonFuture/orgs"
                          },
                          {
                            "k": "received_events_url",
                            "v": "https://api.github.com/users/CryptonFuture/received_events"
                          },
                          {
                            "k": "repos_url",
                            "v": "https://api.github.com/users/CryptonFuture/repos"
                          },
                          {
                            "k": "site_admin",
                            "v": false
                          },
                          {
                            "k": "starred_url",
                            "v": "https://api.github.com/users/CryptonFuture/starred{/owner}{/repo}"
                          },
                          {
                            "k": "subscriptions_url",
                            "v": "https://api.github.com/users/CryptonFuture/subscriptions"
                          },
                          {
                            "k": "type",
                            "v": "User"
                          },
                          {
                            "k": "url",
                            "v": "https://api.github.com/users/CryptonFuture"
                          },
                          {
                            "k": "user_view_type",
                            "v": "public"
                          }
                        ]
                      }
                    },
                    {
                      "k": "private",
                      "v": false
                    },
                    {
                      "k": "pull_request_creation_policy",
                      "v": "all"
                    },
                    {
                      "k": "pulls_url",
                      "v": "https://api.github.com/repos/CryptonFuture/Ecommerce_backened/pulls{/number}"
                    },
                    {
                      "k": "pushed_at",
                      "v": 1785832779.0
                    },
                    {
                      "k": "releases_url",
                      "v": "https://api.github.com/repos/CryptonFuture/Ecommerce_backened/releases{/id}"
                    },
                    {
                      "k": "size",
                      "v": 221238.0
                    },
                    {
                      "k": "ssh_url",
                      "v": "git@github.com:CryptonFuture/Ecommerce_backened.git"
                    },
                    {
                      "k": "stargazers",
                      "v": 0.0
                    },
                    {
                      "k": "stargazers_count",
                      "v": 0.0
                    },
                    {
                      "k": "stargazers_url",
                      "v": "https://api.github.com/repos/CryptonFuture/Ecommerce_backened/stargazers"
                    },
                    {
                      "k": "statuses_url",
                      "v": "https://api.github.com/repos/CryptonFuture/Ecommerce_backened/statuses/{sha}"
                    },
                    {
                      "k": "subscribers_url",
                      "v": "https://api.github.com/repos/CryptonFuture/Ecommerce_backened/subscribers"
                    },
                    {
                      "k": "subscription_url",
                      "v": "https://api.github.com/repos/CryptonFuture/Ecommerce_backened/subscription"
                    },
                    {
                      "k": "svn_url",
                      "v": "https://github.com/CryptonFuture/Ecommerce_backened"
                    },
                    {
                      "k": "tags_url",
                      "v": "https://api.github.com/repos/CryptonFuture/Ecommerce_backened/tags"
                    },
                    {
                      "k": "teams_url",
                      "v": "https://api.github.com/repos/CryptonFuture/Ecommerce_backened/teams"
                    },
                    {
                      "k": "topics",
                      "v": {
                        "t": 1
                      }
                    },
                    {
                      "k": "trees_url",
                      "v": "https://api.github.com/repos/CryptonFuture/Ecommerce_backened/git/trees{/sha}"
                    },
                    {
                      "k": "updated_at",
                      "v": "2026-08-04T06:51:18Z"
                    },
                    {
                      "k": "url",
                      "v": "https://api.github.com/repos/CryptonFuture/Ecommerce_backened"
                    },
                    {
                      "k": "visibility",
                      "v": "public"
                    },
                    {
                      "k": "watchers",
                      "v": 0.0
                    },
                    {
                      "k": "watchers_count",
                      "v": 0.0
                    },
                    {
                      "k": "web_commit_signoff_required",
                      "v": false
                    }
                  ]
                }
              },
              {
                "k": "sender",
                "v": {
                  "t": 2,
                  "d": [
                    {
                      "k": "avatar_url",
                      "v": "https://avatars.githubusercontent.com/u/86903729?v=4"
                    },
                    {
                      "k": "events_url",
                      "v": "https://api.github.com/users/CryptonFuture/events{/privacy}"
                    },
                    {
                      "k": "followers_url",
                      "v": "https://api.github.com/users/CryptonFuture/followers"
                    },
                    {
                      "k": "following_url",
                      "v": "https://api.github.com/users/CryptonFuture/following{/other_user}"
                    },
                    {
                      "k": "gists_url",
                      "v": "https://api.github.com/users/CryptonFuture/gists{/gist_id}"
                    },
                    {
                      "k": "gravatar_id",
                      "v": ""
                    },
                    {
                      "k": "html_url",
                      "v": "https://github.com/CryptonFuture"
                    },
                    {
                      "k": "id",
                      "v": 86903729.0
                    },
                    {
                      "k": "login",
                      "v": "CryptonFuture"
                    },
                    {
                      "k": "node_id",
                      "v": "MDQ6VXNlcjg2OTAzNzI5"
                    },
                    {
                      "k": "organizations_url",
                      "v": "https://api.github.com/users/CryptonFuture/orgs"
                    },
                    {
                      "k": "received_events_url",
                      "v": "https://api.github.com/users/CryptonFuture/received_events"
                    },
                    {
                      "k": "repos_url",
                      "v": "https://api.github.com/users/CryptonFuture/repos"
                    },
                    {
                      "k": "site_admin",
                      "v": false
                    },
                    {
                      "k": "starred_url",
                      "v": "https://api.github.com/users/CryptonFuture/starred{/owner}{/repo}"
                    },
                    {
                      "k": "subscriptions_url",
                      "v": "https://api.github.com/users/CryptonFuture/subscriptions"
                    },
                    {
                      "k": "type",
                      "v": "User"
                    },
                    {
                      "k": "url",
                      "v": "https://api.github.com/users/CryptonFuture"
                    },
                    {
                      "k": "user_view_type",
                      "v": "public"
                    }
                  ]
                }
              }
            ]
          }
        },
        {
          "k": "workflow_ref",
          "v": "CryptonFuture/Ecommerce_backened/.github/workflows/ci-cd.yml@refs/heads/staging"
        },
        {
          "k": "workflow_sha",
          "v": "ee336e2ef10f0f48ed9b9d6c70f536ea9c2c7559"
        },
        {
          "k": "repository_id",
          "v": "1322572422"
        },
        {
          "k": "triggering_actor",
          "v": "CryptonFuture"
        }
      ]
    },
    "inputs": {
      "t": 2
    },
    "job": {
      "t": 2,
      "d": [
        {
          "k": "check_run_id",
          "v": 91938900482.0
        },
        {
          "k": "workflow_ref",
          "v": "CryptonFuture/Ecommerce_backened/.github/workflows/ci-cd.yml@refs/heads/staging"
        },
        {
          "k": "workflow_sha",
          "v": "ee336e2ef10f0f48ed9b9d6c70f536ea9c2c7559"
        },
        {
          "k": "workflow_repository",
          "v": "CryptonFuture/Ecommerce_backened"
        },
        {
          "k": "workflow_file_path",
          "v": ".github/workflows/ci-cd.yml"
        }
      ]
    },
    "matrix": null,
    "needs": {
      "t": 2
    },
    "strategy": {
      "t": 2,
      "d": [
        {
          "k": "fail-fast",
          "v": true
        },
        {
          "k": "job-index",
          "v": 0.0
        },
        {
          "k": "job-total",
          "v": 1.0
        },
        {
          "k": "max-parallel",
          "v": 1.0
        }
      ]
    },
    "vars": {
      "t": 2
    }
  },
  "billingOwnerId": "U_kgDOBS4LsQ"
}
[2026-08-04 08:39:53Z INFO JobRunner] Job ID bed96e6f-34b0-5163-836a-545acc8450ef
[2026-08-04 08:39:53Z INFO ConfigurationStore] currentAssemblyLocation: D:\nodejs\ecommerce-backened\actions-runner\bin\Runner.Worker.dll
[2026-08-04 08:39:53Z INFO HostContext] Well known directory 'Bin': 'D:\nodejs\ecommerce-backened\actions-runner\bin'
[2026-08-04 08:39:53Z INFO ConfigurationStore] binPath: D:\nodejs\ecommerce-backened\actions-runner\bin
[2026-08-04 08:39:53Z INFO HostContext] Well known directory 'Bin': 'D:\nodejs\ecommerce-backened\actions-runner\bin'
[2026-08-04 08:39:53Z INFO HostContext] Well known directory 'Root': 'D:\nodejs\ecommerce-backened\actions-runner'
[2026-08-04 08:39:53Z INFO ConfigurationStore] RootFolder: D:\nodejs\ecommerce-backened\actions-runner
[2026-08-04 08:39:53Z INFO HostContext] Well known directory 'Bin': 'D:\nodejs\ecommerce-backened\actions-runner\bin'
[2026-08-04 08:39:53Z INFO HostContext] Well known directory 'Root': 'D:\nodejs\ecommerce-backened\actions-runner'
[2026-08-04 08:39:53Z INFO HostContext] Well known config file 'Runner': 'D:\nodejs\ecommerce-backened\actions-runner\.runner'
[2026-08-04 08:39:53Z INFO ConfigurationStore] ConfigFilePath: D:\nodejs\ecommerce-backened\actions-runner\.runner
[2026-08-04 08:39:53Z INFO HostContext] Well known directory 'Bin': 'D:\nodejs\ecommerce-backened\actions-runner\bin'
[2026-08-04 08:39:53Z INFO HostContext] Well known directory 'Root': 'D:\nodejs\ecommerce-backened\actions-runner'
[2026-08-04 08:39:53Z INFO HostContext] Well known config file 'MigratedRunner': 'D:\nodejs\ecommerce-backened\actions-runner\.runner_migrated'
[2026-08-04 08:39:53Z INFO ConfigurationStore] MigratedConfigFilePath: D:\nodejs\ecommerce-backened\actions-runner\.runner_migrated
[2026-08-04 08:39:53Z INFO HostContext] Well known directory 'Bin': 'D:\nodejs\ecommerce-backened\actions-runner\bin'
[2026-08-04 08:39:53Z INFO HostContext] Well known directory 'Root': 'D:\nodejs\ecommerce-backened\actions-runner'
[2026-08-04 08:39:53Z INFO HostContext] Well known config file 'Credentials': 'D:\nodejs\ecommerce-backened\actions-runner\.credentials'
[2026-08-04 08:39:53Z INFO ConfigurationStore] CredFilePath: D:\nodejs\ecommerce-backened\actions-runner\.credentials
[2026-08-04 08:39:53Z INFO HostContext] Well known directory 'Bin': 'D:\nodejs\ecommerce-backened\actions-runner\bin'
[2026-08-04 08:39:53Z INFO HostContext] Well known directory 'Root': 'D:\nodejs\ecommerce-backened\actions-runner'
[2026-08-04 08:39:53Z INFO HostContext] Well known config file 'MigratedCredentials': 'D:\nodejs\ecommerce-backened\actions-runner\.credentials_migrated'
[2026-08-04 08:39:53Z INFO ConfigurationStore] MigratedCredFilePath: D:\nodejs\ecommerce-backened\actions-runner\.credentials_migrated
[2026-08-04 08:39:53Z INFO HostContext] Well known directory 'Bin': 'D:\nodejs\ecommerce-backened\actions-runner\bin'
[2026-08-04 08:39:53Z INFO HostContext] Well known directory 'Root': 'D:\nodejs\ecommerce-backened\actions-runner'
[2026-08-04 08:39:53Z INFO HostContext] Well known config file 'Service': 'D:\nodejs\ecommerce-backened\actions-runner\.service'
[2026-08-04 08:39:53Z INFO ConfigurationStore] ServiceConfigFilePath: D:\nodejs\ecommerce-backened\actions-runner\.service
[2026-08-04 08:39:53Z INFO ConfigurationStore] Read setting file: 399 chars
[2026-08-04 08:39:53Z INFO JobRunner] Initializing launch client
[2026-08-04 08:39:53Z INFO JobServerQueue] Initializing results client
[2026-08-04 08:39:53Z INFO ResultServer] Creating websocket client ...wss://results-receiver.actions.githubusercontent.com/_ws/ingest.sock
[2026-08-04 08:39:53Z INFO ResultServer] Attempting to start websocket client with delay 00:00:00.
[2026-08-04 08:39:53Z INFO JobServerQueue] Start process web console line queue.
[2026-08-04 08:39:53Z INFO JobServerQueue] Start process file upload queue.
[2026-08-04 08:39:53Z INFO JobServerQueue] Start results file upload queue.
[2026-08-04 08:39:53Z INFO JobServerQueue] Starting results-based upload queue...
[2026-08-04 08:39:53Z INFO JobServerQueue] Start process timeline update queue.
[2026-08-04 08:39:53Z INFO ExecutionContext] Initializing Job context
[2026-08-04 08:39:53Z INFO ExecutionContext] Initialize GitHub context
[2026-08-04 08:39:53Z INFO ExecutionContext] Initialize Env context
[2026-08-04 08:39:53Z INFO HostContext] Well known directory 'Bin': 'D:\nodejs\ecommerce-backened\actions-runner\bin'
[2026-08-04 08:39:53Z INFO HostContext] Well known directory 'Root': 'D:\nodejs\ecommerce-backened\actions-runner'
[2026-08-04 08:39:53Z INFO HostContext] Well known directory 'Diag': 'D:\nodejs\ecommerce-backened\actions-runner\_diag'
[2026-08-04 08:39:53Z INFO HostContext] Well known directory 'Bin': 'D:\nodejs\ecommerce-backened\actions-runner\bin'
[2026-08-04 08:39:53Z INFO HostContext] Well known directory 'Root': 'D:\nodejs\ecommerce-backened\actions-runner'
[2026-08-04 08:39:53Z INFO HostContext] Well known directory 'Diag': 'D:\nodejs\ecommerce-backened\actions-runner\_diag'
[2026-08-04 08:39:53Z INFO JobRunner] Starting the job execution context.
[2026-08-04 08:39:53Z INFO HostContext] Well known directory 'Bin': 'D:\nodejs\ecommerce-backened\actions-runner\bin'
[2026-08-04 08:39:53Z INFO HostContext] Well known directory 'Root': 'D:\nodejs\ecommerce-backened\actions-runner'
[2026-08-04 08:39:53Z INFO HostContext] Well known directory 'Work': 'D:\nodejs\ecommerce-backened\actions-runner\_work'
[2026-08-04 08:39:53Z INFO JobRunner] Validating directory permissions for: 'D:\nodejs\ecommerce-backened\actions-runner\_work'
[2026-08-04 08:39:53Z INFO HostContext] Well known directory 'Bin': 'D:\nodejs\ecommerce-backened\actions-runner\bin'
[2026-08-04 08:39:53Z INFO HostContext] Well known directory 'Root': 'D:\nodejs\ecommerce-backened\actions-runner'
[2026-08-04 08:39:53Z INFO HostContext] Well known directory 'Work': 'D:\nodejs\ecommerce-backened\actions-runner\_work'
[2026-08-04 08:39:53Z INFO HostContext] Well known directory 'Tools': 'D:\nodejs\ecommerce-backened\actions-runner\_work\_tool'
[2026-08-04 08:39:53Z INFO HostContext] Well known directory 'Bin': 'D:\nodejs\ecommerce-backened\actions-runner\bin'
[2026-08-04 08:39:53Z INFO HostContext] Well known directory 'Root': 'D:\nodejs\ecommerce-backened\actions-runner'
[2026-08-04 08:39:53Z INFO HostContext] Well known directory 'Work': 'D:\nodejs\ecommerce-backened\actions-runner\_work'
[2026-08-04 08:39:53Z INFO HostContext] Well known directory 'Temp': 'D:\nodejs\ecommerce-backened\actions-runner\_work\_temp'
[2026-08-04 08:39:53Z INFO JobRunner] Getting job extension.
[2026-08-04 08:39:53Z INFO JobRunner] Initialize job. Getting all job steps.
[2026-08-04 08:39:53Z INFO HostContext] Well known directory 'Bin': 'D:\nodejs\ecommerce-backened\actions-runner\bin'
[2026-08-04 08:39:53Z INFO HostContext] Well known directory 'Root': 'D:\nodejs\ecommerce-backened\actions-runner'
[2026-08-04 08:39:53Z INFO HostContext] Well known directory 'Diag': 'D:\nodejs\ecommerce-backened\actions-runner\_diag'
[2026-08-04 08:39:53Z INFO HostContext] Well known directory 'Bin': 'D:\nodejs\ecommerce-backened\actions-runner\bin'
[2026-08-04 08:39:53Z INFO HostContext] Well known directory 'Root': 'D:\nodejs\ecommerce-backened\actions-runner'
[2026-08-04 08:39:53Z INFO HostContext] Well known directory 'Diag': 'D:\nodejs\ecommerce-backened\actions-runner\_diag'
[2026-08-04 08:39:53Z INFO HostContext] Well known directory 'Bin': 'D:\nodejs\ecommerce-backened\actions-runner\bin'
[2026-08-04 08:39:53Z INFO HostContext] Well known directory 'Root': 'D:\nodejs\ecommerce-backened\actions-runner'
[2026-08-04 08:39:53Z INFO HostContext] Well known config file 'Credentials': 'D:\nodejs\ecommerce-backened\actions-runner\.credentials'
[2026-08-04 08:39:53Z INFO HostContext] Well known directory 'Bin': 'D:\nodejs\ecommerce-backened\actions-runner\bin'
[2026-08-04 08:39:53Z INFO HostContext] Well known directory 'Root': 'D:\nodejs\ecommerce-backened\actions-runner'
[2026-08-04 08:39:53Z INFO HostContext] Well known config file 'SetupInfo': 'D:\nodejs\ecommerce-backened\actions-runner\.setup_info'
[2026-08-04 08:39:53Z INFO HostContext] Well known directory 'Bin': 'D:\nodejs\ecommerce-backened\actions-runner\bin'
[2026-08-04 08:39:53Z INFO HostContext] Well known directory 'Root': 'D:\nodejs\ecommerce-backened\actions-runner'
[2026-08-04 08:39:53Z INFO HostContext] Well known directory 'Work': 'D:\nodejs\ecommerce-backened\actions-runner\_work'
[2026-08-04 08:39:53Z INFO PipelineDirectoryManager] Loading tracking config if exists: D:\nodejs\ecommerce-backened\actions-runner\_work\_PipelineMapping\CryptonFuture/Ecommerce_backened\PipelineFolder.json
[2026-08-04 08:39:53Z INFO PipelineDirectoryManager] Updating job run properties.
[2026-08-04 08:39:53Z INFO HostContext] Well known directory 'Bin': 'D:\nodejs\ecommerce-backened\actions-runner\bin'
[2026-08-04 08:39:53Z INFO HostContext] Well known directory 'Root': 'D:\nodejs\ecommerce-backened\actions-runner'
[2026-08-04 08:39:53Z INFO HostContext] Well known directory 'Work': 'D:\nodejs\ecommerce-backened\actions-runner\_work'
[2026-08-04 08:39:53Z INFO PipelineDirectoryManager] Creating pipeline directory.
[2026-08-04 08:39:53Z INFO HostContext] Well known directory 'Bin': 'D:\nodejs\ecommerce-backened\actions-runner\bin'
[2026-08-04 08:39:53Z INFO HostContext] Well known directory 'Root': 'D:\nodejs\ecommerce-backened\actions-runner'
[2026-08-04 08:39:53Z INFO HostContext] Well known directory 'Work': 'D:\nodejs\ecommerce-backened\actions-runner\_work'
[2026-08-04 08:39:53Z INFO PipelineDirectoryManager] Creating workspace directory.
[2026-08-04 08:39:53Z INFO HostContext] Well known directory 'Bin': 'D:\nodejs\ecommerce-backened\actions-runner\bin'
[2026-08-04 08:39:53Z INFO HostContext] Well known directory 'Root': 'D:\nodejs\ecommerce-backened\actions-runner'
[2026-08-04 08:39:53Z INFO HostContext] Well known directory 'Work': 'D:\nodejs\ecommerce-backened\actions-runner\_work'
[2026-08-04 08:39:53Z INFO JobExtension] Downloading actions
[2026-08-04 08:39:53Z INFO HostContext] Well known directory 'Bin': 'D:\nodejs\ecommerce-backened\actions-runner\bin'
[2026-08-04 08:39:53Z INFO HostContext] Well known directory 'Root': 'D:\nodejs\ecommerce-backened\actions-runner'
[2026-08-04 08:39:53Z INFO HostContext] Well known directory 'Work': 'D:\nodejs\ecommerce-backened\actions-runner\_work'
[2026-08-04 08:39:53Z INFO HostContext] Well known directory 'Actions': 'D:\nodejs\ecommerce-backened\actions-runner\_work\_actions'
[2026-08-04 08:39:53Z INFO Worker] Listening for cancel message from the channel.
[2026-08-04 08:39:53Z INFO Worker] Waiting for the job to complete or for a cancel message from the channel.
[2026-08-04 08:39:54Z INFO ResultServer] Successfully started websocket client.
[2026-08-04 08:39:54Z INFO JobServerQueue] Try to append 1 batches web console lines for record 'e27768a2-80d8-4111-818e-544cac087fd4', success rate: 1/1.
[2026-08-04 08:39:54Z INFO JobServerQueue] Try to append 1 batches web console lines for record 'e27768a2-80d8-4111-818e-544cac087fd4', success rate: 1/1.
[2026-08-04 08:39:54Z INFO JobServerQueue] Job timeline record has been updated for the first time.
[2026-08-04 08:39:54Z INFO HostContext] Well known directory 'Bin': 'D:\nodejs\ecommerce-backened\actions-runner\bin'
[2026-08-04 08:39:54Z INFO HostContext] Well known directory 'Root': 'D:\nodejs\ecommerce-backened\actions-runner'
[2026-08-04 08:39:54Z INFO HostContext] Well known directory 'Work': 'D:\nodejs\ecommerce-backened\actions-runner\_work'
[2026-08-04 08:39:54Z INFO HostContext] Well known directory 'Actions': 'D:\nodejs\ecommerce-backened\actions-runner\_work\_actions'
[2026-08-04 08:39:54Z INFO HostContext] Well known directory 'Bin': 'D:\nodejs\ecommerce-backened\actions-runner\bin'
[2026-08-04 08:39:54Z INFO HostContext] Well known directory 'Root': 'D:\nodejs\ecommerce-backened\actions-runner'
[2026-08-04 08:39:54Z INFO HostContext] Well known directory 'Work': 'D:\nodejs\ecommerce-backened\actions-runner\_work'
[2026-08-04 08:39:54Z INFO HostContext] Well known directory 'Actions': 'D:\nodejs\ecommerce-backened\actions-runner\_work\_actions'
[2026-08-04 08:39:54Z INFO ActionManager] Save archive 'https://codeload.github.com/actions/checkout/zip/11d5960a326750d5838078e36cf38b85af677262' into D:\nodejs\ecommerce-backened\actions-runner\_work\_actions\_temp_7c3e5f6c-b6ea-4e6f-8834-03889395f8e8\194fee1f-bdef-40d8-9aaf-3e6da2741fda.zip.
[2026-08-04 08:39:54Z INFO ActionManager] Using Basic token for action archive download.
[2026-08-04 08:39:54Z INFO JobServerQueue] Try to append 1 batches web console lines for record 'e27768a2-80d8-4111-818e-544cac087fd4', success rate: 1/1.
[2026-08-04 08:39:55Z INFO ActionManager] Request URL: https://codeload.github.com/actions/checkout/zip/11d5960a326750d5838078e36cf38b85af677262 X-GitHub-Request-Id: 6E3F:186914:7437F:838347:6A71A557 Http Status: OK
[2026-08-04 08:39:56Z INFO ActionManager] Finished getting action repository.
[2026-08-04 08:39:56Z INFO HostContext] Well known directory 'Bin': 'D:\nodejs\ecommerce-backened\actions-runner\bin'
[2026-08-04 08:39:56Z INFO HostContext] Well known directory 'Root': 'D:\nodejs\ecommerce-backened\actions-runner'
[2026-08-04 08:39:56Z INFO HostContext] Well known directory 'Work': 'D:\nodejs\ecommerce-backened\actions-runner\_work'
[2026-08-04 08:39:56Z INFO HostContext] Well known directory 'Actions': 'D:\nodejs\ecommerce-backened\actions-runner\_work\_actions'
[2026-08-04 08:39:56Z INFO HostContext] Well known directory 'Bin': 'D:\nodejs\ecommerce-backened\actions-runner\bin'
[2026-08-04 08:39:56Z INFO HostContext] Well known directory 'Root': 'D:\nodejs\ecommerce-backened\actions-runner'
[2026-08-04 08:39:56Z INFO HostContext] Well known directory 'Work': 'D:\nodejs\ecommerce-backened\actions-runner\_work'
[2026-08-04 08:39:56Z INFO HostContext] Well known directory 'Actions': 'D:\nodejs\ecommerce-backened\actions-runner\_work\_actions'
[2026-08-04 08:39:56Z INFO ActionManager] Save archive 'https://codeload.github.com/actions/setup-node/zip/49933ea5288caeca8642d1e84afbd3f7d6820020' into D:\nodejs\ecommerce-backened\actions-runner\_work\_actions\_temp_f4c4d229-6bd0-48b2-9ef0-1b4988e9a253\e9dbfb5a-7f4a-4d66-9105-a43b6a96272a.zip.
[2026-08-04 08:39:56Z INFO ActionManager] Using Basic token for action archive download.
[2026-08-04 08:39:56Z INFO JobServerQueue] Try to append 1 batches web console lines for record 'e27768a2-80d8-4111-818e-544cac087fd4', success rate: 1/1.
[2026-08-04 08:39:57Z INFO ActionManager] Request URL: https://codeload.github.com/actions/setup-node/zip/49933ea5288caeca8642d1e84afbd3f7d6820020 X-GitHub-Request-Id: D96C:3587CE:71795:838842:6A71A559 Http Status: OK
[2026-08-04 08:39:58Z INFO ActionManager] Finished getting action repository.
[2026-08-04 08:39:58Z INFO HostContext] Well known directory 'Bin': 'D:\nodejs\ecommerce-backened\actions-runner\bin'
[2026-08-04 08:39:58Z INFO HostContext] Well known directory 'Root': 'D:\nodejs\ecommerce-backened\actions-runner'
[2026-08-04 08:39:58Z INFO HostContext] Well known directory 'Work': 'D:\nodejs\ecommerce-backened\actions-runner\_work'
[2026-08-04 08:39:58Z INFO HostContext] Well known directory 'Actions': 'D:\nodejs\ecommerce-backened\actions-runner\_work\_actions'
[2026-08-04 08:39:58Z INFO ActionManifestManagerLegacy] Load schema file with definitions: [
  "null",
  "boolean",
  "number",
  "string",
  "sequence",
  "mapping",
  "any",
  "action-root",
  "inputs",
  "input",
  "outputs",
  "output-definition",
  "runs",
  "container-runs",
  "container-runs-args",
  "container-runs-env",
  "node-runs",
  "plugin-runs",
  "composite-runs",
  "composite-steps",
  "composite-step",
  "run-step",
  "uses-step",
  "container-runs-context",
  "output-value",
  "input-default-context",
  "non-empty-string",
  "string-steps-context",
  "boolean-steps-context",
  "step-env",
  "step-if",
  "step-with"
]
[2026-08-04 08:39:58Z INFO ActionManifestManager] Load schema file with definitions: [
  "null",
  "boolean",
  "number",
  "string",
  "sequence",
  "mapping",
  "any",
  "action-root",
  "inputs",
  "input",
  "outputs",
  "output-definition",
  "runs",
  "container-runs",
  "container-runs-args",
  "container-runs-env",
  "node-runs",
  "plugin-runs",
  "composite-runs",
  "composite-steps",
  "composite-step",
  "run-step",
  "uses-step",
  "container-runs-context",
  "output-value",
  "input-default-context",
  "non-empty-string",
  "string-steps-context",
  "boolean-steps-context",
  "step-env",
  "step-if",
  "step-with"
]
[2026-08-04 08:39:58Z INFO HostContext] Well known directory 'Bin': 'D:\nodejs\ecommerce-backened\actions-runner\bin'
[2026-08-04 08:39:58Z INFO HostContext] Well known directory 'Root': 'D:\nodejs\ecommerce-backened\actions-runner'
[2026-08-04 08:39:58Z INFO HostContext] Well known directory 'Work': 'D:\nodejs\ecommerce-backened\actions-runner\_work'
[2026-08-04 08:39:58Z INFO HostContext] Well known directory 'Actions': 'D:\nodejs\ecommerce-backened\actions-runner\_work\_actions'
[2026-08-04 08:39:59Z INFO ActionManifestManagerLegacy] Loaded action.yml file: {
  "name": "Checkout",
  "description": "Checkout a Git repository at a particular version",
  "inputs": {
    "type": 2,
    "map": [
      {
        "key": {
          "type": 0,
          "file": 2,
          "line": 4,
          "col": 3,
          "lit": "repository"
        },
        "value": {
          "type": 3,
          "file": 2,
          "line": 6,
          "col": 14,
          "expr": "github.repository"
        }
      },
      {
        "key": {
          "type": 0,
          "file": 2,
          "line": 7,
          "col": 3,
          "lit": "ref"
        },
        "value": ""
      },
      {
        "key": {
          "type": 0,
          "file": 2,
          "line": 12,
          "col": 3,
          "lit": "token"
        },
        "value": {
          "type": 3,
          "file": 2,
          "line": 24,
          "col": 14,
          "expr": "github.token"
        }
      },
      {
        "key": {
          "type": 0,
          "file": 2,
          "line": 25,
          "col": 3,
          "lit": "ssh-key"
        },
        "value": ""
      },
      {
        "key": {
          "type": 0,
          "file": 2,
          "line": 37,
          "col": 3,
          "lit": "ssh-known-hosts"
        },
        "value": ""
      },
      {
        "key": {
          "type": 0,
          "file": 2,
          "line": 42,
          "col": 3,
          "lit": "ssh-strict"
        },
        "value": {
          "type": 0,
          "file": 2,
          "line": 47,
          "col": 14,
          "lit": "true"
        }
      },
      {
        "key": {
          "type": 0,
          "file": 2,
          "line": 48,
          "col": 3,
          "lit": "ssh-user"
        },
        "value": {
          "type": 0,
          "file": 2,
          "line": 51,
          "col": 14,
          "lit": "git"
        }
      },
      {
        "key": {
          "type": 0,
          "file": 2,
          "line": 52,
          "col": 3,
          "lit": "persist-credentials"
        },
        "value": {
          "type": 0,
          "file": 2,
          "line": 54,
          "col": 14,
          "lit": "true"
        }
      },
      {
        "key": {
          "type": 0,
          "file": 2,
          "line": 55,
          "col": 3,
          "lit": "path"
        },
        "value": ""
      },
      {
        "key": {
          "type": 0,
          "file": 2,
          "line": 57,
          "col": 3,
          "lit": "clean"
        },
        "value": {
          "type": 0,
          "file": 2,
          "line": 59,
          "col": 14,
          "lit": "true"
        }
      },
      {
        "key": {
          "type": 0,
          "file": 2,
          "line": 60,
          "col": 3,
          "lit": "filter"
        },
        "value": {
          "type": 0,
          "file": 2,
          "line": 64,
          "col": 14,
          "lit": ""
        }
      },
      {
        "key": {
          "type": 0,
          "file": 2,
          "line": 65,
          "col": 3,
          "lit": "sparse-checkout"
        },
        "value": {
          "type": 0,
          "file": 2,
          "line": 69,
          "col": 14,
          "lit": ""
        }
      },
      {
        "key": {
          "type": 0,
          "file": 2,
          "line": 70,
          "col": 3,
          "lit": "sparse-checkout-cone-mode"
        },
        "value": {
          "type": 0,
          "file": 2,
          "line": 73,
          "col": 14,
          "lit": "true"
        }
      },
      {
        "key": {
          "type": 0,
          "file": 2,
          "line": 74,
          "col": 3,
          "lit": "fetch-depth"
        },
        "value": {
          "type": 0,
          "file": 2,
          "line": 76,
          "col": 14,
          "lit": "1"
        }
      },
      {
        "key": {
          "type": 0,
          "file": 2,
          "line": 77,
          "col": 3,
          "lit": "fetch-tags"
        },
        "value": {
          "type": 0,
          "file": 2,
          "line": 79,
          "col": 14,
          "lit": "false"
        }
      },
      {
        "key": {
          "type": 0,
          "file": 2,
          "line": 80,
          "col": 3,
          "lit": "show-progress"
        },
        "value": {
          "type": 0,
          "file": 2,
          "line": 82,
          "col": 14,
          "lit": "true"
        }
      },
      {
        "key": {
          "type": 0,
          "file": 2,
          "line": 83,
          "col": 3,
          "lit": "lfs"
        },
        "value": {
          "type": 0,
          "file": 2,
          "line": 85,
          "col": 14,
          "lit": "false"
        }
      },
      {
        "key": {
          "type": 0,
          "file": 2,
          "line": 86,
          "col": 3,
          "lit": "submodules"
        },
        "value": {
          "type": 0,
          "file": 2,
          "line": 94,
          "col": 14,
          "lit": "false"
        }
      },
      {
        "key": {
          "type": 0,
          "file": 2,
          "line": 95,
          "col": 3,
          "lit": "set-safe-directory"
        },
        "value": {
          "type": 0,
          "file": 2,
          "line": 97,
          "col": 14,
          "lit": "true"
        }
      },
      {
        "key": {
          "type": 0,
          "file": 2,
          "line": 98,
          "col": 3,
          "lit": "github-server-url"
        },
        "value": ""
      },
      {
        "key": {
          "type": 0,
          "file": 2,
          "line": 101,
          "col": 3,
          "lit": "allow-unsafe-pr-checkout"
        },
        "value": {
          "type": 0,
          "file": 2,
          "line": 109,
          "col": 14,
          "lit": "false"
        }
      }
    ]
  },
  "execution": {
    "executionType": "nodeJS",
    "hasPre": false,
    "hasPost": true,
    "script": "dist/index.js",
    "pre": null,
    "post": "dist/index.js",
    "nodeVersion": "node20",
    "cleanupCondition": "always()",
    "initCondition": "always()"
  },
  "deprecated": null
}
[2026-08-04 08:39:59Z INFO ActionManager] Action node.js file: dist/index.js, no more preparation.
[2026-08-04 08:39:59Z INFO HostContext] Well known directory 'Bin': 'D:\nodejs\ecommerce-backened\actions-runner\bin'
[2026-08-04 08:39:59Z INFO HostContext] Well known directory 'Root': 'D:\nodejs\ecommerce-backened\actions-runner'
[2026-08-04 08:39:59Z INFO HostContext] Well known directory 'Work': 'D:\nodejs\ecommerce-backened\actions-runner\_work'
[2026-08-04 08:39:59Z INFO HostContext] Well known directory 'Actions': 'D:\nodejs\ecommerce-backened\actions-runner\_work\_actions'
[2026-08-04 08:39:59Z INFO ActionManager] Load action that reference repository from 'D:\nodejs\ecommerce-backened\actions-runner\_work\_actions\actions\checkout\v4'
[2026-08-04 08:39:59Z INFO HostContext] Well known directory 'Bin': 'D:\nodejs\ecommerce-backened\actions-runner\bin'
[2026-08-04 08:39:59Z INFO HostContext] Well known directory 'Root': 'D:\nodejs\ecommerce-backened\actions-runner'
[2026-08-04 08:39:59Z INFO HostContext] Well known directory 'Work': 'D:\nodejs\ecommerce-backened\actions-runner\_work'
[2026-08-04 08:39:59Z INFO HostContext] Well known directory 'Actions': 'D:\nodejs\ecommerce-backened\actions-runner\_work\_actions'
[2026-08-04 08:39:59Z INFO ActionManifestManagerLegacy] Loaded action.yml file: {
  "name": "Checkout",
  "description": "Checkout a Git repository at a particular version",
  "inputs": {
    "type": 2,
    "map": [
      {
        "key": {
          "type": 0,
          "file": 2,
          "line": 4,
          "col": 3,
          "lit": "repository"
        },
        "value": {
          "type": 3,
          "file": 2,
          "line": 6,
          "col": 14,
          "expr": "github.repository"
        }
      },
      {
        "key": {
          "type": 0,
          "file": 2,
          "line": 7,
          "col": 3,
          "lit": "ref"
        },
        "value": ""
      },
      {
        "key": {
          "type": 0,
          "file": 2,
          "line": 12,
          "col": 3,
          "lit": "token"
        },
        "value": {
          "type": 3,
          "file": 2,
          "line": 24,
          "col": 14,
          "expr": "github.token"
        }
      },
      {
        "key": {
          "type": 0,
          "file": 2,
          "line": 25,
          "col": 3,
          "lit": "ssh-key"
        },
        "value": ""
      },
      {
        "key": {
          "type": 0,
          "file": 2,
          "line": 37,
          "col": 3,
          "lit": "ssh-known-hosts"
        },
        "value": ""
      },
      {
        "key": {
          "type": 0,
          "file": 2,
          "line": 42,
          "col": 3,
          "lit": "ssh-strict"
        },
        "value": {
          "type": 0,
          "file": 2,
          "line": 47,
          "col": 14,
          "lit": "true"
        }
      },
      {
        "key": {
          "type": 0,
          "file": 2,
          "line": 48,
          "col": 3,
          "lit": "ssh-user"
        },
        "value": {
          "type": 0,
          "file": 2,
          "line": 51,
          "col": 14,
          "lit": "git"
        }
      },
      {
        "key": {
          "type": 0,
          "file": 2,
          "line": 52,
          "col": 3,
          "lit": "persist-credentials"
        },
        "value": {
          "type": 0,
          "file": 2,
          "line": 54,
          "col": 14,
          "lit": "true"
        }
      },
      {
        "key": {
          "type": 0,
          "file": 2,
          "line": 55,
          "col": 3,
          "lit": "path"
        },
        "value": ""
      },
      {
        "key": {
          "type": 0,
          "file": 2,
          "line": 57,
          "col": 3,
          "lit": "clean"
        },
        "value": {
          "type": 0,
          "file": 2,
          "line": 59,
          "col": 14,
          "lit": "true"
        }
      },
      {
        "key": {
          "type": 0,
          "file": 2,
          "line": 60,
          "col": 3,
          "lit": "filter"
        },
        "value": {
          "type": 0,
          "file": 2,
          "line": 64,
          "col": 14,
          "lit": ""
        }
      },
      {
        "key": {
          "type": 0,
          "file": 2,
          "line": 65,
          "col": 3,
          "lit": "sparse-checkout"
        },
        "value": {
          "type": 0,
          "file": 2,
          "line": 69,
          "col": 14,
          "lit": ""
        }
      },
      {
        "key": {
          "type": 0,
          "file": 2,
          "line": 70,
          "col": 3,
          "lit": "sparse-checkout-cone-mode"
        },
        "value": {
          "type": 0,
          "file": 2,
          "line": 73,
          "col": 14,
          "lit": "true"
        }
      },
      {
        "key": {
          "type": 0,
          "file": 2,
          "line": 74,
          "col": 3,
          "lit": "fetch-depth"
        },
        "value": {
          "type": 0,
          "file": 2,
          "line": 76,
          "col": 14,
          "lit": "1"
        }
      },
      {
        "key": {
          "type": 0,
          "file": 2,
          "line": 77,
          "col": 3,
          "lit": "fetch-tags"
        },
        "value": {
          "type": 0,
          "file": 2,
          "line": 79,
          "col": 14,
          "lit": "false"
        }
      },
      {
        "key": {
          "type": 0,
          "file": 2,
          "line": 80,
          "col": 3,
          "lit": "show-progress"
        },
        "value": {
          "type": 0,
          "file": 2,
          "line": 82,
          "col": 14,
          "lit": "true"
        }
      },
      {
        "key": {
          "type": 0,
          "file": 2,
          "line": 83,
          "col": 3,
          "lit": "lfs"
        },
        "value": {
          "type": 0,
          "file": 2,
          "line": 85,
          "col": 14,
          "lit": "false"
        }
      },
      {
        "key": {
          "type": 0,
          "file": 2,
          "line": 86,
          "col": 3,
          "lit": "submodules"
        },
        "value": {
          "type": 0,
          "file": 2,
          "line": 94,
          "col": 14,
          "lit": "false"
        }
      },
      {
        "key": {
          "type": 0,
          "file": 2,
          "line": 95,
          "col": 3,
          "lit": "set-safe-directory"
        },
        "value": {
          "type": 0,
          "file": 2,
          "line": 97,
          "col": 14,
          "lit": "true"
        }
      },
      {
        "key": {
          "type": 0,
          "file": 2,
          "line": 98,
          "col": 3,
          "lit": "github-server-url"
        },
        "value": ""
      },
      {
        "key": {
          "type": 0,
          "file": 2,
          "line": 101,
          "col": 3,
          "lit": "allow-unsafe-pr-checkout"
        },
        "value": {
          "type": 0,
          "file": 2,
          "line": 109,
          "col": 14,
          "lit": "false"
        }
      }
    ]
  },
  "execution": {
    "executionType": "nodeJS",
    "hasPre": false,
    "hasPost": true,
    "script": "dist/index.js",
    "pre": null,
    "post": "dist/index.js",
    "nodeVersion": "node20",
    "cleanupCondition": "always()",
    "initCondition": "always()"
  },
  "deprecated": null
}
[2026-08-04 08:39:59Z INFO ActionManager] Action pre node.js file: N/A.
[2026-08-04 08:39:59Z INFO ActionManager] Action node.js file: dist/index.js.
[2026-08-04 08:39:59Z INFO ActionManager] Action post node.js file: dist/index.js.
[2026-08-04 08:39:59Z INFO HostContext] Well known directory 'Bin': 'D:\nodejs\ecommerce-backened\actions-runner\bin'
[2026-08-04 08:39:59Z INFO HostContext] Well known directory 'Root': 'D:\nodejs\ecommerce-backened\actions-runner'
[2026-08-04 08:39:59Z INFO HostContext] Well known directory 'Work': 'D:\nodejs\ecommerce-backened\actions-runner\_work'
[2026-08-04 08:39:59Z INFO HostContext] Well known directory 'Actions': 'D:\nodejs\ecommerce-backened\actions-runner\_work\_actions'
[2026-08-04 08:39:59Z INFO HostContext] Well known directory 'Bin': 'D:\nodejs\ecommerce-backened\actions-runner\bin'
[2026-08-04 08:39:59Z INFO HostContext] Well known directory 'Root': 'D:\nodejs\ecommerce-backened\actions-runner'
[2026-08-04 08:39:59Z INFO HostContext] Well known directory 'Work': 'D:\nodejs\ecommerce-backened\actions-runner\_work'
[2026-08-04 08:39:59Z INFO HostContext] Well known directory 'Actions': 'D:\nodejs\ecommerce-backened\actions-runner\_work\_actions'
[2026-08-04 08:39:59Z INFO ActionManifestManagerLegacy] Ignore action property author.
[2026-08-04 08:39:59Z INFO ActionManifestManagerLegacy] Loaded action.yml file: {
  "name": "Setup Node.js environment",
  "description": "Setup a Node.js environment by adding problem matchers and optionally downloading and adding it to the PATH.",
  "inputs": {
    "type": 2,
    "map": [
      {
        "key": {
          "type": 0,
          "file": 3,
          "line": 5,
          "col": 3,
          "lit": "always-auth"
        },
        "value": {
          "type": 0,
          "file": 3,
          "line": 7,
          "col": 14,
          "lit": "false"
        }
      },
      {
        "key": {
          "type": 0,
          "file": 3,
          "line": 8,
          "col": 3,
          "lit": "node-version"
        },
        "value": ""
      },
      {
        "key": {
          "type": 0,
          "file": 3,
          "line": 10,
          "col": 3,
          "lit": "node-version-file"
        },
        "value": ""
      },
      {
        "key": {
          "type": 0,
          "file": 3,
          "line": 12,
          "col": 3,
          "lit": "architecture"
        },
        "value": ""
      },
      {
        "key": {
          "type": 0,
          "file": 3,
          "line": 14,
          "col": 3,
          "lit": "check-latest"
        },
        "value": {
          "type": 0,
          "file": 3,
          "line": 16,
          "col": 14,
          "lit": "false"
        }
      },
      {
        "key": {
          "type": 0,
          "file": 3,
          "line": 17,
          "col": 3,
          "lit": "registry-url"
        },
        "value": ""
      },
      {
        "key": {
          "type": 0,
          "file": 3,
          "line": 19,
          "col": 3,
          "lit": "scope"
        },
        "value": ""
      },
      {
        "key": {
          "type": 0,
          "file": 3,
          "line": 21,
          "col": 3,
          "lit": "token"
        },
        "value": {
          "type": 3,
          "file": 3,
          "line": 23,
          "col": 14,
          "expr": "github.server_url == 'https://github.com' && github.token || ''"
        }
      },
      {
        "key": {
          "type": 0,
          "file": 3,
          "line": 24,
          "col": 3,
          "lit": "cache"
        },
        "value": ""
      },
      {
        "key": {
          "type": 0,
          "file": 3,
          "line": 26,
          "col": 3,
          "lit": "cache-dependency-path"
        },
        "value": ""
      },
      {
        "key": {
          "type": 0,
          "file": 3,
          "line": 28,
          "col": 3,
          "lit": "mirror"
        },
        "value": ""
      },
      {
        "key": {
          "type": 0,
          "file": 3,
          "line": 30,
          "col": 3,
          "lit": "mirror-token"
        },
        "value": ""
      }
    ]
  },
  "execution": {
    "executionType": "nodeJS",
    "hasPre": false,
    "hasPost": true,
    "script": "dist/setup/index.js",
    "pre": null,
    "post": "dist/cache-save/index.js",
    "nodeVersion": "node20",
    "cleanupCondition": "success()",
    "initCondition": "always()"
  },
  "deprecated": null
}
[2026-08-04 08:39:59Z INFO ActionManager] Action node.js file: dist/setup/index.js, no more preparation.
[2026-08-04 08:39:59Z INFO HostContext] Well known directory 'Bin': 'D:\nodejs\ecommerce-backened\actions-runner\bin'
[2026-08-04 08:39:59Z INFO HostContext] Well known directory 'Root': 'D:\nodejs\ecommerce-backened\actions-runner'
[2026-08-04 08:39:59Z INFO HostContext] Well known directory 'Work': 'D:\nodejs\ecommerce-backened\actions-runner\_work'
[2026-08-04 08:39:59Z INFO HostContext] Well known directory 'Actions': 'D:\nodejs\ecommerce-backened\actions-runner\_work\_actions'
[2026-08-04 08:39:59Z INFO ActionManager] Load action that reference repository from 'D:\nodejs\ecommerce-backened\actions-runner\_work\_actions\actions\setup-node\v4'
[2026-08-04 08:39:59Z INFO HostContext] Well known directory 'Bin': 'D:\nodejs\ecommerce-backened\actions-runner\bin'
[2026-08-04 08:39:59Z INFO HostContext] Well known directory 'Root': 'D:\nodejs\ecommerce-backened\actions-runner'
[2026-08-04 08:39:59Z INFO HostContext] Well known directory 'Work': 'D:\nodejs\ecommerce-backened\actions-runner\_work'
[2026-08-04 08:39:59Z INFO HostContext] Well known directory 'Actions': 'D:\nodejs\ecommerce-backened\actions-runner\_work\_actions'
[2026-08-04 08:39:59Z INFO ActionManifestManagerLegacy] Ignore action property author.
[2026-08-04 08:39:59Z INFO ActionManifestManagerLegacy] Loaded action.yml file: {
  "name": "Setup Node.js environment",
  "description": "Setup a Node.js environment by adding problem matchers and optionally downloading and adding it to the PATH.",
  "inputs": {
    "type": 2,
    "map": [
      {
        "key": {
          "type": 0,
          "file": 3,
          "line": 5,
          "col": 3,
          "lit": "always-auth"
        },
        "value": {
          "type": 0,
          "file": 3,
          "line": 7,
          "col": 14,
          "lit": "false"
        }
      },
      {
        "key": {
          "type": 0,
          "file": 3,
          "line": 8,
          "col": 3,
          "lit": "node-version"
        },
        "value": ""
      },
      {
        "key": {
          "type": 0,
          "file": 3,
          "line": 10,
          "col": 3,
          "lit": "node-version-file"
        },
        "value": ""
      },
      {
        "key": {
          "type": 0,
          "file": 3,
          "line": 12,
          "col": 3,
          "lit": "architecture"
        },
        "value": ""
      },
      {
        "key": {
          "type": 0,
          "file": 3,
          "line": 14,
          "col": 3,
          "lit": "check-latest"
        },
        "value": {
          "type": 0,
          "file": 3,
          "line": 16,
          "col": 14,
          "lit": "false"
        }
      },
      {
        "key": {
          "type": 0,
          "file": 3,
          "line": 17,
          "col": 3,
          "lit": "registry-url"
        },
        "value": ""
      },
      {
        "key": {
          "type": 0,
          "file": 3,
          "line": 19,
          "col": 3,
          "lit": "scope"
        },
        "value": ""
      },
      {
        "key": {
          "type": 0,
          "file": 3,
          "line": 21,
          "col": 3,
          "lit": "token"
        },
        "value": {
          "type": 3,
          "file": 3,
          "line": 23,
          "col": 14,
          "expr": "github.server_url == 'https://github.com' && github.token || ''"
        }
      },
      {
        "key": {
          "type": 0,
          "file": 3,
          "line": 24,
          "col": 3,
          "lit": "cache"
        },
        "value": ""
      },
      {
        "key": {
          "type": 0,
          "file": 3,
          "line": 26,
          "col": 3,
          "lit": "cache-dependency-path"
        },
        "value": ""
      },
      {
        "key": {
          "type": 0,
          "file": 3,
          "line": 28,
          "col": 3,
          "lit": "mirror"
        },
        "value": ""
      },
      {
        "key": {
          "type": 0,
          "file": 3,
          "line": 30,
          "col": 3,
          "lit": "mirror-token"
        },
        "value": ""
      }
    ]
  },
  "execution": {
    "executionType": "nodeJS",
    "hasPre": false,
    "hasPost": true,
    "script": "dist/setup/index.js",
    "pre": null,
    "post": "dist/cache-save/index.js",
    "nodeVersion": "node20",
    "cleanupCondition": "success()",
    "initCondition": "always()"
  },
  "deprecated": null
}
[2026-08-04 08:39:59Z INFO ActionManager] Action pre node.js file: N/A.
[2026-08-04 08:39:59Z INFO ActionManager] Action node.js file: dist/setup/index.js.
[2026-08-04 08:39:59Z INFO ActionManager] Action post node.js file: dist/cache-save/index.js.
[2026-08-04 08:39:59Z INFO JobExtension] Adding .
[2026-08-04 08:39:59Z INFO JobExtension] Adding .
[2026-08-04 08:39:59Z INFO JobExtension] Adding .
[2026-08-04 08:39:59Z INFO JobExtension] Adding .
[2026-08-04 08:39:59Z INFO JobExtension] Adding .
[2026-08-04 08:39:59Z INFO JobExtension] Adding .
[2026-08-04 08:39:59Z INFO HostContext] Well known directory 'Bin': 'D:\nodejs\ecommerce-backened\actions-runner\bin'
[2026-08-04 08:39:59Z INFO HostContext] Well known directory 'Root': 'D:\nodejs\ecommerce-backened\actions-runner'
[2026-08-04 08:39:59Z INFO HostContext] Well known directory 'Diag': 'D:\nodejs\ecommerce-backened\actions-runner\_diag'
[2026-08-04 08:39:59Z INFO HostContext] Well known directory 'Bin': 'D:\nodejs\ecommerce-backened\actions-runner\bin'
[2026-08-04 08:39:59Z INFO HostContext] Well known directory 'Root': 'D:\nodejs\ecommerce-backened\actions-runner'
[2026-08-04 08:39:59Z INFO HostContext] Well known directory 'Diag': 'D:\nodejs\ecommerce-backened\actions-runner\_diag'
[2026-08-04 08:39:59Z INFO HostContext] Well known directory 'Bin': 'D:\nodejs\ecommerce-backened\actions-runner\bin'
[2026-08-04 08:39:59Z INFO HostContext] Well known directory 'Root': 'D:\nodejs\ecommerce-backened\actions-runner'
[2026-08-04 08:39:59Z INFO HostContext] Well known directory 'Diag': 'D:\nodejs\ecommerce-backened\actions-runner\_diag'
[2026-08-04 08:39:59Z INFO HostContext] Well known directory 'Bin': 'D:\nodejs\ecommerce-backened\actions-runner\bin'
[2026-08-04 08:39:59Z INFO HostContext] Well known directory 'Root': 'D:\nodejs\ecommerce-backened\actions-runner'
[2026-08-04 08:39:59Z INFO HostContext] Well known directory 'Diag': 'D:\nodejs\ecommerce-backened\actions-runner\_diag'
[2026-08-04 08:39:59Z INFO HostContext] Well known directory 'Bin': 'D:\nodejs\ecommerce-backened\actions-runner\bin'
[2026-08-04 08:39:59Z INFO HostContext] Well known directory 'Root': 'D:\nodejs\ecommerce-backened\actions-runner'
[2026-08-04 08:39:59Z INFO HostContext] Well known directory 'Diag': 'D:\nodejs\ecommerce-backened\actions-runner\_diag'
[2026-08-04 08:39:59Z INFO HostContext] Well known directory 'Bin': 'D:\nodejs\ecommerce-backened\actions-runner\bin'
[2026-08-04 08:39:59Z INFO HostContext] Well known directory 'Root': 'D:\nodejs\ecommerce-backened\actions-runner'
[2026-08-04 08:39:59Z INFO HostContext] Well known directory 'Diag': 'D:\nodejs\ecommerce-backened\actions-runner\_diag'
[2026-08-04 08:39:59Z INFO HostContext] Well known directory 'Bin': 'D:\nodejs\ecommerce-backened\actions-runner\bin'
[2026-08-04 08:39:59Z INFO HostContext] Well known directory 'Root': 'D:\nodejs\ecommerce-backened\actions-runner'
[2026-08-04 08:39:59Z INFO HostContext] Well known directory 'Diag': 'D:\nodejs\ecommerce-backened\actions-runner\_diag'
[2026-08-04 08:39:59Z INFO HostContext] Well known directory 'Bin': 'D:\nodejs\ecommerce-backened\actions-runner\bin'
[2026-08-04 08:39:59Z INFO HostContext] Well known directory 'Root': 'D:\nodejs\ecommerce-backened\actions-runner'
[2026-08-04 08:39:59Z INFO HostContext] Well known directory 'Diag': 'D:\nodejs\ecommerce-backened\actions-runner\_diag'
[2026-08-04 08:39:59Z INFO HostContext] Well known directory 'Bin': 'D:\nodejs\ecommerce-backened\actions-runner\bin'
[2026-08-04 08:39:59Z INFO HostContext] Well known directory 'Root': 'D:\nodejs\ecommerce-backened\actions-runner'
[2026-08-04 08:39:59Z INFO HostContext] Well known directory 'Diag': 'D:\nodejs\ecommerce-backened\actions-runner\_diag'
[2026-08-04 08:39:59Z INFO HostContext] Well known directory 'Bin': 'D:\nodejs\ecommerce-backened\actions-runner\bin'
[2026-08-04 08:39:59Z INFO HostContext] Well known directory 'Root': 'D:\nodejs\ecommerce-backened\actions-runner'
[2026-08-04 08:39:59Z INFO HostContext] Well known directory 'Diag': 'D:\nodejs\ecommerce-backened\actions-runner\_diag'
[2026-08-04 08:39:59Z INFO HostContext] Well known directory 'Bin': 'D:\nodejs\ecommerce-backened\actions-runner\bin'
[2026-08-04 08:39:59Z INFO HostContext] Well known directory 'Root': 'D:\nodejs\ecommerce-backened\actions-runner'
[2026-08-04 08:39:59Z INFO HostContext] Well known directory 'Diag': 'D:\nodejs\ecommerce-backened\actions-runner\_diag'
[2026-08-04 08:39:59Z INFO HostContext] Well known directory 'Bin': 'D:\nodejs\ecommerce-backened\actions-runner\bin'
[2026-08-04 08:39:59Z INFO HostContext] Well known directory 'Root': 'D:\nodejs\ecommerce-backened\actions-runner'
[2026-08-04 08:39:59Z INFO HostContext] Well known directory 'Diag': 'D:\nodejs\ecommerce-backened\actions-runner\_diag'
[2026-08-04 08:39:59Z INFO JobExtension] Total accessible running process: 277.
[2026-08-04 08:39:59Z INFO HostContext] Well known directory 'Bin': 'D:\nodejs\ecommerce-backened\actions-runner\bin'
[2026-08-04 08:39:59Z INFO HostContext] Well known directory 'Root': 'D:\nodejs\ecommerce-backened\actions-runner'
[2026-08-04 08:39:59Z INFO HostContext] Well known directory 'Work': 'D:\nodejs\ecommerce-backened\actions-runner\_work'
[2026-08-04 08:39:59Z INFO JobExtension] Start checking server connectivity.
[2026-08-04 08:39:59Z INFO JobExtension] Check server connectivity for https://broker.actions.githubusercontent.com/health.
[2026-08-04 08:39:59Z INFO JobExtension] Check server connectivity for https://token.actions.githubusercontent.com/ready.
[2026-08-04 08:39:59Z INFO JobExtension] Check server connectivity for https://run.actions.githubusercontent.com/health.
[2026-08-04 08:39:59Z INFO JobExtension] Start checking service connectivity in background.
[2026-08-04 08:39:59Z INFO ExecutionContext] Publish step telemetry for current step {
  "action": "setup_job",
  "type": "runner",
  "stage": "Pre",
  "stepId": "e27768a2-80d8-4111-818e-544cac087fd4",
  "result": "succeeded",
  "errorMessages": [],
  "executionTimeInSeconds": 7,
  "startTime": "2026-08-04T08:39:53.2909453Z",
  "finishTime": "2026-08-04T08:39:59.3682481Z"
}.
[2026-08-04 08:39:59Z INFO JobRunner] Total job steps: 6.
[2026-08-04 08:39:59Z INFO JobRunner] Run all job steps.
[2026-08-04 08:39:59Z INFO DapDebugger] DapDebugger initialized
[2026-08-04 08:39:59Z INFO StepsRunner] Processing step: DisplayName='Checkout Code'
[2026-08-04 08:39:59Z INFO StepsRunner] Evaluating: success()
[2026-08-04 08:39:59Z INFO StepsRunner] Result: true
[2026-08-04 08:39:59Z INFO StepsRunner] Starting the step.
[2026-08-04 08:39:59Z INFO HostContext] Well known directory 'Bin': 'D:\nodejs\ecommerce-backened\actions-runner\bin'
[2026-08-04 08:39:59Z INFO HostContext] Well known directory 'Root': 'D:\nodejs\ecommerce-backened\actions-runner'
[2026-08-04 08:39:59Z INFO HostContext] Well known directory 'Work': 'D:\nodejs\ecommerce-backened\actions-runner\_work'
[2026-08-04 08:39:59Z INFO StepsRunner] Which2: 'chcp'
[2026-08-04 08:39:59Z INFO StepsRunner] Location: 'C:\WINDOWS\system32\chcp.COM'
[2026-08-04 08:39:59Z INFO JobServerQueue] Try to append 1 batches web console lines for record 'e27768a2-80d8-4111-818e-544cac087fd4', success rate: 1/1.
[2026-08-04 08:39:59Z INFO ProcessInvokerWrapper] Starting process:
[2026-08-04 08:39:59Z INFO ProcessInvokerWrapper]   File name: 'C:\WINDOWS\system32\chcp.COM'
[2026-08-04 08:39:59Z INFO ProcessInvokerWrapper]   Arguments: '65001'
[2026-08-04 08:39:59Z INFO ProcessInvokerWrapper]   Working directory: 'D:\nodejs\ecommerce-backened\actions-runner\_work'
[2026-08-04 08:39:59Z INFO ProcessInvokerWrapper]   Require exit code zero: 'False'
[2026-08-04 08:39:59Z INFO ProcessInvokerWrapper]   Encoding web name:  ; code page: ''
[2026-08-04 08:39:59Z INFO ProcessInvokerWrapper]   Force kill process on cancellation: 'False'
[2026-08-04 08:39:59Z INFO ProcessInvokerWrapper]   Redirected STDIN: 'False'
[2026-08-04 08:39:59Z INFO ProcessInvokerWrapper]   Persist current code page: 'True'
[2026-08-04 08:39:59Z INFO ProcessInvokerWrapper]   Keep redirected STDIN open: 'False'
[2026-08-04 08:39:59Z INFO ProcessInvokerWrapper]   High priority process: 'False'
[2026-08-04 08:39:59Z INFO ProcessInvokerWrapper] Process started with process id 10732, waiting for process exit.
[2026-08-04 08:39:59Z INFO ProcessInvokerWrapper] STDOUT/STDERR stream read finished.
[2026-08-04 08:39:59Z INFO ProcessInvokerWrapper] STDOUT/STDERR stream read finished.
[2026-08-04 08:39:59Z INFO ProcessInvokerWrapper] Finished process 10732 with exit code 0, and elapsed time 00:00:00.0359166.
[2026-08-04 08:39:59Z INFO StepsRunner] Successfully returned to code page 65001 (UTF8)
[2026-08-04 08:39:59Z INFO HostContext] Well known directory 'Bin': 'D:\nodejs\ecommerce-backened\actions-runner\bin'
[2026-08-04 08:39:59Z INFO HostContext] Well known directory 'Root': 'D:\nodejs\ecommerce-backened\actions-runner'
[2026-08-04 08:39:59Z INFO HostContext] Well known directory 'Work': 'D:\nodejs\ecommerce-backened\actions-runner\_work'
[2026-08-04 08:39:59Z INFO HostContext] Well known directory 'Actions': 'D:\nodejs\ecommerce-backened\actions-runner\_work\_actions'
[2026-08-04 08:39:59Z INFO ActionManager] Load action that reference repository from 'D:\nodejs\ecommerce-backened\actions-runner\_work\_actions\actions\checkout\v4'
[2026-08-04 08:39:59Z INFO HostContext] Well known directory 'Bin': 'D:\nodejs\ecommerce-backened\actions-runner\bin'
[2026-08-04 08:39:59Z INFO HostContext] Well known directory 'Root': 'D:\nodejs\ecommerce-backened\actions-runner'
[2026-08-04 08:39:59Z INFO HostContext] Well known directory 'Work': 'D:\nodejs\ecommerce-backened\actions-runner\_work'
[2026-08-04 08:39:59Z INFO HostContext] Well known directory 'Actions': 'D:\nodejs\ecommerce-backened\actions-runner\_work\_actions'
[2026-08-04 08:39:59Z INFO ActionManifestManagerLegacy] Loaded action.yml file: {
  "name": "Checkout",
  "description": "Checkout a Git repository at a particular version",
  "inputs": {
    "type": 2,
    "map": [
      {
        "key": {
          "type": 0,
          "file": 2,
          "line": 4,
          "col": 3,
          "lit": "repository"
        },
        "value": {
          "type": 3,
          "file": 2,
          "line": 6,
          "col": 14,
          "expr": "github.repository"
        }
      },
      {
        "key": {
          "type": 0,
          "file": 2,
          "line": 7,
          "col": 3,
          "lit": "ref"
        },
        "value": ""
      },
      {
        "key": {
          "type": 0,
          "file": 2,
          "line": 12,
          "col": 3,
          "lit": "token"
        },
        "value": {
          "type": 3,
          "file": 2,
          "line": 24,
          "col": 14,
          "expr": "github.token"
        }
      },
      {
        "key": {
          "type": 0,
          "file": 2,
          "line": 25,
          "col": 3,
          "lit": "ssh-key"
        },
        "value": ""
      },
      {
        "key": {
          "type": 0,
          "file": 2,
          "line": 37,
          "col": 3,
          "lit": "ssh-known-hosts"
        },
        "value": ""
      },
      {
        "key": {
          "type": 0,
          "file": 2,
          "line": 42,
          "col": 3,
          "lit": "ssh-strict"
        },
        "value": {
          "type": 0,
          "file": 2,
          "line": 47,
          "col": 14,
          "lit": "true"
        }
      },
      {
        "key": {
          "type": 0,
          "file": 2,
          "line": 48,
          "col": 3,
          "lit": "ssh-user"
        },
        "value": {
          "type": 0,
          "file": 2,
          "line": 51,
          "col": 14,
          "lit": "git"
        }
      },
      {
        "key": {
          "type": 0,
          "file": 2,
          "line": 52,
          "col": 3,
          "lit": "persist-credentials"
        },
        "value": {
          "type": 0,
          "file": 2,
          "line": 54,
          "col": 14,
          "lit": "true"
        }
      },
      {
        "key": {
          "type": 0,
          "file": 2,
          "line": 55,
          "col": 3,
          "lit": "path"
        },
        "value": ""
      },
      {
        "key": {
          "type": 0,
          "file": 2,
          "line": 57,
          "col": 3,
          "lit": "clean"
        },
        "value": {
          "type": 0,
          "file": 2,
          "line": 59,
          "col": 14,
          "lit": "true"
        }
      },
      {
        "key": {
          "type": 0,
          "file": 2,
          "line": 60,
          "col": 3,
          "lit": "filter"
        },
        "value": {
          "type": 0,
          "file": 2,
          "line": 64,
          "col": 14,
          "lit": ""
        }
      },
      {
        "key": {
          "type": 0,
          "file": 2,
          "line": 65,
          "col": 3,
          "lit": "sparse-checkout"
        },
        "value": {
          "type": 0,
          "file": 2,
          "line": 69,
          "col": 14,
          "lit": ""
        }
      },
      {
        "key": {
          "type": 0,
          "file": 2,
          "line": 70,
          "col": 3,
          "lit": "sparse-checkout-cone-mode"
        },
        "value": {
          "type": 0,
          "file": 2,
          "line": 73,
          "col": 14,
          "lit": "true"
        }
      },
      {
        "key": {
          "type": 0,
          "file": 2,
          "line": 74,
          "col": 3,
          "lit": "fetch-depth"
        },
        "value": {
          "type": 0,
          "file": 2,
          "line": 76,
          "col": 14,
          "lit": "1"
        }
      },
      {
        "key": {
          "type": 0,
          "file": 2,
          "line": 77,
          "col": 3,
          "lit": "fetch-tags"
        },
        "value": {
          "type": 0,
          "file": 2,
          "line": 79,
          "col": 14,
          "lit": "false"
        }
      },
      {
        "key": {
          "type": 0,
          "file": 2,
          "line": 80,
          "col": 3,
          "lit": "show-progress"
        },
        "value": {
          "type": 0,
          "file": 2,
          "line": 82,
          "col": 14,
          "lit": "true"
        }
      },
      {
        "key": {
          "type": 0,
          "file": 2,
          "line": 83,
          "col": 3,
          "lit": "lfs"
        },
        "value": {
          "type": 0,
          "file": 2,
          "line": 85,
          "col": 14,
          "lit": "false"
        }
      },
      {
        "key": {
          "type": 0,
          "file": 2,
          "line": 86,
          "col": 3,
          "lit": "submodules"
        },
        "value": {
          "type": 0,
          "file": 2,
          "line": 94,
          "col": 14,
          "lit": "false"
        }
      },
      {
        "key": {
          "type": 0,
          "file": 2,
          "line": 95,
          "col": 3,
          "lit": "set-safe-directory"
        },
        "value": {
          "type": 0,
          "file": 2,
          "line": 97,
          "col": 14,
          "lit": "true"
        }
      },
      {
        "key": {
          "type": 0,
          "file": 2,
          "line": 98,
          "col": 3,
          "lit": "github-server-url"
        },
        "value": ""
      },
      {
        "key": {
          "type": 0,
          "file": 2,
          "line": 101,
          "col": 3,
          "lit": "allow-unsafe-pr-checkout"
        },
        "value": {
          "type": 0,
          "file": 2,
          "line": 109,
          "col": 14,
          "lit": "false"
        }
      }
    ]
  },
  "execution": {
    "executionType": "nodeJS",
    "hasPre": false,
    "hasPost": true,
    "script": "dist/index.js",
    "pre": null,
    "post": "dist/index.js",
    "nodeVersion": "node20",
    "cleanupCondition": "always()",
    "initCondition": "always()"
  },
  "deprecated": null
}
[2026-08-04 08:39:59Z INFO ActionManager] Action pre node.js file: N/A.
[2026-08-04 08:39:59Z INFO ActionManager] Action node.js file: dist/index.js.
[2026-08-04 08:39:59Z INFO ActionManager] Action post node.js file: dist/index.js.
[2026-08-04 08:39:59Z INFO ExecutionContext] Reserve record order 8 to 14 for post job actions.
[2026-08-04 08:39:59Z INFO HostContext] Well known directory 'Bin': 'D:\nodejs\ecommerce-backened\actions-runner\bin'
[2026-08-04 08:39:59Z INFO HostContext] Well known directory 'Root': 'D:\nodejs\ecommerce-backened\actions-runner'
[2026-08-04 08:39:59Z INFO HostContext] Well known directory 'Diag': 'D:\nodejs\ecommerce-backened\actions-runner\_diag'
[2026-08-04 08:39:59Z INFO HostContext] Well known directory 'Bin': 'D:\nodejs\ecommerce-backened\actions-runner\bin'
[2026-08-04 08:39:59Z INFO HostContext] Well known directory 'Root': 'D:\nodejs\ecommerce-backened\actions-runner'
[2026-08-04 08:39:59Z INFO HostContext] Well known directory 'Diag': 'D:\nodejs\ecommerce-backened\actions-runner\_diag'
[2026-08-04 08:39:59Z INFO HostContext] Well known directory 'Bin': 'D:\nodejs\ecommerce-backened\actions-runner\bin'
[2026-08-04 08:39:59Z INFO HostContext] Well known directory 'Root': 'D:\nodejs\ecommerce-backened\actions-runner'
[2026-08-04 08:39:59Z INFO HostContext] Well known directory 'Work': 'D:\nodejs\ecommerce-backened\actions-runner\_work'
[2026-08-04 08:39:59Z INFO HostContext] Well known directory 'Temp': 'D:\nodejs\ecommerce-backened\actions-runner\_work\_temp'
[2026-08-04 08:39:59Z INFO ExecutionContext] Write event payload to D:\nodejs\ecommerce-backened\actions-runner\_work\_temp\_github_workflow\event.json
[2026-08-04 08:39:59Z INFO HostContext] Well known directory 'Bin': 'D:\nodejs\ecommerce-backened\actions-runner\bin'
[2026-08-04 08:39:59Z INFO HostContext] Well known directory 'Root': 'D:\nodejs\ecommerce-backened\actions-runner'
[2026-08-04 08:39:59Z INFO HostContext] Well known directory 'Work': 'D:\nodejs\ecommerce-backened\actions-runner\_work'
[2026-08-04 08:39:59Z INFO HostContext] Well known directory 'Temp': 'D:\nodejs\ecommerce-backened\actions-runner\_work\_temp'
[2026-08-04 08:39:59Z INFO ExtensionManager] Getting extensions for interface: 'GitHub.Runner.Worker.IFileCommandExtension'
[2026-08-04 08:39:59Z INFO ExtensionManager] Creating instance: GitHub.Runner.Worker.AddPathFileCommand, Runner.Worker
[2026-08-04 08:39:59Z INFO ExtensionManager] Creating instance: GitHub.Runner.Worker.SetEnvFileCommand, Runner.Worker
[2026-08-04 08:39:59Z INFO ExtensionManager] Creating instance: GitHub.Runner.Worker.CreateStepSummaryCommand, Runner.Worker
[2026-08-04 08:39:59Z INFO ExtensionManager] Creating instance: GitHub.Runner.Worker.SaveStateFileCommand, Runner.Worker
[2026-08-04 08:39:59Z INFO ExtensionManager] Creating instance: GitHub.Runner.Worker.SetOutputFileCommand, Runner.Worker
[2026-08-04 08:39:59Z INFO ExtensionManager] Creating instance: GitHub.Runner.Worker.CreateArtifactsFileCommand, Runner.Worker
[2026-08-04 08:39:59Z INFO ExtensionManager] Creating instance: GitHub.Runner.Worker.ArtifactsListFileCommand, Runner.Worker
[2026-08-04 08:39:59Z INFO ActionManifestManagerLegacy] Input 'repository': default value evaluate result: {
  "type": 0,
  "file": 2,
  "line": 6,
  "col": 14,
  "lit": "CryptonFuture/Ecommerce_backened"
}
[2026-08-04 08:39:59Z INFO ActionManifestManagerLegacy] Input 'ref': default value evaluate result: ""
[2026-08-04 08:39:59Z INFO ActionManifestManagerLegacy] Input 'token': default value evaluate result: {
  "type": 0,
  "file": 2,
  "line": 24,
  "col": 14,
  "lit": "***"
}
[2026-08-04 08:39:59Z INFO ActionManifestManagerLegacy] Input 'ssh-key': default value evaluate result: ""
[2026-08-04 08:39:59Z INFO ActionManifestManagerLegacy] Input 'ssh-known-hosts': default value evaluate result: ""
[2026-08-04 08:39:59Z INFO ActionManifestManagerLegacy] Input 'ssh-strict': default value evaluate result: {
  "type": 0,
  "file": 2,
  "line": 47,
  "col": 14,
  "lit": "true"
}
[2026-08-04 08:39:59Z INFO ActionManifestManagerLegacy] Input 'ssh-user': default value evaluate result: {
  "type": 0,
  "file": 2,
  "line": 51,
  "col": 14,
  "lit": "git"
}
[2026-08-04 08:39:59Z INFO ActionManifestManagerLegacy] Input 'persist-credentials': default value evaluate result: {
  "type": 0,
  "file": 2,
  "line": 54,
  "col": 14,
  "lit": "true"
}
[2026-08-04 08:39:59Z INFO ActionManifestManagerLegacy] Input 'path': default value evaluate result: ""
[2026-08-04 08:39:59Z INFO ActionManifestManagerLegacy] Input 'clean': default value evaluate result: {
  "type": 0,
  "file": 2,
  "line": 59,
  "col": 14,
  "lit": "true"
}
[2026-08-04 08:39:59Z INFO ActionManifestManagerLegacy] Input 'filter': default value evaluate result: {
  "type": 0,
  "file": 2,
  "line": 64,
  "col": 14,
  "lit": ""
}
[2026-08-04 08:39:59Z INFO ActionManifestManagerLegacy] Input 'sparse-checkout': default value evaluate result: {
  "type": 0,
  "file": 2,
  "line": 69,
  "col": 14,
  "lit": ""
}
[2026-08-04 08:39:59Z INFO ActionManifestManagerLegacy] Input 'sparse-checkout-cone-mode': default value evaluate result: {
  "type": 0,
  "file": 2,
  "line": 73,
  "col": 14,
  "lit": "true"
}
[2026-08-04 08:39:59Z INFO ActionManifestManagerLegacy] Input 'fetch-depth': default value evaluate result: {
  "type": 0,
  "file": 2,
  "line": 76,
  "col": 14,
  "lit": "1"
}
[2026-08-04 08:39:59Z INFO ActionManifestManagerLegacy] Input 'fetch-tags': default value evaluate result: {
  "type": 0,
  "file": 2,
  "line": 79,
  "col": 14,
  "lit": "false"
}
[2026-08-04 08:39:59Z INFO ActionManifestManagerLegacy] Input 'show-progress': default value evaluate result: {
  "type": 0,
  "file": 2,
  "line": 82,
  "col": 14,
  "lit": "true"
}
[2026-08-04 08:39:59Z INFO ActionManifestManagerLegacy] Input 'lfs': default value evaluate result: {
  "type": 0,
  "file": 2,
  "line": 85,
  "col": 14,
  "lit": "false"
}
[2026-08-04 08:39:59Z INFO ActionManifestManagerLegacy] Input 'submodules': default value evaluate result: {
  "type": 0,
  "file": 2,
  "line": 94,
  "col": 14,
  "lit": "false"
}
[2026-08-04 08:39:59Z INFO ActionManifestManagerLegacy] Input 'set-safe-directory': default value evaluate result: {
  "type": 0,
  "file": 2,
  "line": 97,
  "col": 14,
  "lit": "true"
}
[2026-08-04 08:39:59Z INFO ActionManifestManagerLegacy] Input 'github-server-url': default value evaluate result: ""
[2026-08-04 08:39:59Z INFO ActionManifestManagerLegacy] Input 'allow-unsafe-pr-checkout': default value evaluate result: {
  "type": 0,
  "file": 2,
  "line": 109,
  "col": 14,
  "lit": "false"
}
[2026-08-04 08:39:59Z INFO ExtensionManager] Getting extensions for interface: 'GitHub.Runner.Worker.IActionCommandExtension'
[2026-08-04 08:39:59Z INFO ExtensionManager] Creating instance: GitHub.Runner.Worker.InternalPluginSetRepoPathCommandExtension, Runner.Worker
[2026-08-04 08:39:59Z INFO ExtensionManager] Creating instance: GitHub.Runner.Worker.SetEnvCommandExtension, Runner.Worker
[2026-08-04 08:39:59Z INFO ExtensionManager] Creating instance: GitHub.Runner.Worker.SetOutputCommandExtension, Runner.Worker
[2026-08-04 08:39:59Z INFO ExtensionManager] Creating instance: GitHub.Runner.Worker.SaveStateCommandExtension, Runner.Worker
[2026-08-04 08:39:59Z INFO ExtensionManager] Creating instance: GitHub.Runner.Worker.AddPathCommandExtension, Runner.Worker
[2026-08-04 08:39:59Z INFO ExtensionManager] Creating instance: GitHub.Runner.Worker.AddMaskCommandExtension, Runner.Worker
[2026-08-04 08:39:59Z INFO ExtensionManager] Creating instance: GitHub.Runner.Worker.AddMatcherCommandExtension, Runner.Worker
[2026-08-04 08:39:59Z INFO ExtensionManager] Creating instance: GitHub.Runner.Worker.RemoveMatcherCommandExtension, Runner.Worker
[2026-08-04 08:39:59Z INFO ExtensionManager] Creating instance: GitHub.Runner.Worker.WarningCommandExtension, Runner.Worker
[2026-08-04 08:39:59Z INFO ExtensionManager] Creating instance: GitHub.Runner.Worker.ErrorCommandExtension, Runner.Worker
[2026-08-04 08:39:59Z INFO ExtensionManager] Creating instance: GitHub.Runner.Worker.NoticeCommandExtension, Runner.Worker
[2026-08-04 08:39:59Z INFO ExtensionManager] Creating instance: GitHub.Runner.Worker.DebugCommandExtension, Runner.Worker
[2026-08-04 08:39:59Z INFO ExtensionManager] Creating instance: GitHub.Runner.Worker.GroupCommandExtension, Runner.Worker
[2026-08-04 08:39:59Z INFO ExtensionManager] Creating instance: GitHub.Runner.Worker.EndGroupCommandExtension, Runner.Worker
[2026-08-04 08:39:59Z INFO ExtensionManager] Creating instance: GitHub.Runner.Worker.EchoCommandExtension, Runner.Worker
[2026-08-04 08:39:59Z INFO ActionCommandManager] Register action command extension for command internal-set-repo-path
[2026-08-04 08:39:59Z INFO ActionCommandManager] Register action command extension for command set-env
[2026-08-04 08:39:59Z INFO ActionCommandManager] Register action command extension for command set-output
[2026-08-04 08:39:59Z INFO ActionCommandManager] Register action command extension for command save-state
[2026-08-04 08:39:59Z INFO ActionCommandManager] Register action command extension for command add-path
[2026-08-04 08:39:59Z INFO ActionCommandManager] Register action command extension for command add-mask
[2026-08-04 08:39:59Z INFO ActionCommandManager] Register action command extension for command add-matcher
[2026-08-04 08:39:59Z INFO ActionCommandManager] Register action command extension for command remove-matcher
[2026-08-04 08:39:59Z INFO ActionCommandManager] Register action command extension for command warning
[2026-08-04 08:39:59Z INFO ActionCommandManager] Register action command extension for command error
[2026-08-04 08:39:59Z INFO ActionCommandManager] Register action command extension for command notice
[2026-08-04 08:39:59Z INFO ActionCommandManager] Register action command extension for command debug
[2026-08-04 08:39:59Z INFO ActionCommandManager] Register action command extension for command group
[2026-08-04 08:39:59Z INFO ActionCommandManager] Register action command extension for command endgroup
[2026-08-04 08:39:59Z INFO ActionCommandManager] Register action command extension for command echo
[2026-08-04 08:39:59Z INFO HostContext] Well known directory 'Bin': 'D:\nodejs\ecommerce-backened\actions-runner\bin'
[2026-08-04 08:39:59Z INFO HostContext] Well known directory 'Root': 'D:\nodejs\ecommerce-backened\actions-runner'
[2026-08-04 08:39:59Z INFO HostContext] Well known directory 'Externals': 'D:\nodejs\ecommerce-backened\actions-runner\externals'
[2026-08-04 08:39:59Z INFO ProcessInvokerWrapper] Starting process:
[2026-08-04 08:39:59Z INFO ProcessInvokerWrapper]   File name: 'D:\nodejs\ecommerce-backened\actions-runner\externals\node24\bin\node.exe'
[2026-08-04 08:39:59Z INFO ProcessInvokerWrapper]   Arguments: '"D:\nodejs\ecommerce-backened\actions-runner\_work\_actions\actions\checkout\v4\dist/index.js"'
[2026-08-04 08:39:59Z INFO ProcessInvokerWrapper]   Working directory: 'D:\nodejs\ecommerce-backened\actions-runner\_work\Ecommerce_backened\Ecommerce_backened'
[2026-08-04 08:39:59Z INFO ProcessInvokerWrapper]   Require exit code zero: 'False'
[2026-08-04 08:39:59Z INFO ProcessInvokerWrapper]   Encoding web name: utf-8 ; code page: '65001'
[2026-08-04 08:39:59Z INFO ProcessInvokerWrapper]   Force kill process on cancellation: 'False'
[2026-08-04 08:39:59Z INFO ProcessInvokerWrapper]   Redirected STDIN: 'False'
[2026-08-04 08:39:59Z INFO ProcessInvokerWrapper]   Persist current code page: 'True'
[2026-08-04 08:39:59Z INFO ProcessInvokerWrapper]   Keep redirected STDIN open: 'False'
[2026-08-04 08:39:59Z INFO ProcessInvokerWrapper]   High priority process: 'False'
[2026-08-04 08:39:59Z INFO JobServerQueue] Try to append 1 batches web console lines for record '89b93932-14b5-4728-bd38-0ddfe64480c9', success rate: 1/1.
[2026-08-04 08:40:00Z INFO JobServerQueue] Got a step log file to send to results service.
[2026-08-04 08:40:00Z INFO JobServerQueue] Starting upload of step log file to results service ResultsLog, D:\nodejs\ecommerce-backened\actions-runner\_diag\blocks\ce27b0d1-14ce-4606-a4d2-b2fe0e2d74b3_e27768a2-80d8-4111-818e-544cac087fd4.1
[2026-08-04 08:40:00Z INFO JobServerQueue] Try to upload 1 log files or attachments, success rate: 1/1.
[2026-08-04 08:40:02Z INFO JobServerQueue] Tried to upload 1 file(s) to results, success rate: 1/1.
[2026-08-04 08:40:04Z INFO ProcessInvokerWrapper] Process started with process id 7032, waiting for process exit.
[2026-08-04 08:40:04Z INFO AddMaskCommandExtension] Add new secret mask with length of 524
[2026-08-04 08:40:04Z INFO JobServerQueue] Try to append 1 batches web console lines for record '89b93932-14b5-4728-bd38-0ddfe64480c9', success rate: 1/1.
[2026-08-04 08:40:05Z INFO JobServerQueue] Try to append 1 batches web console lines for record '89b93932-14b5-4728-bd38-0ddfe64480c9', success rate: 1/1.
[2026-08-04 08:40:05Z INFO JobServerQueue] Try to append 1 batches web console lines for record '89b93932-14b5-4728-bd38-0ddfe64480c9', success rate: 1/1.
[2026-08-04 08:40:06Z INFO JobServerQueue] Try to append 1 batches web console lines for record '89b93932-14b5-4728-bd38-0ddfe64480c9', success rate: 1/1.
[2026-08-04 08:40:08Z INFO JobServerQueue] Try to append 1 batches web console lines for record '89b93932-14b5-4728-bd38-0ddfe64480c9', success rate: 1/1.
[2026-08-04 08:40:09Z INFO HostContext] Well known directory 'Bin': 'D:\nodejs\ecommerce-backened\actions-runner\bin'
[2026-08-04 08:40:09Z INFO HostContext] Well known directory 'Root': 'D:\nodejs\ecommerce-backened\actions-runner'
[2026-08-04 08:40:09Z INFO HostContext] Well known directory 'Work': 'D:\nodejs\ecommerce-backened\actions-runner\_work'
[2026-08-04 08:40:10Z INFO JobServerQueue] Try to append 1 batches web console lines for record '89b93932-14b5-4728-bd38-0ddfe64480c9', success rate: 1/1.
[2026-08-04 08:40:10Z INFO JobServerQueue] Try to append 1 batches web console lines for record '89b93932-14b5-4728-bd38-0ddfe64480c9', success rate: 1/1.
[2026-08-04 08:40:19Z INFO HostContext] Well known directory 'Bin': 'D:\nodejs\ecommerce-backened\actions-runner\bin'
[2026-08-04 08:40:19Z INFO HostContext] Well known directory 'Root': 'D:\nodejs\ecommerce-backened\actions-runner'
[2026-08-04 08:40:19Z INFO HostContext] Well known directory 'Work': 'D:\nodejs\ecommerce-backened\actions-runner\_work'
[2026-08-04 08:40:29Z INFO HostContext] Well known directory 'Bin': 'D:\nodejs\ecommerce-backened\actions-runner\bin'
[2026-08-04 08:40:29Z INFO HostContext] Well known directory 'Root': 'D:\nodejs\ecommerce-backened\actions-runner'
[2026-08-04 08:40:29Z INFO HostContext] Well known directory 'Work': 'D:\nodejs\ecommerce-backened\actions-runner\_work'
[2026-08-04 08:40:35Z INFO JobServerQueue] Try to append 1 batches web console lines for record '89b93932-14b5-4728-bd38-0ddfe64480c9', success rate: 1/1.
[2026-08-04 08:40:36Z INFO JobServerQueue] Try to append 1 batches web console lines for record '89b93932-14b5-4728-bd38-0ddfe64480c9', success rate: 1/1.
[2026-08-04 08:40:37Z INFO JobServerQueue] Try to append 1 batches web console lines for record '89b93932-14b5-4728-bd38-0ddfe64480c9', success rate: 1/1.
[2026-08-04 08:40:38Z INFO JobServerQueue] Try to append 1 batches web console lines for record '89b93932-14b5-4728-bd38-0ddfe64480c9', success rate: 1/1.
[2026-08-04 08:40:38Z INFO JobServerQueue] Try to append 1 batches web console lines for record '89b93932-14b5-4728-bd38-0ddfe64480c9', success rate: 1/1.
[2026-08-04 08:40:38Z INFO JobServerQueue] Try to append 1 batches web console lines for record '89b93932-14b5-4728-bd38-0ddfe64480c9', success rate: 1/1.
[2026-08-04 08:40:38Z INFO JobServerQueue] Try to append 1 batches web console lines for record '89b93932-14b5-4728-bd38-0ddfe64480c9', success rate: 1/1.
[2026-08-04 08:40:39Z INFO JobServerQueue] Try to append 1 batches web console lines for record '89b93932-14b5-4728-bd38-0ddfe64480c9', success rate: 1/1.
[2026-08-04 08:40:39Z INFO HostContext] Well known directory 'Bin': 'D:\nodejs\ecommerce-backened\actions-runner\bin'
[2026-08-04 08:40:39Z INFO HostContext] Well known directory 'Root': 'D:\nodejs\ecommerce-backened\actions-runner'
[2026-08-04 08:40:39Z INFO HostContext] Well known directory 'Work': 'D:\nodejs\ecommerce-backened\actions-runner\_work'
[2026-08-04 08:40:39Z INFO JobServerQueue] Try to append 1 batches web console lines for record '89b93932-14b5-4728-bd38-0ddfe64480c9', success rate: 1/1.
[2026-08-04 08:40:39Z INFO JobServerQueue] Try to append 1 batches web console lines for record '89b93932-14b5-4728-bd38-0ddfe64480c9', success rate: 1/1.
[2026-08-04 08:40:40Z INFO JobServerQueue] Try to append 1 batches web console lines for record '89b93932-14b5-4728-bd38-0ddfe64480c9', success rate: 1/1.
[2026-08-04 08:40:40Z INFO JobServerQueue] Try to append 1 batches web console lines for record '89b93932-14b5-4728-bd38-0ddfe64480c9', success rate: 1/1.
[2026-08-04 08:40:40Z INFO JobServerQueue] Try to append 1 batches web console lines for record '89b93932-14b5-4728-bd38-0ddfe64480c9', success rate: 1/1.
[2026-08-04 08:40:40Z INFO JobServerQueue] Try to append 1 batches web console lines for record '89b93932-14b5-4728-bd38-0ddfe64480c9', success rate: 1/1.
[2026-08-04 08:40:41Z INFO JobServerQueue] Try to append 1 batches web console lines for record '89b93932-14b5-4728-bd38-0ddfe64480c9', success rate: 1/1.
[2026-08-04 08:40:41Z INFO JobServerQueue] Try to append 1 batches web console lines for record '89b93932-14b5-4728-bd38-0ddfe64480c9', success rate: 1/1.
[2026-08-04 08:40:41Z INFO JobServerQueue] Try to append 1 batches web console lines for record '89b93932-14b5-4728-bd38-0ddfe64480c9', success rate: 1/1.
[2026-08-04 08:40:41Z INFO JobServerQueue] Try to append 1 batches web console lines for record '89b93932-14b5-4728-bd38-0ddfe64480c9', success rate: 1/1.
[2026-08-04 08:40:42Z INFO JobServerQueue] Try to append 1 batches web console lines for record '89b93932-14b5-4728-bd38-0ddfe64480c9', success rate: 1/1.
[2026-08-04 08:40:42Z INFO JobServerQueue] Try to append 1 batches web console lines for record '89b93932-14b5-4728-bd38-0ddfe64480c9', success rate: 1/1.
[2026-08-04 08:40:43Z INFO JobServerQueue] Try to append 1 batches web console lines for record '89b93932-14b5-4728-bd38-0ddfe64480c9', success rate: 1/1.
[2026-08-04 08:40:45Z INFO JobServerQueue] Try to append 1 batches web console lines for record '89b93932-14b5-4728-bd38-0ddfe64480c9', success rate: 1/1.
[2026-08-04 08:40:45Z INFO ProcessInvokerWrapper] STDOUT/STDERR stream read finished.
[2026-08-04 08:40:45Z INFO ProcessInvokerWrapper] STDOUT/STDERR stream read finished.
[2026-08-04 08:40:45Z INFO ProcessInvokerWrapper] Finished process 7032 with exit code 0, and elapsed time 00:00:45.6997723.
[2026-08-04 08:40:45Z INFO CreateStepSummaryCommand] Step Summary file (D:\nodejs\ecommerce-backened\actions-runner\_work\_temp\_runner_file_commands\step_summary_00c7f65e-f9d8-4b6a-bf43-2a4f3f0535e7) is empty; skipping attachment upload
[2026-08-04 08:40:45Z INFO StepsRunner] Step result: 
[2026-08-04 08:40:45Z INFO ExecutionContext] Publish step telemetry for current step {
  "action": "actions/checkout",
  "ref": "v4",
  "type": "node24",
  "stage": "Main",
  "stepId": "89b93932-14b5-4728-bd38-0ddfe64480c9",
  "stepContextName": "__actions_checkout",
  "hasPreStep": false,
  "hasPostStep": true,
  "result": "succeeded",
  "errorMessages": [],
  "executionTimeInSeconds": 46,
  "startTime": "2026-08-04T08:39:59.4253745Z",
  "finishTime": "2026-08-04T08:40:45.3946366Z"
}.
[2026-08-04 08:40:45Z INFO StepsRunner] No need for updating job result with current step result 'Succeeded'.
[2026-08-04 08:40:45Z INFO StepsRunner] Current state: job state = ''
[2026-08-04 08:40:45Z INFO StepsRunner] Processing step: DisplayName='Setup Node.js'
[2026-08-04 08:40:45Z INFO StepsRunner] Evaluating: success()
[2026-08-04 08:40:45Z INFO StepsRunner] Result: true
[2026-08-04 08:40:45Z INFO StepsRunner] Starting the step.
[2026-08-04 08:40:45Z INFO HostContext] Well known directory 'Bin': 'D:\nodejs\ecommerce-backened\actions-runner\bin'
[2026-08-04 08:40:45Z INFO HostContext] Well known directory 'Root': 'D:\nodejs\ecommerce-backened\actions-runner'
[2026-08-04 08:40:45Z INFO HostContext] Well known directory 'Work': 'D:\nodejs\ecommerce-backened\actions-runner\_work'
[2026-08-04 08:40:45Z INFO StepsRunner] Which2: 'chcp'
[2026-08-04 08:40:45Z INFO StepsRunner] Location: 'C:\WINDOWS\system32\chcp.COM'
[2026-08-04 08:40:45Z INFO ProcessInvokerWrapper] Starting process:
[2026-08-04 08:40:45Z INFO ProcessInvokerWrapper]   File name: 'C:\WINDOWS\system32\chcp.COM'
[2026-08-04 08:40:45Z INFO ProcessInvokerWrapper]   Arguments: '65001'
[2026-08-04 08:40:45Z INFO ProcessInvokerWrapper]   Working directory: 'D:\nodejs\ecommerce-backened\actions-runner\_work'
[2026-08-04 08:40:45Z INFO ProcessInvokerWrapper]   Require exit code zero: 'False'
[2026-08-04 08:40:45Z INFO ProcessInvokerWrapper]   Encoding web name:  ; code page: ''
[2026-08-04 08:40:45Z INFO ProcessInvokerWrapper]   Force kill process on cancellation: 'False'
[2026-08-04 08:40:45Z INFO ProcessInvokerWrapper]   Redirected STDIN: 'False'
[2026-08-04 08:40:45Z INFO ProcessInvokerWrapper]   Persist current code page: 'True'
[2026-08-04 08:40:45Z INFO ProcessInvokerWrapper]   Keep redirected STDIN open: 'False'
[2026-08-04 08:40:45Z INFO ProcessInvokerWrapper]   High priority process: 'False'
[2026-08-04 08:40:45Z INFO ProcessInvokerWrapper] Process started with process id 3632, waiting for process exit.
[2026-08-04 08:40:45Z INFO JobServerQueue] Try to append 1 batches web console lines for record '89b93932-14b5-4728-bd38-0ddfe64480c9', success rate: 1/1.
[2026-08-04 08:40:45Z INFO ProcessInvokerWrapper] STDOUT/STDERR stream read finished.
[2026-08-04 08:40:45Z INFO ProcessInvokerWrapper] STDOUT/STDERR stream read finished.
[2026-08-04 08:40:45Z INFO ProcessInvokerWrapper] Finished process 3632 with exit code 0, and elapsed time 00:00:00.0260003.
[2026-08-04 08:40:45Z INFO StepsRunner] Successfully returned to code page 65001 (UTF8)
[2026-08-04 08:40:45Z INFO HostContext] Well known directory 'Bin': 'D:\nodejs\ecommerce-backened\actions-runner\bin'
[2026-08-04 08:40:45Z INFO HostContext] Well known directory 'Root': 'D:\nodejs\ecommerce-backened\actions-runner'
[2026-08-04 08:40:45Z INFO HostContext] Well known directory 'Work': 'D:\nodejs\ecommerce-backened\actions-runner\_work'
[2026-08-04 08:40:45Z INFO HostContext] Well known directory 'Actions': 'D:\nodejs\ecommerce-backened\actions-runner\_work\_actions'
[2026-08-04 08:40:45Z INFO ActionManager] Load action that reference repository from 'D:\nodejs\ecommerce-backened\actions-runner\_work\_actions\actions\setup-node\v4'
[2026-08-04 08:40:45Z INFO HostContext] Well known directory 'Bin': 'D:\nodejs\ecommerce-backened\actions-runner\bin'
[2026-08-04 08:40:45Z INFO HostContext] Well known directory 'Root': 'D:\nodejs\ecommerce-backened\actions-runner'
[2026-08-04 08:40:45Z INFO HostContext] Well known directory 'Work': 'D:\nodejs\ecommerce-backened\actions-runner\_work'
[2026-08-04 08:40:45Z INFO HostContext] Well known directory 'Actions': 'D:\nodejs\ecommerce-backened\actions-runner\_work\_actions'
[2026-08-04 08:40:45Z INFO ActionManifestManagerLegacy] Ignore action property author.
[2026-08-04 08:40:45Z INFO ActionManifestManagerLegacy] Loaded action.yml file: {
  "name": "Setup Node.js environment",
  "description": "Setup a Node.js environment by adding problem matchers and optionally downloading and adding it to the PATH.",
  "inputs": {
    "type": 2,
    "map": [
      {
        "key": {
          "type": 0,
          "file": 3,
          "line": 5,
          "col": 3,
          "lit": "always-auth"
        },
        "value": {
          "type": 0,
          "file": 3,
          "line": 7,
          "col": 14,
          "lit": "false"
        }
      },
      {
        "key": {
          "type": 0,
          "file": 3,
          "line": 8,
          "col": 3,
          "lit": "node-version"
        },
        "value": ""
      },
      {
        "key": {
          "type": 0,
          "file": 3,
          "line": 10,
          "col": 3,
          "lit": "node-version-file"
        },
        "value": ""
      },
      {
        "key": {
          "type": 0,
          "file": 3,
          "line": 12,
          "col": 3,
          "lit": "architecture"
        },
        "value": ""
      },
      {
        "key": {
          "type": 0,
          "file": 3,
          "line": 14,
          "col": 3,
          "lit": "check-latest"
        },
        "value": {
          "type": 0,
          "file": 3,
          "line": 16,
          "col": 14,
          "lit": "false"
        }
      },
      {
        "key": {
          "type": 0,
          "file": 3,
          "line": 17,
          "col": 3,
          "lit": "registry-url"
        },
        "value": ""
      },
      {
        "key": {
          "type": 0,
          "file": 3,
          "line": 19,
          "col": 3,
          "lit": "scope"
        },
        "value": ""
      },
      {
        "key": {
          "type": 0,
          "file": 3,
          "line": 21,
          "col": 3,
          "lit": "token"
        },
        "value": {
          "type": 3,
          "file": 3,
          "line": 23,
          "col": 14,
          "expr": "github.server_url == 'https://github.com' && github.token || ''"
        }
      },
      {
        "key": {
          "type": 0,
          "file": 3,
          "line": 24,
          "col": 3,
          "lit": "cache"
        },
        "value": ""
      },
      {
        "key": {
          "type": 0,
          "file": 3,
          "line": 26,
          "col": 3,
          "lit": "cache-dependency-path"
        },
        "value": ""
      },
      {
        "key": {
          "type": 0,
          "file": 3,
          "line": 28,
          "col": 3,
          "lit": "mirror"
        },
        "value": ""
      },
      {
        "key": {
          "type": 0,
          "file": 3,
          "line": 30,
          "col": 3,
          "lit": "mirror-token"
        },
        "value": ""
      }
    ]
  },
  "execution": {
    "executionType": "nodeJS",
    "hasPre": false,
    "hasPost": true,
    "script": "dist/setup/index.js",
    "pre": null,
    "post": "dist/cache-save/index.js",
    "nodeVersion": "node20",
    "cleanupCondition": "success()",
    "initCondition": "always()"
  },
  "deprecated": null
}
[2026-08-04 08:40:45Z INFO ActionManager] Action pre node.js file: N/A.
[2026-08-04 08:40:45Z INFO ActionManager] Action node.js file: dist/setup/index.js.
[2026-08-04 08:40:45Z INFO ActionManager] Action post node.js file: dist/cache-save/index.js.
[2026-08-04 08:40:45Z INFO HostContext] Well known directory 'Bin': 'D:\nodejs\ecommerce-backened\actions-runner\bin'
[2026-08-04 08:40:45Z INFO HostContext] Well known directory 'Root': 'D:\nodejs\ecommerce-backened\actions-runner'
[2026-08-04 08:40:45Z INFO HostContext] Well known directory 'Diag': 'D:\nodejs\ecommerce-backened\actions-runner\_diag'
[2026-08-04 08:40:45Z INFO HostContext] Well known directory 'Bin': 'D:\nodejs\ecommerce-backened\actions-runner\bin'
[2026-08-04 08:40:45Z INFO HostContext] Well known directory 'Root': 'D:\nodejs\ecommerce-backened\actions-runner'
[2026-08-04 08:40:45Z INFO HostContext] Well known directory 'Diag': 'D:\nodejs\ecommerce-backened\actions-runner\_diag'
[2026-08-04 08:40:45Z INFO HostContext] Well known directory 'Bin': 'D:\nodejs\ecommerce-backened\actions-runner\bin'
[2026-08-04 08:40:45Z INFO HostContext] Well known directory 'Root': 'D:\nodejs\ecommerce-backened\actions-runner'
[2026-08-04 08:40:45Z INFO HostContext] Well known directory 'Work': 'D:\nodejs\ecommerce-backened\actions-runner\_work'
[2026-08-04 08:40:45Z INFO HostContext] Well known directory 'Temp': 'D:\nodejs\ecommerce-backened\actions-runner\_work\_temp'
[2026-08-04 08:40:45Z INFO ExecutionContext] Write event payload to D:\nodejs\ecommerce-backened\actions-runner\_work\_temp\_github_workflow\event.json
[2026-08-04 08:40:45Z INFO HostContext] Well known directory 'Bin': 'D:\nodejs\ecommerce-backened\actions-runner\bin'
[2026-08-04 08:40:45Z INFO HostContext] Well known directory 'Root': 'D:\nodejs\ecommerce-backened\actions-runner'
[2026-08-04 08:40:45Z INFO HostContext] Well known directory 'Work': 'D:\nodejs\ecommerce-backened\actions-runner\_work'
[2026-08-04 08:40:45Z INFO HostContext] Well known directory 'Temp': 'D:\nodejs\ecommerce-backened\actions-runner\_work\_temp'
[2026-08-04 08:40:45Z INFO ExtensionManager] Getting extensions for interface: 'GitHub.Runner.Worker.IFileCommandExtension'
[2026-08-04 08:40:45Z INFO ActionManifestManagerLegacy] Input 'always-auth': default value evaluate result: {
  "type": 0,
  "file": 3,
  "line": 7,
  "col": 14,
  "lit": "false"
}
[2026-08-04 08:40:45Z INFO ActionManifestManagerLegacy] Input 'node-version-file': default value evaluate result: ""
[2026-08-04 08:40:45Z INFO ActionManifestManagerLegacy] Input 'architecture': default value evaluate result: ""
[2026-08-04 08:40:45Z INFO ActionManifestManagerLegacy] Input 'check-latest': default value evaluate result: {
  "type": 0,
  "file": 3,
  "line": 16,
  "col": 14,
  "lit": "false"
}
[2026-08-04 08:40:45Z INFO ActionManifestManagerLegacy] Input 'registry-url': default value evaluate result: ""
[2026-08-04 08:40:45Z INFO ActionManifestManagerLegacy] Input 'scope': default value evaluate result: ""
[2026-08-04 08:40:45Z INFO ActionManifestManagerLegacy] Input 'token': default value evaluate result: {
  "type": 0,
  "file": 3,
  "line": 23,
  "col": 14,
  "lit": "***"
}
[2026-08-04 08:40:45Z INFO ActionManifestManagerLegacy] Input 'cache': default value evaluate result: ""
[2026-08-04 08:40:45Z INFO ActionManifestManagerLegacy] Input 'cache-dependency-path': default value evaluate result: ""
[2026-08-04 08:40:45Z INFO ActionManifestManagerLegacy] Input 'mirror': default value evaluate result: ""
[2026-08-04 08:40:45Z INFO ActionManifestManagerLegacy] Input 'mirror-token': default value evaluate result: ""
[2026-08-04 08:40:45Z INFO ExtensionManager] Getting extensions for interface: 'GitHub.Runner.Worker.IActionCommandExtension'
[2026-08-04 08:40:45Z INFO ActionCommandManager] Register action command extension for command internal-set-repo-path
[2026-08-04 08:40:45Z INFO ActionCommandManager] Register action command extension for command set-env
[2026-08-04 08:40:45Z INFO ActionCommandManager] Register action command extension for command set-output
[2026-08-04 08:40:45Z INFO ActionCommandManager] Register action command extension for command save-state
[2026-08-04 08:40:45Z INFO ActionCommandManager] Register action command extension for command add-path
[2026-08-04 08:40:45Z INFO ActionCommandManager] Register action command extension for command add-mask
[2026-08-04 08:40:45Z INFO ActionCommandManager] Register action command extension for command add-matcher
[2026-08-04 08:40:45Z INFO ActionCommandManager] Register action command extension for command remove-matcher
[2026-08-04 08:40:45Z INFO ActionCommandManager] Register action command extension for command warning
[2026-08-04 08:40:45Z INFO ActionCommandManager] Register action command extension for command error
[2026-08-04 08:40:45Z INFO ActionCommandManager] Register action command extension for command notice
[2026-08-04 08:40:45Z INFO ActionCommandManager] Register action command extension for command debug
[2026-08-04 08:40:45Z INFO ActionCommandManager] Register action command extension for command group
[2026-08-04 08:40:45Z INFO ActionCommandManager] Register action command extension for command endgroup
[2026-08-04 08:40:45Z INFO ActionCommandManager] Register action command extension for command echo
[2026-08-04 08:40:45Z INFO HostContext] Well known directory 'Bin': 'D:\nodejs\ecommerce-backened\actions-runner\bin'
[2026-08-04 08:40:45Z INFO HostContext] Well known directory 'Root': 'D:\nodejs\ecommerce-backened\actions-runner'
[2026-08-04 08:40:45Z INFO HostContext] Well known directory 'Externals': 'D:\nodejs\ecommerce-backened\actions-runner\externals'
[2026-08-04 08:40:45Z INFO ProcessInvokerWrapper] Starting process:
[2026-08-04 08:40:45Z INFO ProcessInvokerWrapper]   File name: 'D:\nodejs\ecommerce-backened\actions-runner\externals\node24\bin\node.exe'
[2026-08-04 08:40:45Z INFO ProcessInvokerWrapper]   Arguments: '"D:\nodejs\ecommerce-backened\actions-runner\_work\_actions\actions\setup-node\v4\dist/setup/index.js"'
[2026-08-04 08:40:45Z INFO ProcessInvokerWrapper]   Working directory: 'D:\nodejs\ecommerce-backened\actions-runner\_work\Ecommerce_backened\Ecommerce_backened'
[2026-08-04 08:40:45Z INFO ProcessInvokerWrapper]   Require exit code zero: 'False'
[2026-08-04 08:40:45Z INFO ProcessInvokerWrapper]   Encoding web name: utf-8 ; code page: '65001'
[2026-08-04 08:40:45Z INFO ProcessInvokerWrapper]   Force kill process on cancellation: 'False'
[2026-08-04 08:40:45Z INFO ProcessInvokerWrapper]   Redirected STDIN: 'False'
[2026-08-04 08:40:45Z INFO ProcessInvokerWrapper]   Persist current code page: 'True'
[2026-08-04 08:40:45Z INFO ProcessInvokerWrapper]   Keep redirected STDIN open: 'False'
[2026-08-04 08:40:45Z INFO ProcessInvokerWrapper]   High priority process: 'False'
[2026-08-04 08:40:45Z INFO ProcessInvokerWrapper] Process started with process id 11300, waiting for process exit.
[2026-08-04 08:40:45Z INFO JobServerQueue] Try to upload 1 log files or attachments, success rate: 1/1.
[2026-08-04 08:40:45Z INFO JobServerQueue] Try to append 1 batches web console lines for record '07848fef-6d58-4a49-be3f-e1693d2d1720', success rate: 1/1.
[2026-08-04 08:40:45Z INFO JobServerQueue] Got a step log file to send to results service.
[2026-08-04 08:40:45Z INFO JobServerQueue] Starting upload of step log file to results service ResultsLog, D:\nodejs\ecommerce-backened\actions-runner\_diag\blocks\ce27b0d1-14ce-4606-a4d2-b2fe0e2d74b3_89b93932-14b5-4728-bd38-0ddfe64480c9.1
[2026-08-04 08:40:46Z INFO JobServerQueue] Tried to upload 1 file(s) to results, success rate: 1/1.
[2026-08-04 08:40:47Z INFO JobServerQueue] Try to append 1 batches web console lines for record '07848fef-6d58-4a49-be3f-e1693d2d1720', success rate: 1/1.
[2026-08-04 08:40:49Z INFO HostContext] Well known directory 'Bin': 'D:\nodejs\ecommerce-backened\actions-runner\bin'
[2026-08-04 08:40:49Z INFO HostContext] Well known directory 'Root': 'D:\nodejs\ecommerce-backened\actions-runner'
[2026-08-04 08:40:49Z INFO HostContext] Well known directory 'Work': 'D:\nodejs\ecommerce-backened\actions-runner\_work'
[2026-08-04 08:40:51Z INFO ProcessInvokerWrapper] STDOUT/STDERR stream read finished.
[2026-08-04 08:40:51Z INFO ProcessInvokerWrapper] STDOUT/STDERR stream read finished.
[2026-08-04 08:40:51Z INFO ProcessInvokerWrapper] Finished process 11300 with exit code 0, and elapsed time 00:00:06.0340330.
[2026-08-04 08:40:51Z INFO CreateStepSummaryCommand] Step Summary file (D:\nodejs\ecommerce-backened\actions-runner\_work\_temp\_runner_file_commands\step_summary_8dbdd2f0-5090-4068-807a-3c598da0e7f1) is empty; skipping attachment upload
[2026-08-04 08:40:51Z INFO StepsRunner] Step result: 
[2026-08-04 08:40:51Z INFO ExecutionContext] Publish step telemetry for current step {
  "action": "actions/setup-node",
  "ref": "v4",
  "type": "node24",
  "stage": "Main",
  "stepId": "07848fef-6d58-4a49-be3f-e1693d2d1720",
  "stepContextName": "__actions_setup-node",
  "hasPreStep": false,
  "hasPostStep": true,
  "result": "succeeded",
  "errorMessages": [],
  "executionTimeInSeconds": 7,
  "startTime": "2026-08-04T08:40:45.398708Z",
  "finishTime": "2026-08-04T08:40:51.5061702Z"
}.
[2026-08-04 08:40:51Z INFO StepsRunner] No need for updating job result with current step result 'Succeeded'.
[2026-08-04 08:40:51Z INFO StepsRunner] Current state: job state = ''
[2026-08-04 08:40:51Z INFO StepsRunner] Processing step: DisplayName='Install Packages'
[2026-08-04 08:40:51Z INFO StepsRunner] Evaluating: success()
[2026-08-04 08:40:51Z INFO StepsRunner] Result: true
[2026-08-04 08:40:51Z INFO StepsRunner] Starting the step.
[2026-08-04 08:40:51Z INFO HostContext] Well known directory 'Bin': 'D:\nodejs\ecommerce-backened\actions-runner\bin'
[2026-08-04 08:40:51Z INFO HostContext] Well known directory 'Root': 'D:\nodejs\ecommerce-backened\actions-runner'
[2026-08-04 08:40:51Z INFO HostContext] Well known directory 'Work': 'D:\nodejs\ecommerce-backened\actions-runner\_work'
[2026-08-04 08:40:51Z INFO StepsRunner] Which2: 'chcp'
[2026-08-04 08:40:51Z INFO StepsRunner] Location: 'C:\WINDOWS\system32\chcp.COM'
[2026-08-04 08:40:51Z INFO ProcessInvokerWrapper] Starting process:
[2026-08-04 08:40:51Z INFO ProcessInvokerWrapper]   File name: 'C:\WINDOWS\system32\chcp.COM'
[2026-08-04 08:40:51Z INFO ProcessInvokerWrapper]   Arguments: '65001'
[2026-08-04 08:40:51Z INFO ProcessInvokerWrapper]   Working directory: 'D:\nodejs\ecommerce-backened\actions-runner\_work'
[2026-08-04 08:40:51Z INFO ProcessInvokerWrapper]   Require exit code zero: 'False'
[2026-08-04 08:40:51Z INFO ProcessInvokerWrapper]   Encoding web name:  ; code page: ''
[2026-08-04 08:40:51Z INFO ProcessInvokerWrapper]   Force kill process on cancellation: 'False'
[2026-08-04 08:40:51Z INFO ProcessInvokerWrapper]   Redirected STDIN: 'False'
[2026-08-04 08:40:51Z INFO ProcessInvokerWrapper]   Persist current code page: 'True'
[2026-08-04 08:40:51Z INFO ProcessInvokerWrapper]   Keep redirected STDIN open: 'False'
[2026-08-04 08:40:51Z INFO ProcessInvokerWrapper]   High priority process: 'False'
[2026-08-04 08:40:51Z INFO ProcessInvokerWrapper] Process started with process id 19448, waiting for process exit.
[2026-08-04 08:40:51Z INFO ProcessInvokerWrapper] STDOUT/STDERR stream read finished.
[2026-08-04 08:40:51Z INFO ProcessInvokerWrapper] STDOUT/STDERR stream read finished.
[2026-08-04 08:40:51Z INFO ProcessInvokerWrapper] Finished process 19448 with exit code 0, and elapsed time 00:00:00.0149390.
[2026-08-04 08:40:51Z INFO StepsRunner] Successfully returned to code page 65001 (UTF8)
[2026-08-04 08:40:51Z INFO HostContext] Well known directory 'Bin': 'D:\nodejs\ecommerce-backened\actions-runner\bin'
[2026-08-04 08:40:51Z INFO HostContext] Well known directory 'Root': 'D:\nodejs\ecommerce-backened\actions-runner'
[2026-08-04 08:40:51Z INFO HostContext] Well known directory 'Work': 'D:\nodejs\ecommerce-backened\actions-runner\_work'
[2026-08-04 08:40:51Z INFO HostContext] Well known directory 'Temp': 'D:\nodejs\ecommerce-backened\actions-runner\_work\_temp'
[2026-08-04 08:40:51Z INFO ExecutionContext] Write event payload to D:\nodejs\ecommerce-backened\actions-runner\_work\_temp\_github_workflow\event.json
[2026-08-04 08:40:51Z INFO HostContext] Well known directory 'Bin': 'D:\nodejs\ecommerce-backened\actions-runner\bin'
[2026-08-04 08:40:51Z INFO HostContext] Well known directory 'Root': 'D:\nodejs\ecommerce-backened\actions-runner'
[2026-08-04 08:40:51Z INFO HostContext] Well known directory 'Work': 'D:\nodejs\ecommerce-backened\actions-runner\_work'
[2026-08-04 08:40:51Z INFO HostContext] Well known directory 'Temp': 'D:\nodejs\ecommerce-backened\actions-runner\_work\_temp'
[2026-08-04 08:40:51Z INFO ExtensionManager] Getting extensions for interface: 'GitHub.Runner.Worker.IFileCommandExtension'
[2026-08-04 08:40:51Z INFO ExtensionManager] Getting extensions for interface: 'GitHub.Runner.Worker.IActionCommandExtension'
[2026-08-04 08:40:51Z INFO ActionCommandManager] Register action command extension for command internal-set-repo-path
[2026-08-04 08:40:51Z INFO ActionCommandManager] Register action command extension for command set-env
[2026-08-04 08:40:51Z INFO ActionCommandManager] Register action command extension for command set-output
[2026-08-04 08:40:51Z INFO ActionCommandManager] Register action command extension for command save-state
[2026-08-04 08:40:51Z INFO ActionCommandManager] Register action command extension for command add-path
[2026-08-04 08:40:51Z INFO ActionCommandManager] Register action command extension for command add-mask
[2026-08-04 08:40:51Z INFO ActionCommandManager] Register action command extension for command add-matcher
[2026-08-04 08:40:51Z INFO ActionCommandManager] Register action command extension for command remove-matcher
[2026-08-04 08:40:51Z INFO ActionCommandManager] Register action command extension for command warning
[2026-08-04 08:40:51Z INFO ActionCommandManager] Register action command extension for command error
[2026-08-04 08:40:51Z INFO ActionCommandManager] Register action command extension for command notice
[2026-08-04 08:40:51Z INFO ActionCommandManager] Register action command extension for command debug
[2026-08-04 08:40:51Z INFO ActionCommandManager] Register action command extension for command group
[2026-08-04 08:40:51Z INFO ActionCommandManager] Register action command extension for command endgroup
[2026-08-04 08:40:51Z INFO ActionCommandManager] Register action command extension for command echo
[2026-08-04 08:40:51Z INFO ScriptHandler] Which2: 'cmd'
[2026-08-04 08:40:51Z INFO ScriptHandler] Location: 'C:\WINDOWS\system32\cmd.EXE'
[2026-08-04 08:40:51Z INFO HostContext] Well known directory 'Bin': 'D:\nodejs\ecommerce-backened\actions-runner\bin'
[2026-08-04 08:40:51Z INFO HostContext] Well known directory 'Root': 'D:\nodejs\ecommerce-backened\actions-runner'
[2026-08-04 08:40:51Z INFO HostContext] Well known directory 'Work': 'D:\nodejs\ecommerce-backened\actions-runner\_work'
[2026-08-04 08:40:51Z INFO HostContext] Well known directory 'Temp': 'D:\nodejs\ecommerce-backened\actions-runner\_work\_temp'
[2026-08-04 08:40:51Z INFO ScriptHandler] Which2: 'cmd'
[2026-08-04 08:40:51Z INFO ScriptHandler] Location: 'C:\WINDOWS\system32\cmd.EXE'
[2026-08-04 08:40:51Z INFO ProcessInvokerWrapper] Starting process:
[2026-08-04 08:40:51Z INFO ProcessInvokerWrapper]   File name: 'C:\WINDOWS\system32\cmd.EXE'
[2026-08-04 08:40:51Z INFO ProcessInvokerWrapper]   Arguments: '/D /E:ON /V:OFF /S /C "CALL "D:\nodejs\ecommerce-backened\actions-runner\_work\_temp\ad1fd2ce-38ce-4507-96ca-3e7575358891.cmd""'
[2026-08-04 08:40:51Z INFO ProcessInvokerWrapper]   Working directory: 'D:\nodejs\ecommerce-backened\actions-runner\_work\Ecommerce_backened\Ecommerce_backened'
[2026-08-04 08:40:51Z INFO ProcessInvokerWrapper]   Require exit code zero: 'False'
[2026-08-04 08:40:51Z INFO ProcessInvokerWrapper]   Encoding web name:  ; code page: ''
[2026-08-04 08:40:51Z INFO ProcessInvokerWrapper]   Force kill process on cancellation: 'False'
[2026-08-04 08:40:51Z INFO ProcessInvokerWrapper]   Redirected STDIN: 'False'
[2026-08-04 08:40:51Z INFO ProcessInvokerWrapper]   Persist current code page: 'True'
[2026-08-04 08:40:51Z INFO ProcessInvokerWrapper]   Keep redirected STDIN open: 'False'
[2026-08-04 08:40:51Z INFO ProcessInvokerWrapper]   High priority process: 'False'
[2026-08-04 08:40:51Z INFO ProcessInvokerWrapper] Process started with process id 13500, waiting for process exit.
[2026-08-04 08:40:51Z INFO JobServerQueue] Got a step log file to send to results service.
[2026-08-04 08:40:51Z INFO JobServerQueue] Starting upload of step log file to results service ResultsLog, D:\nodejs\ecommerce-backened\actions-runner\_diag\blocks\ce27b0d1-14ce-4606-a4d2-b2fe0e2d74b3_07848fef-6d58-4a49-be3f-e1693d2d1720.1
[2026-08-04 08:40:51Z INFO JobServerQueue] Try to upload 1 log files or attachments, success rate: 1/1.
[2026-08-04 08:40:51Z INFO JobServerQueue] Try to append 1 batches web console lines for record '07848fef-6d58-4a49-be3f-e1693d2d1720', success rate: 1/1.
[2026-08-04 08:40:51Z INFO JobServerQueue] Try to append 1 batches web console lines for record 'c048bec6-b587-462f-b601-f05b25507b54', success rate: 1/1.
[2026-08-04 08:40:52Z INFO JobServerQueue] Tried to upload 1 file(s) to results, success rate: 1/1.
[2026-08-04 08:40:55Z INFO JobServerQueue] Stop aggressive process web console line queue.
[2026-08-04 08:40:59Z INFO JobServerQueue] Try to append 1 batches web console lines for record 'c048bec6-b587-462f-b601-f05b25507b54', success rate: 1/1.
[2026-08-04 08:40:59Z INFO HostContext] Well known directory 'Bin': 'D:\nodejs\ecommerce-backened\actions-runner\bin'
[2026-08-04 08:40:59Z INFO HostContext] Well known directory 'Root': 'D:\nodejs\ecommerce-backened\actions-runner'
[2026-08-04 08:40:59Z INFO HostContext] Well known directory 'Work': 'D:\nodejs\ecommerce-backened\actions-runner\_work'
[2026-08-04 08:40:59Z INFO JobServerQueue] Try to append 1 batches web console lines for record 'c048bec6-b587-462f-b601-f05b25507b54', success rate: 1/1.
[2026-08-04 08:41:01Z INFO JobServerQueue] Try to append 1 batches web console lines for record 'c048bec6-b587-462f-b601-f05b25507b54', success rate: 1/1.
[2026-08-04 08:41:08Z INFO ProcessInvokerWrapper] STDOUT/STDERR stream read finished.
[2026-08-04 08:41:08Z INFO ProcessInvokerWrapper] STDOUT/STDERR stream read finished.
[2026-08-04 08:41:08Z INFO ProcessInvokerWrapper] Finished process 13500 with exit code 0, and elapsed time 00:00:16.6430609.
[2026-08-04 08:41:08Z INFO CreateStepSummaryCommand] Step Summary file (D:\nodejs\ecommerce-backened\actions-runner\_work\_temp\_runner_file_commands\step_summary_d4c6ef6c-ec77-4825-ad4e-8e98db6ace70) is empty; skipping attachment upload
[2026-08-04 08:41:08Z INFO StepsRunner] Step result: 
[2026-08-04 08:41:08Z INFO ExecutionContext] Publish step telemetry for current step {
  "action": "cmd",
  "type": "run",
  "stage": "Main",
  "stepId": "c048bec6-b587-462f-b601-f05b25507b54",
  "stepContextName": "__run",
  "result": "succeeded",
  "errorMessages": [],
  "executionTimeInSeconds": 17,
  "startTime": "2026-08-04T08:40:51.5088906Z",
  "finishTime": "2026-08-04T08:41:08.2119231Z"
}.
[2026-08-04 08:41:08Z INFO StepsRunner] No need for updating job result with current step result 'Succeeded'.
[2026-08-04 08:41:08Z INFO StepsRunner] Current state: job state = ''
[2026-08-04 08:41:08Z INFO StepsRunner] Processing step: DisplayName='Stop Containers'
[2026-08-04 08:41:08Z INFO StepsRunner] Evaluating: success()
[2026-08-04 08:41:08Z INFO StepsRunner] Result: true
[2026-08-04 08:41:08Z INFO StepsRunner] Starting the step.
[2026-08-04 08:41:08Z INFO HostContext] Well known directory 'Bin': 'D:\nodejs\ecommerce-backened\actions-runner\bin'
[2026-08-04 08:41:08Z INFO HostContext] Well known directory 'Root': 'D:\nodejs\ecommerce-backened\actions-runner'
[2026-08-04 08:41:08Z INFO HostContext] Well known directory 'Work': 'D:\nodejs\ecommerce-backened\actions-runner\_work'
[2026-08-04 08:41:08Z INFO StepsRunner] Which2: 'chcp'
[2026-08-04 08:41:08Z INFO StepsRunner] Location: 'C:\WINDOWS\system32\chcp.COM'
[2026-08-04 08:41:08Z INFO ProcessInvokerWrapper] Starting process:
[2026-08-04 08:41:08Z INFO ProcessInvokerWrapper]   File name: 'C:\WINDOWS\system32\chcp.COM'
[2026-08-04 08:41:08Z INFO ProcessInvokerWrapper]   Arguments: '65001'
[2026-08-04 08:41:08Z INFO ProcessInvokerWrapper]   Working directory: 'D:\nodejs\ecommerce-backened\actions-runner\_work'
[2026-08-04 08:41:08Z INFO ProcessInvokerWrapper]   Require exit code zero: 'False'
[2026-08-04 08:41:08Z INFO ProcessInvokerWrapper]   Encoding web name:  ; code page: ''
[2026-08-04 08:41:08Z INFO ProcessInvokerWrapper]   Force kill process on cancellation: 'False'
[2026-08-04 08:41:08Z INFO ProcessInvokerWrapper]   Redirected STDIN: 'False'
[2026-08-04 08:41:08Z INFO ProcessInvokerWrapper]   Persist current code page: 'True'
[2026-08-04 08:41:08Z INFO ProcessInvokerWrapper]   Keep redirected STDIN open: 'False'
[2026-08-04 08:41:08Z INFO ProcessInvokerWrapper]   High priority process: 'False'
[2026-08-04 08:41:08Z INFO ProcessInvokerWrapper] Process started with process id 15264, waiting for process exit.
[2026-08-04 08:41:08Z INFO ProcessInvokerWrapper] STDOUT/STDERR stream read finished.
[2026-08-04 08:41:08Z INFO ProcessInvokerWrapper] STDOUT/STDERR stream read finished.
[2026-08-04 08:41:08Z INFO ProcessInvokerWrapper] Finished process 15264 with exit code 0, and elapsed time 00:00:00.0157914.
[2026-08-04 08:41:08Z INFO StepsRunner] Successfully returned to code page 65001 (UTF8)
[2026-08-04 08:41:08Z INFO HostContext] Well known directory 'Bin': 'D:\nodejs\ecommerce-backened\actions-runner\bin'
[2026-08-04 08:41:08Z INFO HostContext] Well known directory 'Root': 'D:\nodejs\ecommerce-backened\actions-runner'
[2026-08-04 08:41:08Z INFO HostContext] Well known directory 'Work': 'D:\nodejs\ecommerce-backened\actions-runner\_work'
[2026-08-04 08:41:08Z INFO HostContext] Well known directory 'Temp': 'D:\nodejs\ecommerce-backened\actions-runner\_work\_temp'
[2026-08-04 08:41:08Z INFO ExecutionContext] Write event payload to D:\nodejs\ecommerce-backened\actions-runner\_work\_temp\_github_workflow\event.json
[2026-08-04 08:41:08Z INFO HostContext] Well known directory 'Bin': 'D:\nodejs\ecommerce-backened\actions-runner\bin'
[2026-08-04 08:41:08Z INFO HostContext] Well known directory 'Root': 'D:\nodejs\ecommerce-backened\actions-runner'
[2026-08-04 08:41:08Z INFO HostContext] Well known directory 'Work': 'D:\nodejs\ecommerce-backened\actions-runner\_work'
[2026-08-04 08:41:08Z INFO HostContext] Well known directory 'Temp': 'D:\nodejs\ecommerce-backened\actions-runner\_work\_temp'
[2026-08-04 08:41:08Z INFO ExtensionManager] Getting extensions for interface: 'GitHub.Runner.Worker.IFileCommandExtension'
[2026-08-04 08:41:08Z INFO ExtensionManager] Getting extensions for interface: 'GitHub.Runner.Worker.IActionCommandExtension'
[2026-08-04 08:41:08Z INFO ActionCommandManager] Register action command extension for command internal-set-repo-path
[2026-08-04 08:41:08Z INFO ActionCommandManager] Register action command extension for command set-env
[2026-08-04 08:41:08Z INFO ActionCommandManager] Register action command extension for command set-output
[2026-08-04 08:41:08Z INFO ActionCommandManager] Register action command extension for command save-state
[2026-08-04 08:41:08Z INFO ActionCommandManager] Register action command extension for command add-path
[2026-08-04 08:41:08Z INFO ActionCommandManager] Register action command extension for command add-mask
[2026-08-04 08:41:08Z INFO ActionCommandManager] Register action command extension for command add-matcher
[2026-08-04 08:41:08Z INFO ActionCommandManager] Register action command extension for command remove-matcher
[2026-08-04 08:41:08Z INFO ActionCommandManager] Register action command extension for command warning
[2026-08-04 08:41:08Z INFO ActionCommandManager] Register action command extension for command error
[2026-08-04 08:41:08Z INFO ActionCommandManager] Register action command extension for command notice
[2026-08-04 08:41:08Z INFO ActionCommandManager] Register action command extension for command debug
[2026-08-04 08:41:08Z INFO ActionCommandManager] Register action command extension for command group
[2026-08-04 08:41:08Z INFO ActionCommandManager] Register action command extension for command endgroup
[2026-08-04 08:41:08Z INFO ActionCommandManager] Register action command extension for command echo
[2026-08-04 08:41:08Z INFO ScriptHandler] Which2: 'pwsh'
[2026-08-04 08:41:08Z INFO ScriptHandler] pwsh: command not found. Make sure 'pwsh' is installed and its location included in the 'Path' environment variable.
[2026-08-04 08:41:08Z INFO ScriptHandler] Defaulting to powershell
[2026-08-04 08:41:08Z INFO ScriptHandler] Which2: 'powershell'
[2026-08-04 08:41:08Z INFO ScriptHandler] Location: 'C:\WINDOWS\System32\WindowsPowerShell\v1.0\powershell.EXE'
[2026-08-04 08:41:08Z INFO HostContext] Well known directory 'Bin': 'D:\nodejs\ecommerce-backened\actions-runner\bin'
[2026-08-04 08:41:08Z INFO HostContext] Well known directory 'Root': 'D:\nodejs\ecommerce-backened\actions-runner'
[2026-08-04 08:41:08Z INFO HostContext] Well known directory 'Work': 'D:\nodejs\ecommerce-backened\actions-runner\_work'
[2026-08-04 08:41:08Z INFO HostContext] Well known directory 'Temp': 'D:\nodejs\ecommerce-backened\actions-runner\_work\_temp'
[2026-08-04 08:41:08Z INFO ScriptHandler] Which2: 'pwsh'
[2026-08-04 08:41:08Z INFO ScriptHandler] pwsh: command not found. Make sure 'pwsh' is installed and its location included in the 'Path' environment variable.
[2026-08-04 08:41:08Z INFO ScriptHandler] Defaulting to powershell
[2026-08-04 08:41:08Z INFO ScriptHandler] Which2: 'powershell'
[2026-08-04 08:41:08Z INFO ScriptHandler] Location: 'C:\WINDOWS\System32\WindowsPowerShell\v1.0\powershell.EXE'
[2026-08-04 08:41:08Z INFO ProcessInvokerWrapper] Starting process:
[2026-08-04 08:41:08Z INFO ProcessInvokerWrapper]   File name: 'C:\WINDOWS\System32\WindowsPowerShell\v1.0\powershell.EXE'
[2026-08-04 08:41:08Z INFO ProcessInvokerWrapper]   Arguments: '-command ". 'D:\nodejs\ecommerce-backened\actions-runner\_work\_temp\99af3aa9-61a6-4b09-bfba-277d526380bf.ps1'"'
[2026-08-04 08:41:08Z INFO ProcessInvokerWrapper]   Working directory: 'D:\nodejs\ecommerce-backened\actions-runner\_work\Ecommerce_backened\Ecommerce_backened'
[2026-08-04 08:41:08Z INFO ProcessInvokerWrapper]   Require exit code zero: 'False'
[2026-08-04 08:41:08Z INFO ProcessInvokerWrapper]   Encoding web name:  ; code page: ''
[2026-08-04 08:41:08Z INFO ProcessInvokerWrapper]   Force kill process on cancellation: 'False'
[2026-08-04 08:41:08Z INFO ProcessInvokerWrapper]   Redirected STDIN: 'False'
[2026-08-04 08:41:08Z INFO ProcessInvokerWrapper]   Persist current code page: 'True'
[2026-08-04 08:41:08Z INFO ProcessInvokerWrapper]   Keep redirected STDIN open: 'False'
[2026-08-04 08:41:08Z INFO ProcessInvokerWrapper]   High priority process: 'False'
[2026-08-04 08:41:08Z INFO ProcessInvokerWrapper] Process started with process id 18152, waiting for process exit.
[2026-08-04 08:41:08Z INFO JobServerQueue] Try to append 1 batches web console lines for record 'c048bec6-b587-462f-b601-f05b25507b54', success rate: 1/1.
[2026-08-04 08:41:08Z INFO JobServerQueue] Try to append 1 batches web console lines for record '5eddff63-6c3b-4408-9062-019112f04694', success rate: 1/1.
[2026-08-04 08:41:08Z INFO JobServerQueue] Got a step log file to send to results service.
[2026-08-04 08:41:08Z INFO JobServerQueue] Starting upload of step log file to results service ResultsLog, D:\nodejs\ecommerce-backened\actions-runner\_diag\blocks\ce27b0d1-14ce-4606-a4d2-b2fe0e2d74b3_c048bec6-b587-462f-b601-f05b25507b54.1
[2026-08-04 08:41:08Z INFO JobServerQueue] Try to upload 1 log files or attachments, success rate: 1/1.
[2026-08-04 08:41:09Z INFO JobServerQueue] Tried to upload 1 file(s) to results, success rate: 1/1.
[2026-08-04 08:41:09Z INFO HostContext] Well known directory 'Bin': 'D:\nodejs\ecommerce-backened\actions-runner\bin'
[2026-08-04 08:41:09Z INFO HostContext] Well known directory 'Root': 'D:\nodejs\ecommerce-backened\actions-runner'
[2026-08-04 08:41:09Z INFO HostContext] Well known directory 'Work': 'D:\nodejs\ecommerce-backened\actions-runner\_work'
[2026-08-04 08:41:09Z INFO JobServerQueue] Try to append 1 batches web console lines for record '5eddff63-6c3b-4408-9062-019112f04694', success rate: 1/1.
[2026-08-04 08:41:09Z INFO ProcessInvokerWrapper] STDOUT/STDERR stream read finished.
[2026-08-04 08:41:09Z INFO ProcessInvokerWrapper] STDOUT/STDERR stream read finished.
[2026-08-04 08:41:09Z INFO ProcessInvokerWrapper] Finished process 18152 with exit code 1, and elapsed time 00:00:01.2572568.
[2026-08-04 08:41:09Z INFO CreateStepSummaryCommand] Step Summary file (D:\nodejs\ecommerce-backened\actions-runner\_work\_temp\_runner_file_commands\step_summary_a0f8ffdc-26f4-4d30-a6b1-db71bd92d1a6) is empty; skipping attachment upload
[2026-08-04 08:41:09Z INFO StepsRunner] Step result: Failed
[2026-08-04 08:41:09Z INFO ExecutionContext] Publish step telemetry for current step {
  "action": "powershell",
  "type": "run",
  "stage": "Main",
  "stepId": "5eddff63-6c3b-4408-9062-019112f04694",
  "stepContextName": "__run_2",
  "result": "failed",
  "errorMessages": [
    "Process completed with exit code 1."
  ],
  "executionTimeInSeconds": 2,
  "startTime": "2026-08-04T08:41:08.2135835Z",
  "finishTime": "2026-08-04T08:41:09.5387019Z"
}.
[2026-08-04 08:41:09Z INFO StepsRunner] Update job result with current step result 'Failed'.
[2026-08-04 08:41:09Z INFO StepsRunner] Current state: job state = 'Failed'
[2026-08-04 08:41:09Z INFO StepsRunner] Processing step: DisplayName='Build & Start Containers'
[2026-08-04 08:41:09Z INFO StepsRunner] Evaluating: success()
[2026-08-04 08:41:09Z INFO StepsRunner] Result: false
[2026-08-04 08:41:09Z INFO StepsRunner] Skipping step due to condition evaluation.
[2026-08-04 08:41:09Z INFO StepsRunner] No need for updating job result with current step result 'Skipped'.
[2026-08-04 08:41:09Z INFO StepsRunner] Current state: job state = 'Failed'
[2026-08-04 08:41:09Z INFO StepsRunner] Processing step: DisplayName='Remove Unused Images'
[2026-08-04 08:41:09Z INFO StepsRunner] Evaluating: success()
[2026-08-04 08:41:09Z INFO StepsRunner] Result: false
[2026-08-04 08:41:09Z INFO StepsRunner] Skipping step due to condition evaluation.
[2026-08-04 08:41:09Z INFO StepsRunner] No need for updating job result with current step result 'Skipped'.
[2026-08-04 08:41:09Z INFO StepsRunner] Current state: job state = 'Failed'
[2026-08-04 08:41:09Z INFO StepsRunner] Processing step: DisplayName='Post Setup Node.js'
[2026-08-04 08:41:09Z INFO StepsRunner] Evaluating: success()
[2026-08-04 08:41:09Z INFO StepsRunner] Result: false
[2026-08-04 08:41:09Z INFO StepsRunner] Skipping step due to condition evaluation.
[2026-08-04 08:41:09Z INFO StepsRunner] No need for updating job result with current step result 'Skipped'.
[2026-08-04 08:41:09Z INFO StepsRunner] Current state: job state = 'Failed'
[2026-08-04 08:41:09Z INFO StepsRunner] Processing step: DisplayName='Post Checkout Code'
[2026-08-04 08:41:09Z INFO StepsRunner] Evaluating: always()
[2026-08-04 08:41:09Z INFO StepsRunner] Result: true
[2026-08-04 08:41:09Z INFO StepsRunner] Starting the step.
[2026-08-04 08:41:09Z INFO HostContext] Well known directory 'Bin': 'D:\nodejs\ecommerce-backened\actions-runner\bin'
[2026-08-04 08:41:09Z INFO HostContext] Well known directory 'Root': 'D:\nodejs\ecommerce-backened\actions-runner'
[2026-08-04 08:41:09Z INFO HostContext] Well known directory 'Work': 'D:\nodejs\ecommerce-backened\actions-runner\_work'
[2026-08-04 08:41:09Z INFO StepsRunner] Which2: 'chcp'
[2026-08-04 08:41:09Z INFO StepsRunner] Location: 'C:\WINDOWS\system32\chcp.COM'
[2026-08-04 08:41:09Z INFO ProcessInvokerWrapper] Starting process:
[2026-08-04 08:41:09Z INFO ProcessInvokerWrapper]   File name: 'C:\WINDOWS\system32\chcp.COM'
[2026-08-04 08:41:09Z INFO ProcessInvokerWrapper]   Arguments: '65001'
[2026-08-04 08:41:09Z INFO ProcessInvokerWrapper]   Working directory: 'D:\nodejs\ecommerce-backened\actions-runner\_work'
[2026-08-04 08:41:09Z INFO ProcessInvokerWrapper]   Require exit code zero: 'False'
[2026-08-04 08:41:09Z INFO ProcessInvokerWrapper]   Encoding web name:  ; code page: ''
[2026-08-04 08:41:09Z INFO ProcessInvokerWrapper]   Force kill process on cancellation: 'False'
[2026-08-04 08:41:09Z INFO ProcessInvokerWrapper]   Redirected STDIN: 'False'
[2026-08-04 08:41:09Z INFO ProcessInvokerWrapper]   Persist current code page: 'True'
[2026-08-04 08:41:09Z INFO ProcessInvokerWrapper]   Keep redirected STDIN open: 'False'
[2026-08-04 08:41:09Z INFO ProcessInvokerWrapper]   High priority process: 'False'
[2026-08-04 08:41:09Z INFO ProcessInvokerWrapper] Process started with process id 7556, waiting for process exit.
[2026-08-04 08:41:09Z INFO ProcessInvokerWrapper] STDOUT/STDERR stream read finished.
[2026-08-04 08:41:09Z INFO ProcessInvokerWrapper] STDOUT/STDERR stream read finished.
[2026-08-04 08:41:09Z INFO ProcessInvokerWrapper] Finished process 7556 with exit code 0, and elapsed time 00:00:00.0211285.
[2026-08-04 08:41:09Z INFO StepsRunner] Successfully returned to code page 65001 (UTF8)
[2026-08-04 08:41:09Z INFO HostContext] Well known directory 'Bin': 'D:\nodejs\ecommerce-backened\actions-runner\bin'
[2026-08-04 08:41:09Z INFO HostContext] Well known directory 'Root': 'D:\nodejs\ecommerce-backened\actions-runner'
[2026-08-04 08:41:09Z INFO HostContext] Well known directory 'Work': 'D:\nodejs\ecommerce-backened\actions-runner\_work'
[2026-08-04 08:41:09Z INFO HostContext] Well known directory 'Actions': 'D:\nodejs\ecommerce-backened\actions-runner\_work\_actions'
[2026-08-04 08:41:09Z INFO ActionManager] Load action that reference repository from 'D:\nodejs\ecommerce-backened\actions-runner\_work\_actions\actions\checkout\v4'
[2026-08-04 08:41:09Z INFO HostContext] Well known directory 'Bin': 'D:\nodejs\ecommerce-backened\actions-runner\bin'
[2026-08-04 08:41:09Z INFO HostContext] Well known directory 'Root': 'D:\nodejs\ecommerce-backened\actions-runner'
[2026-08-04 08:41:09Z INFO HostContext] Well known directory 'Work': 'D:\nodejs\ecommerce-backened\actions-runner\_work'
[2026-08-04 08:41:09Z INFO HostContext] Well known directory 'Actions': 'D:\nodejs\ecommerce-backened\actions-runner\_work\_actions'
[2026-08-04 08:41:09Z INFO ActionManifestManagerLegacy] Loaded action.yml file: {
  "name": "Checkout",
  "description": "Checkout a Git repository at a particular version",
  "inputs": {
    "type": 2,
    "map": [
      {
        "key": {
          "type": 0,
          "file": 2,
          "line": 4,
          "col": 3,
          "lit": "repository"
        },
        "value": {
          "type": 3,
          "file": 2,
          "line": 6,
          "col": 14,
          "expr": "github.repository"
        }
      },
      {
        "key": {
          "type": 0,
          "file": 2,
          "line": 7,
          "col": 3,
          "lit": "ref"
        },
        "value": ""
      },
      {
        "key": {
          "type": 0,
          "file": 2,
          "line": 12,
          "col": 3,
          "lit": "token"
        },
        "value": {
          "type": 3,
          "file": 2,
          "line": 24,
          "col": 14,
          "expr": "github.token"
        }
      },
      {
        "key": {
          "type": 0,
          "file": 2,
          "line": 25,
          "col": 3,
          "lit": "ssh-key"
        },
        "value": ""
      },
      {
        "key": {
          "type": 0,
          "file": 2,
          "line": 37,
          "col": 3,
          "lit": "ssh-known-hosts"
        },
        "value": ""
      },
      {
        "key": {
          "type": 0,
          "file": 2,
          "line": 42,
          "col": 3,
          "lit": "ssh-strict"
        },
        "value": {
          "type": 0,
          "file": 2,
          "line": 47,
          "col": 14,
          "lit": "true"
        }
      },
      {
        "key": {
          "type": 0,
          "file": 2,
          "line": 48,
          "col": 3,
          "lit": "ssh-user"
        },
        "value": {
          "type": 0,
          "file": 2,
          "line": 51,
          "col": 14,
          "lit": "git"
        }
      },
      {
        "key": {
          "type": 0,
          "file": 2,
          "line": 52,
          "col": 3,
          "lit": "persist-credentials"
        },
        "value": {
          "type": 0,
          "file": 2,
          "line": 54,
          "col": 14,
          "lit": "true"
        }
      },
      {
        "key": {
          "type": 0,
          "file": 2,
          "line": 55,
          "col": 3,
          "lit": "path"
        },
        "value": ""
      },
      {
        "key": {
          "type": 0,
          "file": 2,
          "line": 57,
          "col": 3,
          "lit": "clean"
        },
        "value": {
          "type": 0,
          "file": 2,
          "line": 59,
          "col": 14,
          "lit": "true"
        }
      },
      {
        "key": {
          "type": 0,
          "file": 2,
          "line": 60,
          "col": 3,
          "lit": "filter"
        },
        "value": {
          "type": 0,
          "file": 2,
          "line": 64,
          "col": 14,
          "lit": ""
        }
      },
      {
        "key": {
          "type": 0,
          "file": 2,
          "line": 65,
          "col": 3,
          "lit": "sparse-checkout"
        },
        "value": {
          "type": 0,
          "file": 2,
          "line": 69,
          "col": 14,
          "lit": ""
        }
      },
      {
        "key": {
          "type": 0,
          "file": 2,
          "line": 70,
          "col": 3,
          "lit": "sparse-checkout-cone-mode"
        },
        "value": {
          "type": 0,
          "file": 2,
          "line": 73,
          "col": 14,
          "lit": "true"
        }
      },
      {
        "key": {
          "type": 0,
          "file": 2,
          "line": 74,
          "col": 3,
          "lit": "fetch-depth"
        },
        "value": {
          "type": 0,
          "file": 2,
          "line": 76,
          "col": 14,
          "lit": "1"
        }
      },
      {
        "key": {
          "type": 0,
          "file": 2,
          "line": 77,
          "col": 3,
          "lit": "fetch-tags"
        },
        "value": {
          "type": 0,
          "file": 2,
          "line": 79,
          "col": 14,
          "lit": "false"
        }
      },
      {
        "key": {
          "type": 0,
          "file": 2,
          "line": 80,
          "col": 3,
          "lit": "show-progress"
        },
        "value": {
          "type": 0,
          "file": 2,
          "line": 82,
          "col": 14,
          "lit": "true"
        }
      },
      {
        "key": {
          "type": 0,
          "file": 2,
          "line": 83,
          "col": 3,
          "lit": "lfs"
        },
        "value": {
          "type": 0,
          "file": 2,
          "line": 85,
          "col": 14,
          "lit": "false"
        }
      },
      {
        "key": {
          "type": 0,
          "file": 2,
          "line": 86,
          "col": 3,
          "lit": "submodules"
        },
        "value": {
          "type": 0,
          "file": 2,
          "line": 94,
          "col": 14,
          "lit": "false"
        }
      },
      {
        "key": {
          "type": 0,
          "file": 2,
          "line": 95,
          "col": 3,
          "lit": "set-safe-directory"
        },
        "value": {
          "type": 0,
          "file": 2,
          "line": 97,
          "col": 14,
          "lit": "true"
        }
      },
      {
        "key": {
          "type": 0,
          "file": 2,
          "line": 98,
          "col": 3,
          "lit": "github-server-url"
        },
        "value": ""
      },
      {
        "key": {
          "type": 0,
          "file": 2,
          "line": 101,
          "col": 3,
          "lit": "allow-unsafe-pr-checkout"
        },
        "value": {
          "type": 0,
          "file": 2,
          "line": 109,
          "col": 14,
          "lit": "false"
        }
      }
    ]
  },
  "execution": {
    "executionType": "nodeJS",
    "hasPre": false,
    "hasPost": true,
    "script": "dist/index.js",
    "pre": null,
    "post": "dist/index.js",
    "nodeVersion": "node20",
    "cleanupCondition": "always()",
    "initCondition": "always()"
  },
  "deprecated": null
}
[2026-08-04 08:41:09Z INFO ActionManager] Action pre node.js file: N/A.
[2026-08-04 08:41:09Z INFO ActionManager] Action node.js file: dist/index.js.
[2026-08-04 08:41:09Z INFO ActionManager] Action post node.js file: dist/index.js.
[2026-08-04 08:41:09Z INFO HostContext] Well known directory 'Bin': 'D:\nodejs\ecommerce-backened\actions-runner\bin'
[2026-08-04 08:41:09Z INFO HostContext] Well known directory 'Root': 'D:\nodejs\ecommerce-backened\actions-runner'
[2026-08-04 08:41:09Z INFO HostContext] Well known directory 'Work': 'D:\nodejs\ecommerce-backened\actions-runner\_work'
[2026-08-04 08:41:09Z INFO HostContext] Well known directory 'Temp': 'D:\nodejs\ecommerce-backened\actions-runner\_work\_temp'
[2026-08-04 08:41:09Z INFO ExecutionContext] Write event payload to D:\nodejs\ecommerce-backened\actions-runner\_work\_temp\_github_workflow\event.json
[2026-08-04 08:41:09Z INFO HostContext] Well known directory 'Bin': 'D:\nodejs\ecommerce-backened\actions-runner\bin'
[2026-08-04 08:41:09Z INFO HostContext] Well known directory 'Root': 'D:\nodejs\ecommerce-backened\actions-runner'
[2026-08-04 08:41:09Z INFO HostContext] Well known directory 'Work': 'D:\nodejs\ecommerce-backened\actions-runner\_work'
[2026-08-04 08:41:09Z INFO HostContext] Well known directory 'Temp': 'D:\nodejs\ecommerce-backened\actions-runner\_work\_temp'
[2026-08-04 08:41:09Z INFO ExtensionManager] Getting extensions for interface: 'GitHub.Runner.Worker.IFileCommandExtension'
[2026-08-04 08:41:09Z INFO ActionManifestManagerLegacy] Input 'repository': default value evaluate result: {
  "type": 0,
  "file": 2,
  "line": 6,
  "col": 14,
  "lit": "CryptonFuture/Ecommerce_backened"
}
[2026-08-04 08:41:09Z INFO ActionManifestManagerLegacy] Input 'ref': default value evaluate result: ""
[2026-08-04 08:41:09Z INFO ActionManifestManagerLegacy] Input 'token': default value evaluate result: {
  "type": 0,
  "file": 2,
  "line": 24,
  "col": 14,
  "lit": "***"
}
[2026-08-04 08:41:09Z INFO ActionManifestManagerLegacy] Input 'ssh-key': default value evaluate result: ""
[2026-08-04 08:41:09Z INFO ActionManifestManagerLegacy] Input 'ssh-known-hosts': default value evaluate result: ""
[2026-08-04 08:41:09Z INFO ActionManifestManagerLegacy] Input 'ssh-strict': default value evaluate result: {
  "type": 0,
  "file": 2,
  "line": 47,
  "col": 14,
  "lit": "true"
}
[2026-08-04 08:41:09Z INFO ActionManifestManagerLegacy] Input 'ssh-user': default value evaluate result: {
  "type": 0,
  "file": 2,
  "line": 51,
  "col": 14,
  "lit": "git"
}
[2026-08-04 08:41:09Z INFO ActionManifestManagerLegacy] Input 'persist-credentials': default value evaluate result: {
  "type": 0,
  "file": 2,
  "line": 54,
  "col": 14,
  "lit": "true"
}
[2026-08-04 08:41:09Z INFO ActionManifestManagerLegacy] Input 'path': default value evaluate result: ""
[2026-08-04 08:41:09Z INFO ActionManifestManagerLegacy] Input 'clean': default value evaluate result: {
  "type": 0,
  "file": 2,
  "line": 59,
  "col": 14,
  "lit": "true"
}
[2026-08-04 08:41:09Z INFO ActionManifestManagerLegacy] Input 'filter': default value evaluate result: {
  "type": 0,
  "file": 2,
  "line": 64,
  "col": 14,
  "lit": ""
}
[2026-08-04 08:41:09Z INFO ActionManifestManagerLegacy] Input 'sparse-checkout': default value evaluate result: {
  "type": 0,
  "file": 2,
  "line": 69,
  "col": 14,
  "lit": ""
}
[2026-08-04 08:41:09Z INFO ActionManifestManagerLegacy] Input 'sparse-checkout-cone-mode': default value evaluate result: {
  "type": 0,
  "file": 2,
  "line": 73,
  "col": 14,
  "lit": "true"
}
[2026-08-04 08:41:09Z INFO ActionManifestManagerLegacy] Input 'fetch-depth': default value evaluate result: {
  "type": 0,
  "file": 2,
  "line": 76,
  "col": 14,
  "lit": "1"
}
[2026-08-04 08:41:09Z INFO ActionManifestManagerLegacy] Input 'fetch-tags': default value evaluate result: {
  "type": 0,
  "file": 2,
  "line": 79,
  "col": 14,
  "lit": "false"
}
[2026-08-04 08:41:09Z INFO ActionManifestManagerLegacy] Input 'show-progress': default value evaluate result: {
  "type": 0,
  "file": 2,
  "line": 82,
  "col": 14,
  "lit": "true"
}
[2026-08-04 08:41:09Z INFO ActionManifestManagerLegacy] Input 'lfs': default value evaluate result: {
  "type": 0,
  "file": 2,
  "line": 85,
  "col": 14,
  "lit": "false"
}
[2026-08-04 08:41:09Z INFO ActionManifestManagerLegacy] Input 'submodules': default value evaluate result: {
  "type": 0,
  "file": 2,
  "line": 94,
  "col": 14,
  "lit": "false"
}
[2026-08-04 08:41:09Z INFO ActionManifestManagerLegacy] Input 'set-safe-directory': default value evaluate result: {
  "type": 0,
  "file": 2,
  "line": 97,
  "col": 14,
  "lit": "true"
}
[2026-08-04 08:41:09Z INFO ActionManifestManagerLegacy] Input 'github-server-url': default value evaluate result: ""
[2026-08-04 08:41:09Z INFO ActionManifestManagerLegacy] Input 'allow-unsafe-pr-checkout': default value evaluate result: {
  "type": 0,
  "file": 2,
  "line": 109,
  "col": 14,
  "lit": "false"
}
[2026-08-04 08:41:09Z INFO ExtensionManager] Getting extensions for interface: 'GitHub.Runner.Worker.IActionCommandExtension'
[2026-08-04 08:41:09Z INFO ActionCommandManager] Register action command extension for command internal-set-repo-path
[2026-08-04 08:41:09Z INFO ActionCommandManager] Register action command extension for command set-env
[2026-08-04 08:41:09Z INFO ActionCommandManager] Register action command extension for command set-output
[2026-08-04 08:41:09Z INFO ActionCommandManager] Register action command extension for command save-state
[2026-08-04 08:41:09Z INFO ActionCommandManager] Register action command extension for command add-path
[2026-08-04 08:41:09Z INFO ActionCommandManager] Register action command extension for command add-mask
[2026-08-04 08:41:09Z INFO ActionCommandManager] Register action command extension for command add-matcher
[2026-08-04 08:41:09Z INFO ActionCommandManager] Register action command extension for command remove-matcher
[2026-08-04 08:41:09Z INFO ActionCommandManager] Register action command extension for command warning
[2026-08-04 08:41:09Z INFO ActionCommandManager] Register action command extension for command error
[2026-08-04 08:41:09Z INFO ActionCommandManager] Register action command extension for command notice
[2026-08-04 08:41:09Z INFO ActionCommandManager] Register action command extension for command debug
[2026-08-04 08:41:09Z INFO ActionCommandManager] Register action command extension for command group
[2026-08-04 08:41:09Z INFO ActionCommandManager] Register action command extension for command endgroup
[2026-08-04 08:41:09Z INFO ActionCommandManager] Register action command extension for command echo
[2026-08-04 08:41:09Z INFO HostContext] Well known directory 'Bin': 'D:\nodejs\ecommerce-backened\actions-runner\bin'
[2026-08-04 08:41:09Z INFO HostContext] Well known directory 'Root': 'D:\nodejs\ecommerce-backened\actions-runner'
[2026-08-04 08:41:09Z INFO HostContext] Well known directory 'Externals': 'D:\nodejs\ecommerce-backened\actions-runner\externals'
[2026-08-04 08:41:09Z INFO ProcessInvokerWrapper] Starting process:
[2026-08-04 08:41:09Z INFO ProcessInvokerWrapper]   File name: 'D:\nodejs\ecommerce-backened\actions-runner\externals\node24\bin\node.exe'
[2026-08-04 08:41:09Z INFO ProcessInvokerWrapper]   Arguments: '"D:\nodejs\ecommerce-backened\actions-runner\_work\_actions\actions\checkout\v4\dist/index.js"'
[2026-08-04 08:41:09Z INFO ProcessInvokerWrapper]   Working directory: 'D:\nodejs\ecommerce-backened\actions-runner\_work\Ecommerce_backened\Ecommerce_backened'
[2026-08-04 08:41:09Z INFO ProcessInvokerWrapper]   Require exit code zero: 'False'
[2026-08-04 08:41:09Z INFO ProcessInvokerWrapper]   Encoding web name: utf-8 ; code page: '65001'
[2026-08-04 08:41:09Z INFO ProcessInvokerWrapper]   Force kill process on cancellation: 'False'
[2026-08-04 08:41:09Z INFO ProcessInvokerWrapper]   Redirected STDIN: 'False'
[2026-08-04 08:41:09Z INFO ProcessInvokerWrapper]   Persist current code page: 'True'
[2026-08-04 08:41:09Z INFO ProcessInvokerWrapper]   Keep redirected STDIN open: 'False'
[2026-08-04 08:41:09Z INFO ProcessInvokerWrapper]   High priority process: 'False'
[2026-08-04 08:41:09Z INFO ProcessInvokerWrapper] Process started with process id 19276, waiting for process exit.
[2026-08-04 08:41:09Z INFO JobServerQueue] Try to upload 1 log files or attachments, success rate: 1/1.
[2026-08-04 08:41:10Z INFO JobServerQueue] Try to append 1 batches web console lines for record '5eddff63-6c3b-4408-9062-019112f04694', success rate: 1/1.
[2026-08-04 08:41:10Z INFO JobServerQueue] Try to append 1 batches web console lines for record 'ca48a036-3bd9-480b-b2cc-8ccad9dc8ea4', success rate: 1/1.
[2026-08-04 08:41:10Z INFO AddMaskCommandExtension] Add new secret mask with length of 32
[2026-08-04 08:41:10Z INFO JobServerQueue] Got a step log file to send to results service.
[2026-08-04 08:41:10Z INFO JobServerQueue] Starting upload of step log file to results service ResultsLog, D:\nodejs\ecommerce-backened\actions-runner\_diag\blocks\ce27b0d1-14ce-4606-a4d2-b2fe0e2d74b3_5eddff63-6c3b-4408-9062-019112f04694.1
[2026-08-04 08:41:10Z INFO JobServerQueue] Try to append 1 batches web console lines for record 'ca48a036-3bd9-480b-b2cc-8ccad9dc8ea4', success rate: 1/1.
[2026-08-04 08:41:11Z INFO JobServerQueue] Tried to upload 1 file(s) to results, success rate: 1/1.
[2026-08-04 08:41:11Z INFO JobServerQueue] Try to append 1 batches web console lines for record 'ca48a036-3bd9-480b-b2cc-8ccad9dc8ea4', success rate: 1/1.
[2026-08-04 08:41:11Z INFO ProcessInvokerWrapper] STDOUT/STDERR stream read finished.
[2026-08-04 08:41:11Z INFO ProcessInvokerWrapper] STDOUT/STDERR stream read finished.
[2026-08-04 08:41:11Z INFO ProcessInvokerWrapper] Finished process 19276 with exit code 0, and elapsed time 00:00:01.9237494.
[2026-08-04 08:41:11Z INFO CreateStepSummaryCommand] Step Summary file (D:\nodejs\ecommerce-backened\actions-runner\_work\_temp\_runner_file_commands\step_summary_0dddb2a2-cdd7-4fcd-825f-73d56813be8a) is empty; skipping attachment upload
[2026-08-04 08:41:11Z INFO StepsRunner] Step result: 
[2026-08-04 08:41:11Z INFO ExecutionContext] Publish step telemetry for current step {
  "action": "actions/checkout",
  "ref": "v4",
  "type": "node24",
  "stage": "Post",
  "stepId": "ca48a036-3bd9-480b-b2cc-8ccad9dc8ea4",
  "result": "succeeded",
  "errorMessages": [
    "The process 'C:\\Program Files\\Git\\cmd\\git.exe' failed with exit code 128"
  ],
  "executionTimeInSeconds": 2,
  "startTime": "2026-08-04T08:41:09.5593059Z",
  "finishTime": "2026-08-04T08:41:11.5572673Z"
}.
[2026-08-04 08:41:11Z INFO StepsRunner] No need for updating job result with current step result 'Succeeded'.
[2026-08-04 08:41:11Z INFO StepsRunner] Current state: job state = 'Failed'
[2026-08-04 08:41:11Z INFO JobRunner] Finalize job.
[2026-08-04 08:41:11Z INFO HostContext] Well known directory 'Bin': 'D:\nodejs\ecommerce-backened\actions-runner\bin'
[2026-08-04 08:41:11Z INFO HostContext] Well known directory 'Root': 'D:\nodejs\ecommerce-backened\actions-runner'
[2026-08-04 08:41:11Z INFO HostContext] Well known directory 'Diag': 'D:\nodejs\ecommerce-backened\actions-runner\_diag'
[2026-08-04 08:41:11Z INFO HostContext] Well known directory 'Bin': 'D:\nodejs\ecommerce-backened\actions-runner\bin'
[2026-08-04 08:41:11Z INFO HostContext] Well known directory 'Root': 'D:\nodejs\ecommerce-backened\actions-runner'
[2026-08-04 08:41:11Z INFO HostContext] Well known directory 'Diag': 'D:\nodejs\ecommerce-backened\actions-runner\_diag'
[2026-08-04 08:41:11Z INFO JobExtension] Initialize Env context
[2026-08-04 08:41:11Z INFO JobExtension] Initialize steps context
[2026-08-04 08:41:11Z INFO JobExtension] Total accessible running process: 272.
[2026-08-04 08:41:11Z INFO JobExtension] Inspecting process environment variables. PID: 6524 (WmiPrvSE)
[2026-08-04 08:41:11Z INFO JobExtension] Inspecting process environment variables. PID: 8812 (chrome)
[2026-08-04 08:41:11Z INFO JobExtension] Wait for all connectivity checks to finish.
[2026-08-04 08:41:11Z INFO JobExtension] Connectivity check result: {
  "endpointUrl": "https://broker.actions.githubusercontent.com/health",
  "endpointIPs": null,
  "startTime": "2026-08-04T08:39:59.3556307Z",
  "statusCode": "http_OK",
  "requestId": "8883:347212:1248654:127511D:6A71A55C",
  "httpRequestDurationInMs": 841,
  "dnsResolutionDurationInMs": 0,
  "dnsError": null
}
[2026-08-04 08:41:11Z INFO JobExtension] Connectivity check result: {
  "endpointUrl": "https://token.actions.githubusercontent.com/ready",
  "endpointIPs": null,
  "startTime": "2026-08-04T08:39:59.3588567Z",
  "statusCode": "http_NoContent",
  "requestId": "8885:D2152:BBC7C24:D978B5C:6A71A55C",
  "httpRequestDurationInMs": 741,
  "dnsResolutionDurationInMs": 0,
  "dnsError": null
}
[2026-08-04 08:41:11Z INFO JobExtension] Connectivity check result: {
  "endpointUrl": "https://run.actions.githubusercontent.com/health",
  "endpointIPs": null,
  "startTime": "2026-08-04T08:39:59.3593939Z",
  "statusCode": "http_OK",
  "requestId": "D96E:38EEDA:1267C78:12CC867:6A71A55C",
  "httpRequestDurationInMs": 837,
  "dnsResolutionDurationInMs": 0,
  "dnsError": null
}
[2026-08-04 08:41:11Z INFO ExecutionContext] Publish step telemetry for current step {
  "action": "complete_job",
  "type": "runner",
  "stage": "Post",
  "stepId": "a361c36c-ccd0-48bd-b7e1-eb117ad62c72",
  "result": "succeeded",
  "errorMessages": [
    "Node.js 20 is deprecated. The following actions target Node.js 20 but are being forced to run on Node.js 24: actions/checkout@v4, actions/setup-node@v4. For more information see: https://github.blog/changelog/2025-09-19-deprecation-of-node-20-on-github-act"
  ],
  "executionTimeInSeconds": 1,
  "startTime": "2026-08-04T08:41:11.575405Z",
  "finishTime": "2026-08-04T08:41:11.6730463Z"
}.
[2026-08-04 08:41:11Z INFO JobRunner] Job result after all job steps finish: Failed
[2026-08-04 08:41:11Z INFO JobRunner] Completing the job execution context.
[2026-08-04 08:41:11Z INFO JobRunner] Shutting down the job server queue.
[2026-08-04 08:41:11Z INFO JobServerQueue] Fire signal to shutdown all queues.
[2026-08-04 08:41:12Z INFO JobServerQueue] All queue process task stopped.
[2026-08-04 08:41:12Z INFO JobServerQueue] Try to append 1 batches web console lines for record 'ca48a036-3bd9-480b-b2cc-8ccad9dc8ea4', success rate: 1/1.
[2026-08-04 08:41:12Z INFO JobServerQueue] Try to append 1 batches web console lines for record 'a361c36c-ccd0-48bd-b7e1-eb117ad62c72', success rate: 1/1.
[2026-08-04 08:41:12Z INFO JobServerQueue] Web console line queue drained.
[2026-08-04 08:41:12Z INFO JobServerQueue] Uploading 3 files in one shot.
[2026-08-04 08:41:12Z INFO JobServerQueue] Try to upload 3 log files or attachments, success rate: 3/3.
[2026-08-04 08:41:12Z INFO JobServerQueue] File upload queue drained.
[2026-08-04 08:41:12Z INFO JobServerQueue] Starting results-based upload queue...
[2026-08-04 08:41:12Z INFO JobServerQueue] Uploading 3 file(s) in one shot through results service.
[2026-08-04 08:41:12Z INFO JobServerQueue] Got a step log file to send to results service.
[2026-08-04 08:41:12Z INFO JobServerQueue] Starting upload of step log file to results service ResultsLog, D:\nodejs\ecommerce-backened\actions-runner\_diag\blocks\ce27b0d1-14ce-4606-a4d2-b2fe0e2d74b3_ca48a036-3bd9-480b-b2cc-8ccad9dc8ea4.1
[2026-08-04 08:41:12Z INFO JobServerQueue] Got a step log file to send to results service.
[2026-08-04 08:41:12Z INFO JobServerQueue] Starting upload of step log file to results service ResultsLog, D:\nodejs\ecommerce-backened\actions-runner\_diag\blocks\ce27b0d1-14ce-4606-a4d2-b2fe0e2d74b3_a361c36c-ccd0-48bd-b7e1-eb117ad62c72.1
[2026-08-04 08:41:13Z INFO JobServerQueue] Got a job log file to send to results service.
[2026-08-04 08:41:13Z INFO JobServerQueue] Starting upload of job log file to results service ResultsLog, D:\nodejs\ecommerce-backened\actions-runner\_diag\blocks\ce27b0d1-14ce-4606-a4d2-b2fe0e2d74b3_bed96e6f-34b0-5163-836a-545acc8450ef.1
[2026-08-04 08:41:14Z INFO JobServerQueue] Tried to upload 3 file(s) to results, success rate: 3/3.
[2026-08-04 08:41:14Z INFO JobServerQueue] Results upload queue drained.
[2026-08-04 08:41:14Z INFO JobServerQueue] Timeline update queue drained.
[2026-08-04 08:41:14Z INFO JobServerQueue] Disposing job server ...
[2026-08-04 08:41:14Z INFO JobServerQueue] Disposing results server ...
[2026-08-04 08:41:14Z INFO JobServerQueue] All queue process tasks have been stopped, and all queues are drained.
[2026-08-04 08:41:14Z INFO TempDirectoryManager] Cleaning runner temp folder: D:\nodejs\ecommerce-backened\actions-runner\_work\_temp
[2026-08-04 08:41:14Z INFO HostContext] Well known directory 'Bin': 'D:\nodejs\ecommerce-backened\actions-runner\bin'
[2026-08-04 08:41:14Z INFO HostContext] Well known directory 'Root': 'D:\nodejs\ecommerce-backened\actions-runner'
[2026-08-04 08:41:14Z INFO HostContext] Well known directory 'Diag': 'D:\nodejs\ecommerce-backened\actions-runner\_diag'
[2026-08-04 08:41:14Z INFO HostContext] Well known config file 'Telemetry': 'D:\nodejs\ecommerce-backened\actions-runner\_diag\.telemetry'
[2026-08-04 08:41:14Z INFO JobRunner] Raising job completed against run service
[2026-08-04 08:41:15Z INFO Worker] Job completed.
