[2026-08-04 07:32:13Z INFO HostContext] No proxy settings were found based on environmental variables (http_proxy/https_proxy/HTTP_PROXY/HTTPS_PROXY)
[2026-08-04 07:32:13Z INFO HostContext] Well known directory 'Bin': 'D:\nodejs\ecommerce-backened\actions-runner\bin'
[2026-08-04 07:32:13Z INFO HostContext] Well known directory 'Root': 'D:\nodejs\ecommerce-backened\actions-runner'
[2026-08-04 07:32:13Z INFO HostContext] Well known config file 'Credentials': 'D:\nodejs\ecommerce-backened\actions-runner\.credentials'
[2026-08-04 07:32:13Z INFO HostContext] Well known directory 'Bin': 'D:\nodejs\ecommerce-backened\actions-runner\bin'
[2026-08-04 07:32:13Z INFO HostContext] Well known directory 'Root': 'D:\nodejs\ecommerce-backened\actions-runner'
[2026-08-04 07:32:13Z INFO HostContext] Well known config file 'Runner': 'D:\nodejs\ecommerce-backened\actions-runner\.runner'
[2026-08-04 07:32:13Z INFO Worker] Version: 2.336.0
[2026-08-04 07:32:13Z INFO Worker] Commit: 98aabcd429c4e8402406c56ce2d26387fed3b9ce
[2026-08-04 07:32:13Z INFO Worker] Culture: en-US
[2026-08-04 07:32:13Z INFO Worker] UI Culture: en-US
[2026-08-04 07:32:13Z INFO Worker] Waiting to receive the job message from the channel.
[2026-08-04 07:32:13Z INFO ProcessChannel] Receiving message of length 24895, with hash '4af96d3e343eaad147ba6609076ff18c92f1d47c096187f7e48f8ddae73faf51'
[2026-08-04 07:32:13Z INFO Worker] Message received.
[2026-08-04 07:32:13Z INFO Worker] Job message:
 {
  "fileTable": [
    ".github/workflows/ci-cd.yml"
  ],
  "mask": [
    {
      "type": "regex",
      "value": "***"
    },
    {
      "type": "regex",
      "value": "***"
    },
    {
      "type": "regex",
      "value": "***"
    },
    {
      "type": "regex",
      "value": "***"
    },
    {
      "type": "regex",
      "value": "***"
    },
    {
      "type": "regex",
      "value": "***"
    },
    {
      "type": "regex",
      "value": "***"
    },
    {
      "type": "regex",
      "value": "***"
    },
    {
      "type": "regex",
      "value": "***"
    },
    {
      "type": "regex",
      "value": "***"
    },
    {
      "type": "regex",
      "value": "***"
    },
    {
      "type": "regex",
      "value": "***"
    },
    {
      "type": "regex",
      "value": "***"
    },
    {
      "type": "regex",
      "value": "***"
    },
    {
      "type": "regex",
      "value": "***"
    },
    {
      "type": "regex",
      "value": "***"
    },
    {
      "type": "regex",
      "value": "***"
    },
    {
      "type": "regex",
      "value": "***"
    },
    {
      "type": "regex",
      "value": "***"
    },
    {
      "type": "regex",
      "value": "***"
    },
    {
      "type": "regex",
      "value": "***"
    },
    {
      "type": "regex",
      "value": "***"
    },
    {
      "type": "regex",
      "value": "***"
    }
  ],
  "steps": [
    {
      "type": "action",
      "reference": {
        "type": "repository",
        "name": "actions/checkout",
        "ref": "v4",
        "repositoryType": "GitHub"
      },
      "displayNameToken": {
        "type": 0,
        "file": 1,
        "line": 13,
        "col": 15,
        "lit": "Checkout Code"
      },
      "contextName": "__actions_checkout",
      "condition": "success()",
      "id": "e3dec961-f507-47f4-a44f-2effb05b34fc",
      "name": "__actions_checkout"
    },
    {
      "type": "action",
      "reference": {
        "type": "repository",
        "name": "actions/setup-node",
        "ref": "v4",
        "repositoryType": "GitHub"
      },
      "displayNameToken": {
        "type": 0,
        "file": 1,
        "line": 16,
        "col": 15,
        "lit": "Setup Node.js"
      },
      "contextName": "__actions_setup-node",
      "inputs": {
        "type": 2,
        "file": 1,
        "line": 19,
        "col": 11,
        "map": [
          {
            "key": {
              "type": 0,
              "file": 1,
              "line": 19,
              "col": 11,
              "lit": "node-version"
            },
            "value": {
              "type": 0,
              "file": 1,
              "line": 19,
              "col": 25,
              "lit": "22"
            }
          }
        ]
      },
      "condition": "success()",
      "id": "5715713e-c8ab-45e6-a7f8-ad17d8f5daf8",
      "name": "__actions_setup-node"
    },
    {
      "type": "action",
      "reference": {
        "type": "script"
      },
      "displayNameToken": {
        "type": 0,
        "file": 1,
        "line": 21,
        "col": 15,
        "lit": "Install Packages"
      },
      "contextName": "__run",
      "inputs": {
        "type": 2,
        "map": [
          {
            "key": "script",
            "value": {
              "type": 0,
              "file": 1,
              "line": 23,
              "col": 14,
              "lit": "npm install"
            }
          },
          {
            "key": "shell",
            "value": {
              "type": 0,
              "file": 1,
              "line": 22,
              "col": 16,
              "lit": "cmd"
            }
          }
        ]
      },
      "condition": "success()",
      "id": "c8c84d0b-1e19-4795-a78a-966bf18f3598",
      "name": "__run"
    },
    {
      "type": "action",
      "reference": {
        "type": "script"
      },
      "displayNameToken": {
        "type": 0,
        "file": 1,
        "line": 25,
        "col": 15,
        "lit": "Run Tests"
      },
      "contextName": "__run_2",
      "inputs": {
        "type": 2,
        "map": [
          {
            "key": "script",
            "value": {
              "type": 0,
              "file": 1,
              "line": 27,
              "col": 14,
              "lit": "npm test"
            }
          },
          {
            "key": "shell",
            "value": {
              "type": 0,
              "file": 1,
              "line": 26,
              "col": 16,
              "lit": "cmd"
            }
          }
        ]
      },
      "condition": "success()",
      "id": "72f44a27-21dc-4ba1-9bc6-d2c7a6d80672",
      "name": "__run_2"
    },
    {
      "type": "action",
      "reference": {
        "type": "script"
      },
      "displayNameToken": {
        "type": 0,
        "file": 1,
        "line": 29,
        "col": 15,
        "lit": "Stop Containers"
      },
      "contextName": "__run_3",
      "inputs": {
        "type": 2,
        "map": [
          {
            "key": "script",
            "value": {
              "type": 0,
              "file": 1,
              "line": 30,
              "col": 14,
              "lit": "docker compose down"
            }
          }
        ]
      },
      "condition": "success()",
      "id": "40b971f2-0e27-4189-829c-1f844f3bf26f",
      "name": "__run_3"
    },
    {
      "type": "action",
      "reference": {
        "type": "script"
      },
      "displayNameToken": {
        "type": 0,
        "file": 1,
        "line": 32,
        "col": 15,
        "lit": "Build & Start Containers"
      },
      "contextName": "__run_4",
      "inputs": {
        "type": 2,
        "map": [
          {
            "key": "script",
            "value": {
              "type": 0,
              "file": 1,
              "line": 33,
              "col": 14,
              "lit": "docker compose up -d --build"
            }
          }
        ]
      },
      "condition": "success()",
      "id": "ac0524cb-87b7-4110-962b-60a0667df2c6",
      "name": "__run_4"
    },
    {
      "type": "action",
      "reference": {
        "type": "script"
      },
      "displayNameToken": {
        "type": 0,
        "file": 1,
        "line": 35,
        "col": 15,
        "lit": "Remove Unused Images"
      },
      "contextName": "__run_5",
      "inputs": {
        "type": 2,
        "map": [
          {
            "key": "script",
            "value": {
              "type": 0,
              "file": 1,
              "line": 36,
              "col": 14,
              "lit": "docker image prune -f"
            }
          }
        ]
      },
      "condition": "success()",
      "id": "1e7316b0-9b6a-4157-8d44-d8796075a1f7",
      "name": "__run_5"
    }
  ],
  "variables": {
    "Actions.EnableHttpRedirects": {
      "value": "true"
    },
    "DistributedTask.AddWarningToNode12Action": {
      "value": "true"
    },
    "DistributedTask.AddWarningToNode16Action": {
      "value": "true"
    },
    "DistributedTask.AllowRunnerContainerHooks": {
      "value": "true"
    },
    "DistributedTask.DeprecateStepOutputCommands": {
      "value": "true"
    },
    "DistributedTask.DetailUntarFailure": {
      "value": "true"
    },
    "DistributedTask.EnableCompositeActions": {
      "value": "true"
    },
    "DistributedTask.EnableJobServerQueueTelemetry": {
      "value": "true"
    },
    "DistributedTask.EnhancedAnnotations": {
      "value": "true"
    },
    "DistributedTask.ForceGithubJavascriptActionsToNode16": {
      "value": "true"
    },
    "DistributedTask.ForceGithubJavascriptActionsToNode20": {
      "value": "true"
    },
    "DistributedTask.LogTemplateErrorsAsDebugMessages": {
      "value": "true"
    },
    "DistributedTask.MarkJobAsFailedOnWorkerCrash": {
      "value": "true"
    },
    "DistributedTask.NewActionMetadata": {
      "value": "true"
    },
    "DistributedTask.UploadStepSummary": {
      "value": "true"
    },
    "DistributedTask.UseActionArchiveCache": {
      "value": "true"
    },
    "DistributedTask.UseWhich2": {
      "value": "true"
    },
    "RunService.FixEmbeddedIssues": {
      "value": "true"
    },
    "actions.runner.requirenode24": {
      "value": "false"
    },
    "actions.runner.usenode24bydefault": {
      "value": "true"
    },
    "actions.runner.warnonnode20": {
      "value": "true"
    },
    "actions_add_check_run_id_to_job_context": {
      "value": "true"
    },
    "actions_batch_action_resolution": {
      "value": "false"
    },
    "actions_container_action_runner_temp": {
      "value": "true"
    },
    "actions_display_helpful_actions_download_errors": {
      "value": "true"
    },
    "actions_runner_allow_artifacts_file": {
      "value": "false"
    },
    "actions_runner_compare_workflow_parser": {
      "value": "false"
    },
    "actions_runner_deprecate_linux_arm32": {
      "value": "true"
    },
    "actions_runner_emit_composite_markers": {
      "value": "true"
    },
    "actions_runner_kill_linux_arm32": {
      "value": "false"
    },
    "actions_runner_node20_removal_date": {
      "value": ""
    },
    "actions_runner_node24_default_date": {
      "value": "June 16th, 2026"
    },
    "actions_self_repository": {
      "value": "true"
    },
    "actions_service_container_command": {
      "value": "true"
    },
    "actions_set_orchestration_id_env_for_actions": {
      "value": "true"
    },
    "actions_skip_retry_complete_job_upon_known_errors": {
      "value": "true"
    },
    "actions_snapshot_preflight_hosted_runner_check": {
      "value": "false"
    },
    "actions_snapshot_preflight_image_gen_pool_check": {
      "value": "false"
    },
    "actions_use_bearer_token_for_codeload": {
      "value": "false"
    },
    "actions_uses_cache_service_v2": {
      "value": "true"
    },
    "github_token": {
      "value": "***",
      "isSecret": true
    },
    "system.from_run_service": {
      "value": "true"
    },
    "system.github.job": {
      "value": "deploy"
    },
    "system.github.launch_endpoint": {
      "value": "https://launch.actions.githubusercontent.com"
    },
    "system.github.results_endpoint": {
      "value": "https://results-receiver.actions.githubusercontent.com/"
    },
    "system.github.results_upload_with_sdk": {
      "value": "true"
    },
    "system.github.token": {
      "value": "***",
      "isSecret": true
    },
    "system.github.token.permissions": {
      "value": "{\"Contents\":\"read\",\"Metadata\":\"read\",\"Packages\":\"read\"}"
    },
    "system.orchestrationId": {
      "value": "2351a782-52c3-402a-98d3-15f2ab202da6.deploy.__default"
    },
    "system.phaseDisplayName": {
      "value": "deploy"
    },
    "system.runner.lowdiskspacethreshold": {
      "value": "100"
    },
    "system.runnerEnvironment": {
      "value": "self-hosted"
    },
    "system.runnerGroupName": {
      "value": "Default"
    }
  },
  "messageType": "RunnerJobRequest",
  "plan": {
    "scopeIdentifier": "00000000-0000-0000-0000-000000000000",
    "planType": "actions",
    "version": 0,
    "planId": "2351a782-52c3-402a-98d3-15f2ab202da6",
    "planGroup": null,
    "artifactUri": null,
    "artifactLocation": null,
    "definition": null,
    "owner": null
  },
  "timeline": {
    "id": "2351a782-52c3-402a-98d3-15f2ab202da6",
    "changeId": 0,
    "location": null
  },
  "jobId": "af7d0d80-1535-593f-b22b-d1fcb0a9c5d5",
  "jobDisplayName": "deploy",
  "jobName": "__default",
  "requestId": 0,
  "lockedUntil": "0001-01-01T00:00:00",
  "resources": {
    "endpoints": [
      {
        "data": {
          "ServerId": "",
          "ServerName": "",
          "CacheServerUrl": "https://artifactcache.actions.githubusercontent.com/ztMjL2zLeApI83S06VKPI3awLebW6ZlTrMGD6fRRrWDwGL4jkD/",
          "FeedStreamUrl": "wss://results-receiver.actions.githubusercontent.com/_ws/ingest.sock",
          "ResultsServiceUrl": "https://results-receiver.actions.githubusercontent.com/",
          "PipelinesServiceUrl": "https://pipelinesghubeus7.actions.githubusercontent.com/ztMjL2zLeApI83S06VKPI3awLebW6ZlTrMGD6fRRrWDwGL4jkD/",
          "GenerateIdTokenUrl": "",
          "ConnectivityChecks": "[\"https://broker.actions.githubusercontent.com/health\",\"https://token.actions.githubusercontent.com/ready\",\"https://run.actions.githubusercontent.com/health\"]",
          "ConnectivityAndDNSChecks": "[\"https://github.com/_dns\",\"https://api.github.com/_dns\",\"https://codeload.github.com/_dns\",\"https://pkg.github.com/_dns\",\"https://copilot-proxy.githubusercontent.com/_dns\"]"
        },
        "name": "SystemVssConnection",
        "url": "https://run-actions-1-azure-eastus.actions.githubusercontent.com/199/",
        "authorization": {
          "parameters": {
            "AccessToken": "***"
          },
          "scheme": "OAuth"
        },
        "isShared": false,
        "isReady": true
      }
    ]
  },
  "contextData": {
    "github": {
      "t": 2,
      "d": [
        {
          "k": "ref",
          "v": "refs/heads/staging"
        },
        {
          "k": "sha",
          "v": "98a8a98bd7aa67815f2d211a47c182f3a43bd65e"
        },
        {
          "k": "repository",
          "v": "CryptonFuture/Ecommerce_backened"
        },
        {
          "k": "repository_owner",
          "v": "CryptonFuture"
        },
        {
          "k": "repository_owner_id",
          "v": "86903729"
        },
        {
          "k": "repositoryUrl",
          "v": "git://github.com/CryptonFuture/Ecommerce_backened.git"
        },
        {
          "k": "run_id",
          "v": "30888195165"
        },
        {
          "k": "run_number",
          "v": "6"
        },
        {
          "k": "retention_days",
          "v": "90"
        },
        {
          "k": "run_attempt",
          "v": "1"
        },
        {
          "k": "artifact_cache_size_limit",
          "v": "10"
        },
        {
          "k": "repository_visibility",
          "v": "public"
        },
        {
          "k": "actor_id",
          "v": "86903729"
        },
        {
          "k": "actor",
          "v": "CryptonFuture"
        },
        {
          "k": "workflow",
          "v": "Node CI/CD Local"
        },
        {
          "k": "head_ref",
          "v": ""
        },
        {
          "k": "base_ref",
          "v": ""
        },
        {
          "k": "event_name",
          "v": "push"
        },
        {
          "k": "server_url",
          "v": "https://github.com"
        },
        {
          "k": "api_url",
          "v": "https://api.github.com"
        },
        {
          "k": "graphql_url",
          "v": "https://api.github.com/graphql"
        },
        {
          "k": "ref_name",
          "v": "staging"
        },
        {
          "k": "ref_protected",
          "v": false
        },
        {
          "k": "ref_type",
          "v": "branch"
        },
        {
          "k": "secret_source",
          "v": "Actions"
        },
        {
          "k": "event",
          "v": {
            "t": 2,
            "d": [
              {
                "k": "after",
                "v": "98a8a98bd7aa67815f2d211a47c182f3a43bd65e"
              },
              {
                "k": "base_ref",
                "v": null
              },
              {
                "k": "before",
                "v": "6737495ce086541f813cc8a80a4bed629abd9ed8"
              },
              {
                "k": "commits",
                "v": {
                  "t": 1,
                  "a": [
                    {
                      "t": 2,
                      "d": [
                        {
                          "k": "author",
                          "v": {
                            "t": 2,
                            "d": [
                              {
                                "k": "email",
                                "v": "86903729+CryptonFuture@users.noreply.github.com"
                              },
                              {
                                "k": "name",
                                "v": "CryptonFuture"
                              },
                              {
                                "k": "username",
                                "v": "CryptonFuture"
                              }
                            ]
                          }
                        },
                        {
                          "k": "committer",
                          "v": {
                            "t": 2,
                            "d": [
                              {
                                "k": "email",
                                "v": "86903729+CryptonFuture@users.noreply.github.com"
                              },
                              {
                                "k": "name",
                                "v": "CryptonFuture"
                              },
                              {
                                "k": "username",
                                "v": "CryptonFuture"
                              }
                            ]
                          }
                        },
                        {
                          "k": "distinct",
                          "v": true
                        },
                        {
                          "k": "id",
                          "v": "98a8a98bd7aa67815f2d211a47c182f3a43bd65e"
                        },
                        {
                          "k": "message",
                          "v": "actions"
                        },
                        {
                          "k": "timestamp",
                          "v": "2026-08-04T12:31:57+05:00"
                        },
                        {
                          "k": "tree_id",
                          "v": "d44a37dc2381e5fd1fbcc19b9fc7bbda0704875a"
                        },
                        {
                          "k": "url",
                          "v": "https://github.com/CryptonFuture/Ecommerce_backened/commit/98a8a98bd7aa67815f2d211a47c182f3a43bd65e"
                        }
                      ]
                    }
                  ]
                }
              },
              {
                "k": "compare",
                "v": "https://github.com/CryptonFuture/Ecommerce_backened/compare/6737495ce086...98a8a98bd7aa"
              },
              {
                "k": "created",
                "v": false
              },
              {
                "k": "deleted",
                "v": false
              },
              {
                "k": "forced",
                "v": false
              },
              {
                "k": "head_commit",
                "v": {
                  "t": 2,
                  "d": [
                    {
                      "k": "author",
                      "v": {
                        "t": 2,
                        "d": [
                          {
                            "k": "email",
                            "v": "86903729+CryptonFuture@users.noreply.github.com"
                          },
                          {
                            "k": "name",
                            "v": "CryptonFuture"
                          },
                          {
                            "k": "username",
                            "v": "CryptonFuture"
                          }
                        ]
                      }
                    },
                    {
                      "k": "committer",
                      "v": {
                        "t": 2,
                        "d": [
                          {
                            "k": "email",
                            "v": "86903729+CryptonFuture@users.noreply.github.com"
                          },
                          {
                            "k": "name",
                            "v": "CryptonFuture"
                          },
                          {
                            "k": "username",
                            "v": "CryptonFuture"
                          }
                        ]
                      }
                    },
                    {
                      "k": "distinct",
                      "v": true
                    },
                    {
                      "k": "id",
                      "v": "98a8a98bd7aa67815f2d211a47c182f3a43bd65e"
                    },
                    {
                      "k": "message",
                      "v": "actions"
                    },
                    {
                      "k": "timestamp",
                      "v": "2026-08-04T12:31:57+05:00"
                    },
                    {
                      "k": "tree_id",
                      "v": "d44a37dc2381e5fd1fbcc19b9fc7bbda0704875a"
                    },
                    {
                      "k": "url",
                      "v": "https://github.com/CryptonFuture/Ecommerce_backened/commit/98a8a98bd7aa67815f2d211a47c182f3a43bd65e"
                    }
                  ]
                }
              },
              {
                "k": "pusher",
                "v": {
                  "t": 2,
                  "d": [
                    {
                      "k": "email",
                      "v": "86903729+CryptonFuture@users.noreply.github.com"
                    },
                    {
                      "k": "name",
                      "v": "CryptonFuture"
                    }
                  ]
                }
              },
              {
                "k": "ref",
                "v": "refs/heads/staging"
              },
              {
                "k": "repository",
                "v": {
                  "t": 2,
                  "d": [
                    {
                      "k": "allow_forking",
                      "v": true
                    },
                    {
                      "k": "archive_url",
                      "v": "https://api.github.com/repos/CryptonFuture/Ecommerce_backened/{archive_format}{/ref}"
                    },
                    {
                      "k": "archived",
                      "v": false
                    },
                    {
                      "k": "assignees_url",
                      "v": "https://api.github.com/repos/CryptonFuture/Ecommerce_backened/assignees{/user}"
                    },
                    {
                      "k": "blobs_url",
                      "v": "https://api.github.com/repos/CryptonFuture/Ecommerce_backened/git/blobs{/sha}"
                    },
                    {
                      "k": "branches_url",
                      "v": "https://api.github.com/repos/CryptonFuture/Ecommerce_backened/branches{/branch}"
                    },
                    {
                      "k": "clone_url",
                      "v": "https://github.com/CryptonFuture/Ecommerce_backened.git"
                    },
                    {
                      "k": "collaborators_url",
                      "v": "https://api.github.com/repos/CryptonFuture/Ecommerce_backened/collaborators{/collaborator}"
                    },
                    {
                      "k": "comments_url",
                      "v": "https://api.github.com/repos/CryptonFuture/Ecommerce_backened/comments{/number}"
                    },
                    {
                      "k": "commits_url",
                      "v": "https://api.github.com/repos/CryptonFuture/Ecommerce_backened/commits{/sha}"
                    },
                    {
                      "k": "compare_url",
                      "v": "https://api.github.com/repos/CryptonFuture/Ecommerce_backened/compare/{base}...{head}"
                    },
                    {
                      "k": "contents_url",
                      "v": "https://api.github.com/repos/CryptonFuture/Ecommerce_backened/contents/{+path}"
                    },
                    {
                      "k": "contributors_url",
                      "v": "https://api.github.com/repos/CryptonFuture/Ecommerce_backened/contributors"
                    },
                    {
                      "k": "created_at",
                      "v": 1785823057.0
                    },
                    {
                      "k": "default_branch",
                      "v": "main"
                    },
                    {
                      "k": "deployments_url",
                      "v": "https://api.github.com/repos/CryptonFuture/Ecommerce_backened/deployments"
                    },
                    {
                      "k": "description",
                      "v": null
                    },
                    {
                      "k": "disabled",
                      "v": false
                    },
                    {
                      "k": "downloads_url",
                      "v": "https://api.github.com/repos/CryptonFuture/Ecommerce_backened/downloads"
                    },
                    {
                      "k": "events_url",
                      "v": "https://api.github.com/repos/CryptonFuture/Ecommerce_backened/events"
                    },
                    {
                      "k": "fork",
                      "v": false
                    },
                    {
                      "k": "forks",
                      "v": 0.0
                    },
                    {
                      "k": "forks_count",
                      "v": 0.0
                    },
                    {
                      "k": "forks_url",
                      "v": "https://api.github.com/repos/CryptonFuture/Ecommerce_backened/forks"
                    },
                    {
                      "k": "full_name",
                      "v": "CryptonFuture/Ecommerce_backened"
                    },
                    {
                      "k": "git_commits_url",
                      "v": "https://api.github.com/repos/CryptonFuture/Ecommerce_backened/git/commits{/sha}"
                    },
                    {
                      "k": "git_refs_url",
                      "v": "https://api.github.com/repos/CryptonFuture/Ecommerce_backened/git/refs{/sha}"
                    },
                    {
                      "k": "git_tags_url",
                      "v": "https://api.github.com/repos/CryptonFuture/Ecommerce_backened/git/tags{/sha}"
                    },
                    {
                      "k": "git_url",
                      "v": "git://github.com/CryptonFuture/Ecommerce_backened.git"
                    },
                    {
                      "k": "has_discussions",
                      "v": false
                    },
                    {
                      "k": "has_downloads",
                      "v": true
                    },
                    {
                      "k": "has_issues",
                      "v": true
                    },
                    {
                      "k": "has_pages",
                      "v": false
                    },
                    {
                      "k": "has_projects",
                      "v": true
                    },
                    {
                      "k": "has_pull_requests",
                      "v": true
                    },
                    {
                      "k": "has_wiki",
                      "v": true
                    },
                    {
                      "k": "homepage",
                      "v": null
                    },
                    {
                      "k": "hooks_url",
                      "v": "https://api.github.com/repos/CryptonFuture/Ecommerce_backened/hooks"
                    },
                    {
                      "k": "html_url",
                      "v": "https://github.com/CryptonFuture/Ecommerce_backened"
                    },
                    {
                      "k": "id",
                      "v": 1322572422.0
                    },
                    {
                      "k": "is_template",
                      "v": false
                    },
                    {
                      "k": "issue_comment_url",
                      "v": "https://api.github.com/repos/CryptonFuture/Ecommerce_backened/issues/comments{/number}"
                    },
                    {
                      "k": "issue_events_url",
                      "v": "https://api.github.com/repos/CryptonFuture/Ecommerce_backened/issues/events{/number}"
                    },
                    {
                      "k": "issues_url",
                      "v": "https://api.github.com/repos/CryptonFuture/Ecommerce_backened/issues{/number}"
                    },
                    {
                      "k": "keys_url",
                      "v": "https://api.github.com/repos/CryptonFuture/Ecommerce_backened/keys{/key_id}"
                    },
                    {
                      "k": "labels_url",
                      "v": "https://api.github.com/repos/CryptonFuture/Ecommerce_backened/labels{/name}"
                    },
                    {
                      "k": "language",
                      "v": "JavaScript"
                    },
                    {
                      "k": "languages_url",
                      "v": "https://api.github.com/repos/CryptonFuture/Ecommerce_backened/languages"
                    },
                    {
                      "k": "license",
                      "v": null
                    },
                    {
                      "k": "master_branch",
                      "v": "main"
                    },
                    {
                      "k": "merges_url",
                      "v": "https://api.github.com/repos/CryptonFuture/Ecommerce_backened/merges"
                    },
                    {
                      "k": "milestones_url",
                      "v": "https://api.github.com/repos/CryptonFuture/Ecommerce_backened/milestones{/number}"
                    },
                    {
                      "k": "mirror_url",
                      "v": null
                    },
                    {
                      "k": "name",
                      "v": "Ecommerce_backened"
                    },
                    {
                      "k": "node_id",
                      "v": "R_kgDOTtTahg"
                    },
                    {
                      "k": "notifications_url",
                      "v": "https://api.github.com/repos/CryptonFuture/Ecommerce_backened/notifications{?since,all,participating}"
                    },
                    {
                      "k": "open_issues",
                      "v": 0.0
                    },
                    {
                      "k": "open_issues_count",
                      "v": 0.0
                    },
                    {
                      "k": "owner",
                      "v": {
                        "t": 2,
                        "d": [
                          {
                            "k": "avatar_url",
                            "v": "https://avatars.githubusercontent.com/u/86903729?v=4"
                          },
                          {
                            "k": "email",
                            "v": "86903729+CryptonFuture@users.noreply.github.com"
                          },
                          {
                            "k": "events_url",
                            "v": "https://api.github.com/users/CryptonFuture/events{/privacy}"
                          },
                          {
                            "k": "followers_url",
                            "v": "https://api.github.com/users/CryptonFuture/followers"
                          },
                          {
                            "k": "following_url",
                            "v": "https://api.github.com/users/CryptonFuture/following{/other_user}"
                          },
                          {
                            "k": "gists_url",
                            "v": "https://api.github.com/users/CryptonFuture/gists{/gist_id}"
                          },
                          {
                            "k": "gravatar_id",
                            "v": ""
                          },
                          {
                            "k": "html_url",
                            "v": "https://github.com/CryptonFuture"
                          },
                          {
                            "k": "id",
                            "v": 86903729.0
                          },
                          {
                            "k": "login",
                            "v": "CryptonFuture"
                          },
                          {
                            "k": "name",
                            "v": "CryptonFuture"
                          },
                          {
                            "k": "node_id",
                            "v": "MDQ6VXNlcjg2OTAzNzI5"
                          },
                          {
                            "k": "organizations_url",
                            "v": "https://api.github.com/users/CryptonFuture/orgs"
                          },
                          {
                            "k": "received_events_url",
                            "v": "https://api.github.com/users/CryptonFuture/received_events"
                          },
                          {
                            "k": "repos_url",
                            "v": "https://api.github.com/users/CryptonFuture/repos"
                          },
                          {
                            "k": "site_admin",
                            "v": false
                          },
                          {
                            "k": "starred_url",
                            "v": "https://api.github.com/users/CryptonFuture/starred{/owner}{/repo}"
                          },
                          {
                            "k": "subscriptions_url",
                            "v": "https://api.github.com/users/CryptonFuture/subscriptions"
                          },
                          {
                            "k": "type",
                            "v": "User"
                          },
                          {
                            "k": "url",
                            "v": "https://api.github.com/users/CryptonFuture"
                          },
                          {
                            "k": "user_view_type",
                            "v": "public"
                          }
                        ]
                      }
                    },
                    {
                      "k": "private",
                      "v": false
                    },
                    {
                      "k": "pull_request_creation_policy",
                      "v": "all"
                    },
                    {
                      "k": "pulls_url",
                      "v": "https://api.github.com/repos/CryptonFuture/Ecommerce_backened/pulls{/number}"
                    },
                    {
                      "k": "pushed_at",
                      "v": 1785828721.0
                    },
                    {
                      "k": "releases_url",
                      "v": "https://api.github.com/repos/CryptonFuture/Ecommerce_backened/releases{/id}"
                    },
                    {
                      "k": "size",
                      "v": 183235.0
                    },
                    {
                      "k": "ssh_url",
                      "v": "git@github.com:CryptonFuture/Ecommerce_backened.git"
                    },
                    {
                      "k": "stargazers",
                      "v": 0.0
                    },
                    {
                      "k": "stargazers_count",
                      "v": 0.0
                    },
                    {
                      "k": "stargazers_url",
                      "v": "https://api.github.com/repos/CryptonFuture/Ecommerce_backened/stargazers"
                    },
                    {
                      "k": "statuses_url",
                      "v": "https://api.github.com/repos/CryptonFuture/Ecommerce_backened/statuses/{sha}"
                    },
                    {
                      "k": "subscribers_url",
                      "v": "https://api.github.com/repos/CryptonFuture/Ecommerce_backened/subscribers"
                    },
                    {
                      "k": "subscription_url",
                      "v": "https://api.github.com/repos/CryptonFuture/Ecommerce_backened/subscription"
                    },
                    {
                      "k": "svn_url",
                      "v": "https://github.com/CryptonFuture/Ecommerce_backened"
                    },
                    {
                      "k": "tags_url",
                      "v": "https://api.github.com/repos/CryptonFuture/Ecommerce_backened/tags"
                    },
                    {
                      "k": "teams_url",
                      "v": "https://api.github.com/repos/CryptonFuture/Ecommerce_backened/teams"
                    },
                    {
                      "k": "topics",
                      "v": {
                        "t": 1
                      }
                    },
                    {
                      "k": "trees_url",
                      "v": "https://api.github.com/repos/CryptonFuture/Ecommerce_backened/git/trees{/sha}"
                    },
                    {
                      "k": "updated_at",
                      "v": "2026-08-04T06:51:18Z"
                    },
                    {
                      "k": "url",
                      "v": "https://api.github.com/repos/CryptonFuture/Ecommerce_backened"
                    },
                    {
                      "k": "visibility",
                      "v": "public"
                    },
                    {
                      "k": "watchers",
                      "v": 0.0
                    },
                    {
                      "k": "watchers_count",
                      "v": 0.0
                    },
                    {
                      "k": "web_commit_signoff_required",
                      "v": false
                    }
                  ]
                }
              },
              {
                "k": "sender",
                "v": {
                  "t": 2,
                  "d": [
                    {
                      "k": "avatar_url",
                      "v": "https://avatars.githubusercontent.com/u/86903729?v=4"
                    },
                    {
                      "k": "events_url",
                      "v": "https://api.github.com/users/CryptonFuture/events{/privacy}"
                    },
                    {
                      "k": "followers_url",
                      "v": "https://api.github.com/users/CryptonFuture/followers"
                    },
                    {
                      "k": "following_url",
                      "v": "https://api.github.com/users/CryptonFuture/following{/other_user}"
                    },
                    {
                      "k": "gists_url",
                      "v": "https://api.github.com/users/CryptonFuture/gists{/gist_id}"
                    },
                    {
                      "k": "gravatar_id",
                      "v": ""
                    },
                    {
                      "k": "html_url",
                      "v": "https://github.com/CryptonFuture"
                    },
                    {
                      "k": "id",
                      "v": 86903729.0
                    },
                    {
                      "k": "login",
                      "v": "CryptonFuture"
                    },
                    {
                      "k": "node_id",
                      "v": "MDQ6VXNlcjg2OTAzNzI5"
                    },
                    {
                      "k": "organizations_url",
                      "v": "https://api.github.com/users/CryptonFuture/orgs"
                    },
                    {
                      "k": "received_events_url",
                      "v": "https://api.github.com/users/CryptonFuture/received_events"
                    },
                    {
                      "k": "repos_url",
                      "v": "https://api.github.com/users/CryptonFuture/repos"
                    },
                    {
                      "k": "site_admin",
                      "v": false
                    },
                    {
                      "k": "starred_url",
                      "v": "https://api.github.com/users/CryptonFuture/starred{/owner}{/repo}"
                    },
                    {
                      "k": "subscriptions_url",
                      "v": "https://api.github.com/users/CryptonFuture/subscriptions"
                    },
                    {
                      "k": "type",
                      "v": "User"
                    },
                    {
                      "k": "url",
                      "v": "https://api.github.com/users/CryptonFuture"
                    },
                    {
                      "k": "user_view_type",
                      "v": "public"
                    }
                  ]
                }
              }
            ]
          }
        },
        {
          "k": "workflow_ref",
          "v": "CryptonFuture/Ecommerce_backened/.github/workflows/ci-cd.yml@refs/heads/staging"
        },
        {
          "k": "workflow_sha",
          "v": "98a8a98bd7aa67815f2d211a47c182f3a43bd65e"
        },
        {
          "k": "repository_id",
          "v": "1322572422"
        },
        {
          "k": "triggering_actor",
          "v": "CryptonFuture"
        }
      ]
    },
    "inputs": {
      "t": 2
    },
    "job": {
      "t": 2,
      "d": [
        {
          "k": "check_run_id",
          "v": 91923993086.0
        },
        {
          "k": "workflow_ref",
          "v": "CryptonFuture/Ecommerce_backened/.github/workflows/ci-cd.yml@refs/heads/staging"
        },
        {
          "k": "workflow_sha",
          "v": "98a8a98bd7aa67815f2d211a47c182f3a43bd65e"
        },
        {
          "k": "workflow_repository",
          "v": "CryptonFuture/Ecommerce_backened"
        },
        {
          "k": "workflow_file_path",
          "v": ".github/workflows/ci-cd.yml"
        }
      ]
    },
    "matrix": null,
    "needs": {
      "t": 2
    },
    "strategy": {
      "t": 2,
      "d": [
        {
          "k": "fail-fast",
          "v": true
        },
        {
          "k": "job-index",
          "v": 0.0
        },
        {
          "k": "job-total",
          "v": 1.0
        },
        {
          "k": "max-parallel",
          "v": 1.0
        }
      ]
    },
    "vars": {
      "t": 2
    }
  },
  "billingOwnerId": "U_kgDOBS4LsQ"
}
[2026-08-04 07:32:13Z INFO JobRunner] Job ID af7d0d80-1535-593f-b22b-d1fcb0a9c5d5
[2026-08-04 07:32:13Z INFO ConfigurationStore] currentAssemblyLocation: D:\nodejs\ecommerce-backened\actions-runner\bin\Runner.Worker.dll
[2026-08-04 07:32:13Z INFO HostContext] Well known directory 'Bin': 'D:\nodejs\ecommerce-backened\actions-runner\bin'
[2026-08-04 07:32:13Z INFO ConfigurationStore] binPath: D:\nodejs\ecommerce-backened\actions-runner\bin
[2026-08-04 07:32:13Z INFO HostContext] Well known directory 'Bin': 'D:\nodejs\ecommerce-backened\actions-runner\bin'
[2026-08-04 07:32:13Z INFO HostContext] Well known directory 'Root': 'D:\nodejs\ecommerce-backened\actions-runner'
[2026-08-04 07:32:13Z INFO ConfigurationStore] RootFolder: D:\nodejs\ecommerce-backened\actions-runner
[2026-08-04 07:32:13Z INFO HostContext] Well known directory 'Bin': 'D:\nodejs\ecommerce-backened\actions-runner\bin'
[2026-08-04 07:32:13Z INFO HostContext] Well known directory 'Root': 'D:\nodejs\ecommerce-backened\actions-runner'
[2026-08-04 07:32:13Z INFO HostContext] Well known config file 'Runner': 'D:\nodejs\ecommerce-backened\actions-runner\.runner'
[2026-08-04 07:32:13Z INFO ConfigurationStore] ConfigFilePath: D:\nodejs\ecommerce-backened\actions-runner\.runner
[2026-08-04 07:32:13Z INFO HostContext] Well known directory 'Bin': 'D:\nodejs\ecommerce-backened\actions-runner\bin'
[2026-08-04 07:32:13Z INFO HostContext] Well known directory 'Root': 'D:\nodejs\ecommerce-backened\actions-runner'
[2026-08-04 07:32:13Z INFO HostContext] Well known config file 'MigratedRunner': 'D:\nodejs\ecommerce-backened\actions-runner\.runner_migrated'
[2026-08-04 07:32:13Z INFO ConfigurationStore] MigratedConfigFilePath: D:\nodejs\ecommerce-backened\actions-runner\.runner_migrated
[2026-08-04 07:32:13Z INFO HostContext] Well known directory 'Bin': 'D:\nodejs\ecommerce-backened\actions-runner\bin'
[2026-08-04 07:32:13Z INFO HostContext] Well known directory 'Root': 'D:\nodejs\ecommerce-backened\actions-runner'
[2026-08-04 07:32:13Z INFO HostContext] Well known config file 'Credentials': 'D:\nodejs\ecommerce-backened\actions-runner\.credentials'
[2026-08-04 07:32:13Z INFO ConfigurationStore] CredFilePath: D:\nodejs\ecommerce-backened\actions-runner\.credentials
[2026-08-04 07:32:13Z INFO HostContext] Well known directory 'Bin': 'D:\nodejs\ecommerce-backened\actions-runner\bin'
[2026-08-04 07:32:13Z INFO HostContext] Well known directory 'Root': 'D:\nodejs\ecommerce-backened\actions-runner'
[2026-08-04 07:32:13Z INFO HostContext] Well known config file 'MigratedCredentials': 'D:\nodejs\ecommerce-backened\actions-runner\.credentials_migrated'
[2026-08-04 07:32:13Z INFO ConfigurationStore] MigratedCredFilePath: D:\nodejs\ecommerce-backened\actions-runner\.credentials_migrated
[2026-08-04 07:32:13Z INFO HostContext] Well known directory 'Bin': 'D:\nodejs\ecommerce-backened\actions-runner\bin'
[2026-08-04 07:32:13Z INFO HostContext] Well known directory 'Root': 'D:\nodejs\ecommerce-backened\actions-runner'
[2026-08-04 07:32:13Z INFO HostContext] Well known config file 'Service': 'D:\nodejs\ecommerce-backened\actions-runner\.service'
[2026-08-04 07:32:13Z INFO ConfigurationStore] ServiceConfigFilePath: D:\nodejs\ecommerce-backened\actions-runner\.service
[2026-08-04 07:32:13Z INFO ConfigurationStore] Read setting file: 399 chars
[2026-08-04 07:32:13Z INFO JobRunner] Initializing launch client
[2026-08-04 07:32:13Z INFO JobServerQueue] Initializing results client
[2026-08-04 07:32:13Z INFO ResultServer] Creating websocket client ...wss://results-receiver.actions.githubusercontent.com/_ws/ingest.sock
[2026-08-04 07:32:13Z INFO ResultServer] Attempting to start websocket client with delay 00:00:00.
[2026-08-04 07:32:13Z INFO JobServerQueue] Start process web console line queue.
[2026-08-04 07:32:13Z INFO JobServerQueue] Start process file upload queue.
[2026-08-04 07:32:13Z INFO JobServerQueue] Start results file upload queue.
[2026-08-04 07:32:13Z INFO JobServerQueue] Starting results-based upload queue...
[2026-08-04 07:32:13Z INFO JobServerQueue] Start process timeline update queue.
[2026-08-04 07:32:13Z INFO ExecutionContext] Initializing Job context
[2026-08-04 07:32:13Z INFO ExecutionContext] Initialize GitHub context
[2026-08-04 07:32:13Z INFO ExecutionContext] Initialize Env context
[2026-08-04 07:32:13Z INFO HostContext] Well known directory 'Bin': 'D:\nodejs\ecommerce-backened\actions-runner\bin'
[2026-08-04 07:32:13Z INFO HostContext] Well known directory 'Root': 'D:\nodejs\ecommerce-backened\actions-runner'
[2026-08-04 07:32:13Z INFO HostContext] Well known directory 'Diag': 'D:\nodejs\ecommerce-backened\actions-runner\_diag'
[2026-08-04 07:32:13Z INFO HostContext] Well known directory 'Bin': 'D:\nodejs\ecommerce-backened\actions-runner\bin'
[2026-08-04 07:32:13Z INFO HostContext] Well known directory 'Root': 'D:\nodejs\ecommerce-backened\actions-runner'
[2026-08-04 07:32:13Z INFO HostContext] Well known directory 'Diag': 'D:\nodejs\ecommerce-backened\actions-runner\_diag'
[2026-08-04 07:32:13Z INFO JobRunner] Starting the job execution context.
[2026-08-04 07:32:13Z INFO HostContext] Well known directory 'Bin': 'D:\nodejs\ecommerce-backened\actions-runner\bin'
[2026-08-04 07:32:13Z INFO HostContext] Well known directory 'Root': 'D:\nodejs\ecommerce-backened\actions-runner'
[2026-08-04 07:32:13Z INFO HostContext] Well known directory 'Work': 'D:\nodejs\ecommerce-backened\actions-runner\_work'
[2026-08-04 07:32:13Z INFO JobRunner] Validating directory permissions for: 'D:\nodejs\ecommerce-backened\actions-runner\_work'
[2026-08-04 07:32:13Z INFO HostContext] Well known directory 'Bin': 'D:\nodejs\ecommerce-backened\actions-runner\bin'
[2026-08-04 07:32:13Z INFO HostContext] Well known directory 'Root': 'D:\nodejs\ecommerce-backened\actions-runner'
[2026-08-04 07:32:13Z INFO HostContext] Well known directory 'Work': 'D:\nodejs\ecommerce-backened\actions-runner\_work'
[2026-08-04 07:32:13Z INFO HostContext] Well known directory 'Tools': 'D:\nodejs\ecommerce-backened\actions-runner\_work\_tool'
[2026-08-04 07:32:13Z INFO HostContext] Well known directory 'Bin': 'D:\nodejs\ecommerce-backened\actions-runner\bin'
[2026-08-04 07:32:13Z INFO HostContext] Well known directory 'Root': 'D:\nodejs\ecommerce-backened\actions-runner'
[2026-08-04 07:32:13Z INFO HostContext] Well known directory 'Work': 'D:\nodejs\ecommerce-backened\actions-runner\_work'
[2026-08-04 07:32:13Z INFO HostContext] Well known directory 'Temp': 'D:\nodejs\ecommerce-backened\actions-runner\_work\_temp'
[2026-08-04 07:32:13Z INFO JobRunner] Getting job extension.
[2026-08-04 07:32:13Z INFO JobRunner] Initialize job. Getting all job steps.
[2026-08-04 07:32:13Z INFO HostContext] Well known directory 'Bin': 'D:\nodejs\ecommerce-backened\actions-runner\bin'
[2026-08-04 07:32:13Z INFO HostContext] Well known directory 'Root': 'D:\nodejs\ecommerce-backened\actions-runner'
[2026-08-04 07:32:13Z INFO HostContext] Well known directory 'Diag': 'D:\nodejs\ecommerce-backened\actions-runner\_diag'
[2026-08-04 07:32:13Z INFO HostContext] Well known directory 'Bin': 'D:\nodejs\ecommerce-backened\actions-runner\bin'
[2026-08-04 07:32:13Z INFO HostContext] Well known directory 'Root': 'D:\nodejs\ecommerce-backened\actions-runner'
[2026-08-04 07:32:13Z INFO HostContext] Well known directory 'Diag': 'D:\nodejs\ecommerce-backened\actions-runner\_diag'
[2026-08-04 07:32:13Z INFO HostContext] Well known directory 'Bin': 'D:\nodejs\ecommerce-backened\actions-runner\bin'
[2026-08-04 07:32:13Z INFO HostContext] Well known directory 'Root': 'D:\nodejs\ecommerce-backened\actions-runner'
[2026-08-04 07:32:13Z INFO HostContext] Well known config file 'Credentials': 'D:\nodejs\ecommerce-backened\actions-runner\.credentials'
[2026-08-04 07:32:13Z INFO HostContext] Well known directory 'Bin': 'D:\nodejs\ecommerce-backened\actions-runner\bin'
[2026-08-04 07:32:13Z INFO HostContext] Well known directory 'Root': 'D:\nodejs\ecommerce-backened\actions-runner'
[2026-08-04 07:32:13Z INFO HostContext] Well known config file 'SetupInfo': 'D:\nodejs\ecommerce-backened\actions-runner\.setup_info'
[2026-08-04 07:32:13Z INFO HostContext] Well known directory 'Bin': 'D:\nodejs\ecommerce-backened\actions-runner\bin'
[2026-08-04 07:32:13Z INFO HostContext] Well known directory 'Root': 'D:\nodejs\ecommerce-backened\actions-runner'
[2026-08-04 07:32:13Z INFO HostContext] Well known directory 'Work': 'D:\nodejs\ecommerce-backened\actions-runner\_work'
[2026-08-04 07:32:13Z INFO PipelineDirectoryManager] Loading tracking config if exists: D:\nodejs\ecommerce-backened\actions-runner\_work\_PipelineMapping\CryptonFuture/Ecommerce_backened\PipelineFolder.json
[2026-08-04 07:32:13Z INFO PipelineDirectoryManager] Updating job run properties.
[2026-08-04 07:32:13Z INFO HostContext] Well known directory 'Bin': 'D:\nodejs\ecommerce-backened\actions-runner\bin'
[2026-08-04 07:32:13Z INFO HostContext] Well known directory 'Root': 'D:\nodejs\ecommerce-backened\actions-runner'
[2026-08-04 07:32:13Z INFO HostContext] Well known directory 'Work': 'D:\nodejs\ecommerce-backened\actions-runner\_work'
[2026-08-04 07:32:13Z INFO HostContext] Well known directory 'Bin': 'D:\nodejs\ecommerce-backened\actions-runner\bin'
[2026-08-04 07:32:13Z INFO HostContext] Well known directory 'Root': 'D:\nodejs\ecommerce-backened\actions-runner'
[2026-08-04 07:32:13Z INFO HostContext] Well known directory 'Work': 'D:\nodejs\ecommerce-backened\actions-runner\_work'
[2026-08-04 07:32:13Z INFO HostContext] Well known directory 'Bin': 'D:\nodejs\ecommerce-backened\actions-runner\bin'
[2026-08-04 07:32:13Z INFO HostContext] Well known directory 'Root': 'D:\nodejs\ecommerce-backened\actions-runner'
[2026-08-04 07:32:13Z INFO HostContext] Well known directory 'Work': 'D:\nodejs\ecommerce-backened\actions-runner\_work'
[2026-08-04 07:32:13Z INFO JobExtension] Downloading actions
[2026-08-04 07:32:13Z INFO HostContext] Well known directory 'Bin': 'D:\nodejs\ecommerce-backened\actions-runner\bin'
[2026-08-04 07:32:13Z INFO HostContext] Well known directory 'Root': 'D:\nodejs\ecommerce-backened\actions-runner'
[2026-08-04 07:32:13Z INFO HostContext] Well known directory 'Work': 'D:\nodejs\ecommerce-backened\actions-runner\_work'
[2026-08-04 07:32:13Z INFO HostContext] Well known directory 'Actions': 'D:\nodejs\ecommerce-backened\actions-runner\_work\_actions'
[2026-08-04 07:32:14Z INFO Worker] Listening for cancel message from the channel.
[2026-08-04 07:32:14Z INFO Worker] Waiting for the job to complete or for a cancel message from the channel.
[2026-08-04 07:32:14Z INFO ResultServer] Successfully started websocket client.
[2026-08-04 07:32:14Z INFO JobServerQueue] Try to append 1 batches web console lines for record '61dc7f75-3691-40e4-a709-d3692308d79b', success rate: 1/1.
[2026-08-04 07:32:14Z INFO JobServerQueue] Try to append 1 batches web console lines for record '61dc7f75-3691-40e4-a709-d3692308d79b', success rate: 1/1.
[2026-08-04 07:32:15Z INFO JobServerQueue] Job timeline record has been updated for the first time.
[2026-08-04 07:32:15Z INFO HostContext] Well known directory 'Bin': 'D:\nodejs\ecommerce-backened\actions-runner\bin'
[2026-08-04 07:32:15Z INFO HostContext] Well known directory 'Root': 'D:\nodejs\ecommerce-backened\actions-runner'
[2026-08-04 07:32:15Z INFO HostContext] Well known directory 'Work': 'D:\nodejs\ecommerce-backened\actions-runner\_work'
[2026-08-04 07:32:15Z INFO HostContext] Well known directory 'Actions': 'D:\nodejs\ecommerce-backened\actions-runner\_work\_actions'
[2026-08-04 07:32:15Z INFO HostContext] Well known directory 'Bin': 'D:\nodejs\ecommerce-backened\actions-runner\bin'
[2026-08-04 07:32:15Z INFO HostContext] Well known directory 'Root': 'D:\nodejs\ecommerce-backened\actions-runner'
[2026-08-04 07:32:15Z INFO HostContext] Well known directory 'Work': 'D:\nodejs\ecommerce-backened\actions-runner\_work'
[2026-08-04 07:32:15Z INFO HostContext] Well known directory 'Actions': 'D:\nodejs\ecommerce-backened\actions-runner\_work\_actions'
[2026-08-04 07:32:15Z INFO ActionManager] Save archive 'https://codeload.github.com/actions/checkout/zip/11d5960a326750d5838078e36cf38b85af677262' into D:\nodejs\ecommerce-backened\actions-runner\_work\_actions\_temp_288c544d-367e-47b4-ac22-8834708276b7\a27f8a94-ea46-4b3c-a270-60ce97df1e02.zip.
[2026-08-04 07:32:15Z INFO ActionManager] Using Basic token for action archive download.
[2026-08-04 07:32:15Z INFO JobServerQueue] Try to append 1 batches web console lines for record '61dc7f75-3691-40e4-a709-d3692308d79b', success rate: 1/1.
[2026-08-04 07:32:16Z INFO ActionManager] Request URL: https://codeload.github.com/actions/checkout/zip/11d5960a326750d5838078e36cf38b85af677262 X-GitHub-Request-Id: C334:11A1C1:6F70D:81D1E4:6A71957C Http Status: OK
[2026-08-04 07:32:16Z INFO ActionManager] Finished getting action repository.
[2026-08-04 07:32:16Z INFO HostContext] Well known directory 'Bin': 'D:\nodejs\ecommerce-backened\actions-runner\bin'
[2026-08-04 07:32:16Z INFO HostContext] Well known directory 'Root': 'D:\nodejs\ecommerce-backened\actions-runner'
[2026-08-04 07:32:16Z INFO HostContext] Well known directory 'Work': 'D:\nodejs\ecommerce-backened\actions-runner\_work'
[2026-08-04 07:32:16Z INFO HostContext] Well known directory 'Actions': 'D:\nodejs\ecommerce-backened\actions-runner\_work\_actions'
[2026-08-04 07:32:16Z INFO HostContext] Well known directory 'Bin': 'D:\nodejs\ecommerce-backened\actions-runner\bin'
[2026-08-04 07:32:16Z INFO HostContext] Well known directory 'Root': 'D:\nodejs\ecommerce-backened\actions-runner'
[2026-08-04 07:32:16Z INFO HostContext] Well known directory 'Work': 'D:\nodejs\ecommerce-backened\actions-runner\_work'
[2026-08-04 07:32:16Z INFO HostContext] Well known directory 'Actions': 'D:\nodejs\ecommerce-backened\actions-runner\_work\_actions'
[2026-08-04 07:32:16Z INFO ActionManager] Save archive 'https://codeload.github.com/actions/setup-node/zip/49933ea5288caeca8642d1e84afbd3f7d6820020' into D:\nodejs\ecommerce-backened\actions-runner\_work\_actions\_temp_e7c7ec3a-e4bb-4ad8-8d97-8bb291d885cf\915ae4a1-3749-4a77-bc5b-216e3d510dae.zip.
[2026-08-04 07:32:16Z INFO ActionManager] Using Basic token for action archive download.
[2026-08-04 07:32:16Z INFO JobServerQueue] Try to append 1 batches web console lines for record '61dc7f75-3691-40e4-a709-d3692308d79b', success rate: 1/1.
[2026-08-04 07:32:18Z INFO ActionManager] Request URL: https://codeload.github.com/actions/setup-node/zip/49933ea5288caeca8642d1e84afbd3f7d6820020 X-GitHub-Request-Id: 35C3:3CBAAD:6CB8D:81A132:6A71957D Http Status: OK
[2026-08-04 07:32:18Z INFO ActionManager] Finished getting action repository.
[2026-08-04 07:32:18Z INFO HostContext] Well known directory 'Bin': 'D:\nodejs\ecommerce-backened\actions-runner\bin'
[2026-08-04 07:32:18Z INFO HostContext] Well known directory 'Root': 'D:\nodejs\ecommerce-backened\actions-runner'
[2026-08-04 07:32:18Z INFO HostContext] Well known directory 'Work': 'D:\nodejs\ecommerce-backened\actions-runner\_work'
[2026-08-04 07:32:18Z INFO HostContext] Well known directory 'Actions': 'D:\nodejs\ecommerce-backened\actions-runner\_work\_actions'
[2026-08-04 07:32:18Z INFO ActionManifestManagerLegacy] Load schema file with definitions: [
  "null",
  "boolean",
  "number",
  "string",
  "sequence",
  "mapping",
  "any",
  "action-root",
  "inputs",
  "input",
  "outputs",
  "output-definition",
  "runs",
  "container-runs",
  "container-runs-args",
  "container-runs-env",
  "node-runs",
  "plugin-runs",
  "composite-runs",
  "composite-steps",
  "composite-step",
  "run-step",
  "uses-step",
  "container-runs-context",
  "output-value",
  "input-default-context",
  "non-empty-string",
  "string-steps-context",
  "boolean-steps-context",
  "step-env",
  "step-if",
  "step-with"
]
[2026-08-04 07:32:18Z INFO ActionManifestManager] Load schema file with definitions: [
  "null",
  "boolean",
  "number",
  "string",
  "sequence",
  "mapping",
  "any",
  "action-root",
  "inputs",
  "input",
  "outputs",
  "output-definition",
  "runs",
  "container-runs",
  "container-runs-args",
  "container-runs-env",
  "node-runs",
  "plugin-runs",
  "composite-runs",
  "composite-steps",
  "composite-step",
  "run-step",
  "uses-step",
  "container-runs-context",
  "output-value",
  "input-default-context",
  "non-empty-string",
  "string-steps-context",
  "boolean-steps-context",
  "step-env",
  "step-if",
  "step-with"
]
[2026-08-04 07:32:18Z INFO HostContext] Well known directory 'Bin': 'D:\nodejs\ecommerce-backened\actions-runner\bin'
[2026-08-04 07:32:18Z INFO HostContext] Well known directory 'Root': 'D:\nodejs\ecommerce-backened\actions-runner'
[2026-08-04 07:32:18Z INFO HostContext] Well known directory 'Work': 'D:\nodejs\ecommerce-backened\actions-runner\_work'
[2026-08-04 07:32:18Z INFO HostContext] Well known directory 'Actions': 'D:\nodejs\ecommerce-backened\actions-runner\_work\_actions'
[2026-08-04 07:32:18Z INFO ActionManifestManagerLegacy] Loaded action.yml file: {
  "name": "Checkout",
  "description": "Checkout a Git repository at a particular version",
  "inputs": {
    "type": 2,
    "map": [
      {
        "key": {
          "type": 0,
          "file": 2,
          "line": 4,
          "col": 3,
          "lit": "repository"
        },
        "value": {
          "type": 3,
          "file": 2,
          "line": 6,
          "col": 14,
          "expr": "github.repository"
        }
      },
      {
        "key": {
          "type": 0,
          "file": 2,
          "line": 7,
          "col": 3,
          "lit": "ref"
        },
        "value": ""
      },
      {
        "key": {
          "type": 0,
          "file": 2,
          "line": 12,
          "col": 3,
          "lit": "token"
        },
        "value": {
          "type": 3,
          "file": 2,
          "line": 24,
          "col": 14,
          "expr": "github.token"
        }
      },
      {
        "key": {
          "type": 0,
          "file": 2,
          "line": 25,
          "col": 3,
          "lit": "ssh-key"
        },
        "value": ""
      },
      {
        "key": {
          "type": 0,
          "file": 2,
          "line": 37,
          "col": 3,
          "lit": "ssh-known-hosts"
        },
        "value": ""
      },
      {
        "key": {
          "type": 0,
          "file": 2,
          "line": 42,
          "col": 3,
          "lit": "ssh-strict"
        },
        "value": {
          "type": 0,
          "file": 2,
          "line": 47,
          "col": 14,
          "lit": "true"
        }
      },
      {
        "key": {
          "type": 0,
          "file": 2,
          "line": 48,
          "col": 3,
          "lit": "ssh-user"
        },
        "value": {
          "type": 0,
          "file": 2,
          "line": 51,
          "col": 14,
          "lit": "git"
        }
      },
      {
        "key": {
          "type": 0,
          "file": 2,
          "line": 52,
          "col": 3,
          "lit": "persist-credentials"
        },
        "value": {
          "type": 0,
          "file": 2,
          "line": 54,
          "col": 14,
          "lit": "true"
        }
      },
      {
        "key": {
          "type": 0,
          "file": 2,
          "line": 55,
          "col": 3,
          "lit": "path"
        },
        "value": ""
      },
      {
        "key": {
          "type": 0,
          "file": 2,
          "line": 57,
          "col": 3,
          "lit": "clean"
        },
        "value": {
          "type": 0,
          "file": 2,
          "line": 59,
          "col": 14,
          "lit": "true"
        }
      },
      {
        "key": {
          "type": 0,
          "file": 2,
          "line": 60,
          "col": 3,
          "lit": "filter"
        },
        "value": {
          "type": 0,
          "file": 2,
          "line": 64,
          "col": 14,
          "lit": ""
        }
      },
      {
        "key": {
          "type": 0,
          "file": 2,
          "line": 65,
          "col": 3,
          "lit": "sparse-checkout"
        },
        "value": {
          "type": 0,
          "file": 2,
          "line": 69,
          "col": 14,
          "lit": ""
        }
      },
      {
        "key": {
          "type": 0,
          "file": 2,
          "line": 70,
          "col": 3,
          "lit": "sparse-checkout-cone-mode"
        },
        "value": {
          "type": 0,
          "file": 2,
          "line": 73,
          "col": 14,
          "lit": "true"
        }
      },
      {
        "key": {
          "type": 0,
          "file": 2,
          "line": 74,
          "col": 3,
          "lit": "fetch-depth"
        },
        "value": {
          "type": 0,
          "file": 2,
          "line": 76,
          "col": 14,
          "lit": "1"
        }
      },
      {
        "key": {
          "type": 0,
          "file": 2,
          "line": 77,
          "col": 3,
          "lit": "fetch-tags"
        },
        "value": {
          "type": 0,
          "file": 2,
          "line": 79,
          "col": 14,
          "lit": "false"
        }
      },
      {
        "key": {
          "type": 0,
          "file": 2,
          "line": 80,
          "col": 3,
          "lit": "show-progress"
        },
        "value": {
          "type": 0,
          "file": 2,
          "line": 82,
          "col": 14,
          "lit": "true"
        }
      },
      {
        "key": {
          "type": 0,
          "file": 2,
          "line": 83,
          "col": 3,
          "lit": "lfs"
        },
        "value": {
          "type": 0,
          "file": 2,
          "line": 85,
          "col": 14,
          "lit": "false"
        }
      },
      {
        "key": {
          "type": 0,
          "file": 2,
          "line": 86,
          "col": 3,
          "lit": "submodules"
        },
        "value": {
          "type": 0,
          "file": 2,
          "line": 94,
          "col": 14,
          "lit": "false"
        }
      },
      {
        "key": {
          "type": 0,
          "file": 2,
          "line": 95,
          "col": 3,
          "lit": "set-safe-directory"
        },
        "value": {
          "type": 0,
          "file": 2,
          "line": 97,
          "col": 14,
          "lit": "true"
        }
      },
      {
        "key": {
          "type": 0,
          "file": 2,
          "line": 98,
          "col": 3,
          "lit": "github-server-url"
        },
        "value": ""
      },
      {
        "key": {
          "type": 0,
          "file": 2,
          "line": 101,
          "col": 3,
          "lit": "allow-unsafe-pr-checkout"
        },
        "value": {
          "type": 0,
          "file": 2,
          "line": 109,
          "col": 14,
          "lit": "false"
        }
      }
    ]
  },
  "execution": {
    "executionType": "nodeJS",
    "hasPre": false,
    "hasPost": true,
    "script": "dist/index.js",
    "pre": null,
    "post": "dist/index.js",
    "nodeVersion": "node20",
    "cleanupCondition": "always()",
    "initCondition": "always()"
  },
  "deprecated": null
}
[2026-08-04 07:32:18Z INFO ActionManager] Action node.js file: dist/index.js, no more preparation.
[2026-08-04 07:32:18Z INFO HostContext] Well known directory 'Bin': 'D:\nodejs\ecommerce-backened\actions-runner\bin'
[2026-08-04 07:32:18Z INFO HostContext] Well known directory 'Root': 'D:\nodejs\ecommerce-backened\actions-runner'
[2026-08-04 07:32:18Z INFO HostContext] Well known directory 'Work': 'D:\nodejs\ecommerce-backened\actions-runner\_work'
[2026-08-04 07:32:18Z INFO HostContext] Well known directory 'Actions': 'D:\nodejs\ecommerce-backened\actions-runner\_work\_actions'
[2026-08-04 07:32:18Z INFO ActionManager] Load action that reference repository from 'D:\nodejs\ecommerce-backened\actions-runner\_work\_actions\actions\checkout\v4'
[2026-08-04 07:32:18Z INFO HostContext] Well known directory 'Bin': 'D:\nodejs\ecommerce-backened\actions-runner\bin'
[2026-08-04 07:32:18Z INFO HostContext] Well known directory 'Root': 'D:\nodejs\ecommerce-backened\actions-runner'
[2026-08-04 07:32:18Z INFO HostContext] Well known directory 'Work': 'D:\nodejs\ecommerce-backened\actions-runner\_work'
[2026-08-04 07:32:18Z INFO HostContext] Well known directory 'Actions': 'D:\nodejs\ecommerce-backened\actions-runner\_work\_actions'
[2026-08-04 07:32:18Z INFO ActionManifestManagerLegacy] Loaded action.yml file: {
  "name": "Checkout",
  "description": "Checkout a Git repository at a particular version",
  "inputs": {
    "type": 2,
    "map": [
      {
        "key": {
          "type": 0,
          "file": 2,
          "line": 4,
          "col": 3,
          "lit": "repository"
        },
        "value": {
          "type": 3,
          "file": 2,
          "line": 6,
          "col": 14,
          "expr": "github.repository"
        }
      },
      {
        "key": {
          "type": 0,
          "file": 2,
          "line": 7,
          "col": 3,
          "lit": "ref"
        },
        "value": ""
      },
      {
        "key": {
          "type": 0,
          "file": 2,
          "line": 12,
          "col": 3,
          "lit": "token"
        },
        "value": {
          "type": 3,
          "file": 2,
          "line": 24,
          "col": 14,
          "expr": "github.token"
        }
      },
      {
        "key": {
          "type": 0,
          "file": 2,
          "line": 25,
          "col": 3,
          "lit": "ssh-key"
        },
        "value": ""
      },
      {
        "key": {
          "type": 0,
          "file": 2,
          "line": 37,
          "col": 3,
          "lit": "ssh-known-hosts"
        },
        "value": ""
      },
      {
        "key": {
          "type": 0,
          "file": 2,
          "line": 42,
          "col": 3,
          "lit": "ssh-strict"
        },
        "value": {
          "type": 0,
          "file": 2,
          "line": 47,
          "col": 14,
          "lit": "true"
        }
      },
      {
        "key": {
          "type": 0,
          "file": 2,
          "line": 48,
          "col": 3,
          "lit": "ssh-user"
        },
        "value": {
          "type": 0,
          "file": 2,
          "line": 51,
          "col": 14,
          "lit": "git"
        }
      },
      {
        "key": {
          "type": 0,
          "file": 2,
          "line": 52,
          "col": 3,
          "lit": "persist-credentials"
        },
        "value": {
          "type": 0,
          "file": 2,
          "line": 54,
          "col": 14,
          "lit": "true"
        }
      },
      {
        "key": {
          "type": 0,
          "file": 2,
          "line": 55,
          "col": 3,
          "lit": "path"
        },
        "value": ""
      },
      {
        "key": {
          "type": 0,
          "file": 2,
          "line": 57,
          "col": 3,
          "lit": "clean"
        },
        "value": {
          "type": 0,
          "file": 2,
          "line": 59,
          "col": 14,
          "lit": "true"
        }
      },
      {
        "key": {
          "type": 0,
          "file": 2,
          "line": 60,
          "col": 3,
          "lit": "filter"
        },
        "value": {
          "type": 0,
          "file": 2,
          "line": 64,
          "col": 14,
          "lit": ""
        }
      },
      {
        "key": {
          "type": 0,
          "file": 2,
          "line": 65,
          "col": 3,
          "lit": "sparse-checkout"
        },
        "value": {
          "type": 0,
          "file": 2,
          "line": 69,
          "col": 14,
          "lit": ""
        }
      },
      {
        "key": {
          "type": 0,
          "file": 2,
          "line": 70,
          "col": 3,
          "lit": "sparse-checkout-cone-mode"
        },
        "value": {
          "type": 0,
          "file": 2,
          "line": 73,
          "col": 14,
          "lit": "true"
        }
      },
      {
        "key": {
          "type": 0,
          "file": 2,
          "line": 74,
          "col": 3,
          "lit": "fetch-depth"
        },
        "value": {
          "type": 0,
          "file": 2,
          "line": 76,
          "col": 14,
          "lit": "1"
        }
      },
      {
        "key": {
          "type": 0,
          "file": 2,
          "line": 77,
          "col": 3,
          "lit": "fetch-tags"
        },
        "value": {
          "type": 0,
          "file": 2,
          "line": 79,
          "col": 14,
          "lit": "false"
        }
      },
      {
        "key": {
          "type": 0,
          "file": 2,
          "line": 80,
          "col": 3,
          "lit": "show-progress"
        },
        "value": {
          "type": 0,
          "file": 2,
          "line": 82,
          "col": 14,
          "lit": "true"
        }
      },
      {
        "key": {
          "type": 0,
          "file": 2,
          "line": 83,
          "col": 3,
          "lit": "lfs"
        },
        "value": {
          "type": 0,
          "file": 2,
          "line": 85,
          "col": 14,
          "lit": "false"
        }
      },
      {
        "key": {
          "type": 0,
          "file": 2,
          "line": 86,
          "col": 3,
          "lit": "submodules"
        },
        "value": {
          "type": 0,
          "file": 2,
          "line": 94,
          "col": 14,
          "lit": "false"
        }
      },
      {
        "key": {
          "type": 0,
          "file": 2,
          "line": 95,
          "col": 3,
          "lit": "set-safe-directory"
        },
        "value": {
          "type": 0,
          "file": 2,
          "line": 97,
          "col": 14,
          "lit": "true"
        }
      },
      {
        "key": {
          "type": 0,
          "file": 2,
          "line": 98,
          "col": 3,
          "lit": "github-server-url"
        },
        "value": ""
      },
      {
        "key": {
          "type": 0,
          "file": 2,
          "line": 101,
          "col": 3,
          "lit": "allow-unsafe-pr-checkout"
        },
        "value": {
          "type": 0,
          "file": 2,
          "line": 109,
          "col": 14,
          "lit": "false"
        }
      }
    ]
  },
  "execution": {
    "executionType": "nodeJS",
    "hasPre": false,
    "hasPost": true,
    "script": "dist/index.js",
    "pre": null,
    "post": "dist/index.js",
    "nodeVersion": "node20",
    "cleanupCondition": "always()",
    "initCondition": "always()"
  },
  "deprecated": null
}
[2026-08-04 07:32:18Z INFO ActionManager] Action pre node.js file: N/A.
[2026-08-04 07:32:18Z INFO ActionManager] Action node.js file: dist/index.js.
[2026-08-04 07:32:18Z INFO ActionManager] Action post node.js file: dist/index.js.
[2026-08-04 07:32:18Z INFO HostContext] Well known directory 'Bin': 'D:\nodejs\ecommerce-backened\actions-runner\bin'
[2026-08-04 07:32:18Z INFO HostContext] Well known directory 'Root': 'D:\nodejs\ecommerce-backened\actions-runner'
[2026-08-04 07:32:18Z INFO HostContext] Well known directory 'Work': 'D:\nodejs\ecommerce-backened\actions-runner\_work'
[2026-08-04 07:32:18Z INFO HostContext] Well known directory 'Actions': 'D:\nodejs\ecommerce-backened\actions-runner\_work\_actions'
[2026-08-04 07:32:18Z INFO HostContext] Well known directory 'Bin': 'D:\nodejs\ecommerce-backened\actions-runner\bin'
[2026-08-04 07:32:18Z INFO HostContext] Well known directory 'Root': 'D:\nodejs\ecommerce-backened\actions-runner'
[2026-08-04 07:32:18Z INFO HostContext] Well known directory 'Work': 'D:\nodejs\ecommerce-backened\actions-runner\_work'
[2026-08-04 07:32:18Z INFO HostContext] Well known directory 'Actions': 'D:\nodejs\ecommerce-backened\actions-runner\_work\_actions'
[2026-08-04 07:32:19Z INFO ActionManifestManagerLegacy] Ignore action property author.
[2026-08-04 07:32:19Z INFO ActionManifestManagerLegacy] Loaded action.yml file: {
  "name": "Setup Node.js environment",
  "description": "Setup a Node.js environment by adding problem matchers and optionally downloading and adding it to the PATH.",
  "inputs": {
    "type": 2,
    "map": [
      {
        "key": {
          "type": 0,
          "file": 3,
          "line": 5,
          "col": 3,
          "lit": "always-auth"
        },
        "value": {
          "type": 0,
          "file": 3,
          "line": 7,
          "col": 14,
          "lit": "false"
        }
      },
      {
        "key": {
          "type": 0,
          "file": 3,
          "line": 8,
          "col": 3,
          "lit": "node-version"
        },
        "value": ""
      },
      {
        "key": {
          "type": 0,
          "file": 3,
          "line": 10,
          "col": 3,
          "lit": "node-version-file"
        },
        "value": ""
      },
      {
        "key": {
          "type": 0,
          "file": 3,
          "line": 12,
          "col": 3,
          "lit": "architecture"
        },
        "value": ""
      },
      {
        "key": {
          "type": 0,
          "file": 3,
          "line": 14,
          "col": 3,
          "lit": "check-latest"
        },
        "value": {
          "type": 0,
          "file": 3,
          "line": 16,
          "col": 14,
          "lit": "false"
        }
      },
      {
        "key": {
          "type": 0,
          "file": 3,
          "line": 17,
          "col": 3,
          "lit": "registry-url"
        },
        "value": ""
      },
      {
        "key": {
          "type": 0,
          "file": 3,
          "line": 19,
          "col": 3,
          "lit": "scope"
        },
        "value": ""
      },
      {
        "key": {
          "type": 0,
          "file": 3,
          "line": 21,
          "col": 3,
          "lit": "token"
        },
        "value": {
          "type": 3,
          "file": 3,
          "line": 23,
          "col": 14,
          "expr": "github.server_url == 'https://github.com' && github.token || ''"
        }
      },
      {
        "key": {
          "type": 0,
          "file": 3,
          "line": 24,
          "col": 3,
          "lit": "cache"
        },
        "value": ""
      },
      {
        "key": {
          "type": 0,
          "file": 3,
          "line": 26,
          "col": 3,
          "lit": "cache-dependency-path"
        },
        "value": ""
      },
      {
        "key": {
          "type": 0,
          "file": 3,
          "line": 28,
          "col": 3,
          "lit": "mirror"
        },
        "value": ""
      },
      {
        "key": {
          "type": 0,
          "file": 3,
          "line": 30,
          "col": 3,
          "lit": "mirror-token"
        },
        "value": ""
      }
    ]
  },
  "execution": {
    "executionType": "nodeJS",
    "hasPre": false,
    "hasPost": true,
    "script": "dist/setup/index.js",
    "pre": null,
    "post": "dist/cache-save/index.js",
    "nodeVersion": "node20",
    "cleanupCondition": "success()",
    "initCondition": "always()"
  },
  "deprecated": null
}
[2026-08-04 07:32:19Z INFO ActionManager] Action node.js file: dist/setup/index.js, no more preparation.
[2026-08-04 07:32:19Z INFO HostContext] Well known directory 'Bin': 'D:\nodejs\ecommerce-backened\actions-runner\bin'
[2026-08-04 07:32:19Z INFO HostContext] Well known directory 'Root': 'D:\nodejs\ecommerce-backened\actions-runner'
[2026-08-04 07:32:19Z INFO HostContext] Well known directory 'Work': 'D:\nodejs\ecommerce-backened\actions-runner\_work'
[2026-08-04 07:32:19Z INFO HostContext] Well known directory 'Actions': 'D:\nodejs\ecommerce-backened\actions-runner\_work\_actions'
[2026-08-04 07:32:19Z INFO ActionManager] Load action that reference repository from 'D:\nodejs\ecommerce-backened\actions-runner\_work\_actions\actions\setup-node\v4'
[2026-08-04 07:32:19Z INFO HostContext] Well known directory 'Bin': 'D:\nodejs\ecommerce-backened\actions-runner\bin'
[2026-08-04 07:32:19Z INFO HostContext] Well known directory 'Root': 'D:\nodejs\ecommerce-backened\actions-runner'
[2026-08-04 07:32:19Z INFO HostContext] Well known directory 'Work': 'D:\nodejs\ecommerce-backened\actions-runner\_work'
[2026-08-04 07:32:19Z INFO HostContext] Well known directory 'Actions': 'D:\nodejs\ecommerce-backened\actions-runner\_work\_actions'
[2026-08-04 07:32:19Z INFO ActionManifestManagerLegacy] Ignore action property author.
[2026-08-04 07:32:19Z INFO ActionManifestManagerLegacy] Loaded action.yml file: {
  "name": "Setup Node.js environment",
  "description": "Setup a Node.js environment by adding problem matchers and optionally downloading and adding it to the PATH.",
  "inputs": {
    "type": 2,
    "map": [
      {
        "key": {
          "type": 0,
          "file": 3,
          "line": 5,
          "col": 3,
          "lit": "always-auth"
        },
        "value": {
          "type": 0,
          "file": 3,
          "line": 7,
          "col": 14,
          "lit": "false"
        }
      },
      {
        "key": {
          "type": 0,
          "file": 3,
          "line": 8,
          "col": 3,
          "lit": "node-version"
        },
        "value": ""
      },
      {
        "key": {
          "type": 0,
          "file": 3,
          "line": 10,
          "col": 3,
          "lit": "node-version-file"
        },
        "value": ""
      },
      {
        "key": {
          "type": 0,
          "file": 3,
          "line": 12,
          "col": 3,
          "lit": "architecture"
        },
        "value": ""
      },
      {
        "key": {
          "type": 0,
          "file": 3,
          "line": 14,
          "col": 3,
          "lit": "check-latest"
        },
        "value": {
          "type": 0,
          "file": 3,
          "line": 16,
          "col": 14,
          "lit": "false"
        }
      },
      {
        "key": {
          "type": 0,
          "file": 3,
          "line": 17,
          "col": 3,
          "lit": "registry-url"
        },
        "value": ""
      },
      {
        "key": {
          "type": 0,
          "file": 3,
          "line": 19,
          "col": 3,
          "lit": "scope"
        },
        "value": ""
      },
      {
        "key": {
          "type": 0,
          "file": 3,
          "line": 21,
          "col": 3,
          "lit": "token"
        },
        "value": {
          "type": 3,
          "file": 3,
          "line": 23,
          "col": 14,
          "expr": "github.server_url == 'https://github.com' && github.token || ''"
        }
      },
      {
        "key": {
          "type": 0,
          "file": 3,
          "line": 24,
          "col": 3,
          "lit": "cache"
        },
        "value": ""
      },
      {
        "key": {
          "type": 0,
          "file": 3,
          "line": 26,
          "col": 3,
          "lit": "cache-dependency-path"
        },
        "value": ""
      },
      {
        "key": {
          "type": 0,
          "file": 3,
          "line": 28,
          "col": 3,
          "lit": "mirror"
        },
        "value": ""
      },
      {
        "key": {
          "type": 0,
          "file": 3,
          "line": 30,
          "col": 3,
          "lit": "mirror-token"
        },
        "value": ""
      }
    ]
  },
  "execution": {
    "executionType": "nodeJS",
    "hasPre": false,
    "hasPost": true,
    "script": "dist/setup/index.js",
    "pre": null,
    "post": "dist/cache-save/index.js",
    "nodeVersion": "node20",
    "cleanupCondition": "success()",
    "initCondition": "always()"
  },
  "deprecated": null
}
[2026-08-04 07:32:19Z INFO ActionManager] Action pre node.js file: N/A.
[2026-08-04 07:32:19Z INFO ActionManager] Action node.js file: dist/setup/index.js.
[2026-08-04 07:32:19Z INFO ActionManager] Action post node.js file: dist/cache-save/index.js.
[2026-08-04 07:32:19Z INFO JobExtension] Adding .
[2026-08-04 07:32:19Z INFO JobExtension] Adding .
[2026-08-04 07:32:19Z INFO JobExtension] Adding .
[2026-08-04 07:32:19Z INFO JobExtension] Adding .
[2026-08-04 07:32:19Z INFO JobExtension] Adding .
[2026-08-04 07:32:19Z INFO JobExtension] Adding .
[2026-08-04 07:32:19Z INFO JobExtension] Adding .
[2026-08-04 07:32:19Z INFO HostContext] Well known directory 'Bin': 'D:\nodejs\ecommerce-backened\actions-runner\bin'
[2026-08-04 07:32:19Z INFO HostContext] Well known directory 'Root': 'D:\nodejs\ecommerce-backened\actions-runner'
[2026-08-04 07:32:19Z INFO HostContext] Well known directory 'Diag': 'D:\nodejs\ecommerce-backened\actions-runner\_diag'
[2026-08-04 07:32:19Z INFO HostContext] Well known directory 'Bin': 'D:\nodejs\ecommerce-backened\actions-runner\bin'
[2026-08-04 07:32:19Z INFO HostContext] Well known directory 'Root': 'D:\nodejs\ecommerce-backened\actions-runner'
[2026-08-04 07:32:19Z INFO HostContext] Well known directory 'Diag': 'D:\nodejs\ecommerce-backened\actions-runner\_diag'
[2026-08-04 07:32:19Z INFO HostContext] Well known directory 'Bin': 'D:\nodejs\ecommerce-backened\actions-runner\bin'
[2026-08-04 07:32:19Z INFO HostContext] Well known directory 'Root': 'D:\nodejs\ecommerce-backened\actions-runner'
[2026-08-04 07:32:19Z INFO HostContext] Well known directory 'Diag': 'D:\nodejs\ecommerce-backened\actions-runner\_diag'
[2026-08-04 07:32:19Z INFO HostContext] Well known directory 'Bin': 'D:\nodejs\ecommerce-backened\actions-runner\bin'
[2026-08-04 07:32:19Z INFO HostContext] Well known directory 'Root': 'D:\nodejs\ecommerce-backened\actions-runner'
[2026-08-04 07:32:19Z INFO HostContext] Well known directory 'Diag': 'D:\nodejs\ecommerce-backened\actions-runner\_diag'
[2026-08-04 07:32:19Z INFO HostContext] Well known directory 'Bin': 'D:\nodejs\ecommerce-backened\actions-runner\bin'
[2026-08-04 07:32:19Z INFO HostContext] Well known directory 'Root': 'D:\nodejs\ecommerce-backened\actions-runner'
[2026-08-04 07:32:19Z INFO HostContext] Well known directory 'Diag': 'D:\nodejs\ecommerce-backened\actions-runner\_diag'
[2026-08-04 07:32:19Z INFO HostContext] Well known directory 'Bin': 'D:\nodejs\ecommerce-backened\actions-runner\bin'
[2026-08-04 07:32:19Z INFO HostContext] Well known directory 'Root': 'D:\nodejs\ecommerce-backened\actions-runner'
[2026-08-04 07:32:19Z INFO HostContext] Well known directory 'Diag': 'D:\nodejs\ecommerce-backened\actions-runner\_diag'
[2026-08-04 07:32:19Z INFO HostContext] Well known directory 'Bin': 'D:\nodejs\ecommerce-backened\actions-runner\bin'
[2026-08-04 07:32:19Z INFO HostContext] Well known directory 'Root': 'D:\nodejs\ecommerce-backened\actions-runner'
[2026-08-04 07:32:19Z INFO HostContext] Well known directory 'Diag': 'D:\nodejs\ecommerce-backened\actions-runner\_diag'
[2026-08-04 07:32:19Z INFO HostContext] Well known directory 'Bin': 'D:\nodejs\ecommerce-backened\actions-runner\bin'
[2026-08-04 07:32:19Z INFO HostContext] Well known directory 'Root': 'D:\nodejs\ecommerce-backened\actions-runner'
[2026-08-04 07:32:19Z INFO HostContext] Well known directory 'Diag': 'D:\nodejs\ecommerce-backened\actions-runner\_diag'
[2026-08-04 07:32:19Z INFO HostContext] Well known directory 'Bin': 'D:\nodejs\ecommerce-backened\actions-runner\bin'
[2026-08-04 07:32:19Z INFO HostContext] Well known directory 'Root': 'D:\nodejs\ecommerce-backened\actions-runner'
[2026-08-04 07:32:19Z INFO HostContext] Well known directory 'Diag': 'D:\nodejs\ecommerce-backened\actions-runner\_diag'
[2026-08-04 07:32:19Z INFO HostContext] Well known directory 'Bin': 'D:\nodejs\ecommerce-backened\actions-runner\bin'
[2026-08-04 07:32:19Z INFO HostContext] Well known directory 'Root': 'D:\nodejs\ecommerce-backened\actions-runner'
[2026-08-04 07:32:19Z INFO HostContext] Well known directory 'Diag': 'D:\nodejs\ecommerce-backened\actions-runner\_diag'
[2026-08-04 07:32:19Z INFO HostContext] Well known directory 'Bin': 'D:\nodejs\ecommerce-backened\actions-runner\bin'
[2026-08-04 07:32:19Z INFO HostContext] Well known directory 'Root': 'D:\nodejs\ecommerce-backened\actions-runner'
[2026-08-04 07:32:19Z INFO HostContext] Well known directory 'Diag': 'D:\nodejs\ecommerce-backened\actions-runner\_diag'
[2026-08-04 07:32:19Z INFO HostContext] Well known directory 'Bin': 'D:\nodejs\ecommerce-backened\actions-runner\bin'
[2026-08-04 07:32:19Z INFO HostContext] Well known directory 'Root': 'D:\nodejs\ecommerce-backened\actions-runner'
[2026-08-04 07:32:19Z INFO HostContext] Well known directory 'Diag': 'D:\nodejs\ecommerce-backened\actions-runner\_diag'
[2026-08-04 07:32:19Z INFO HostContext] Well known directory 'Bin': 'D:\nodejs\ecommerce-backened\actions-runner\bin'
[2026-08-04 07:32:19Z INFO HostContext] Well known directory 'Root': 'D:\nodejs\ecommerce-backened\actions-runner'
[2026-08-04 07:32:19Z INFO HostContext] Well known directory 'Diag': 'D:\nodejs\ecommerce-backened\actions-runner\_diag'
[2026-08-04 07:32:19Z INFO HostContext] Well known directory 'Bin': 'D:\nodejs\ecommerce-backened\actions-runner\bin'
[2026-08-04 07:32:19Z INFO HostContext] Well known directory 'Root': 'D:\nodejs\ecommerce-backened\actions-runner'
[2026-08-04 07:32:19Z INFO HostContext] Well known directory 'Diag': 'D:\nodejs\ecommerce-backened\actions-runner\_diag'
[2026-08-04 07:32:19Z INFO JobExtension] Total accessible running process: 269.
[2026-08-04 07:32:19Z INFO HostContext] Well known directory 'Bin': 'D:\nodejs\ecommerce-backened\actions-runner\bin'
[2026-08-04 07:32:19Z INFO HostContext] Well known directory 'Root': 'D:\nodejs\ecommerce-backened\actions-runner'
[2026-08-04 07:32:19Z INFO HostContext] Well known directory 'Work': 'D:\nodejs\ecommerce-backened\actions-runner\_work'
[2026-08-04 07:32:19Z INFO JobExtension] Start checking server connectivity.
[2026-08-04 07:32:19Z INFO JobExtension] Check server connectivity for https://broker.actions.githubusercontent.com/health.
[2026-08-04 07:32:19Z INFO JobExtension] Check server connectivity for https://token.actions.githubusercontent.com/ready.
[2026-08-04 07:32:19Z INFO JobExtension] Check server connectivity for https://run.actions.githubusercontent.com/health.
[2026-08-04 07:32:19Z INFO JobExtension] Start checking server connectivity and DNS.
[2026-08-04 07:32:19Z INFO JobExtension] Check server connectivity for https://github.com/_dns.
[2026-08-04 07:32:19Z INFO JobExtension] Check server connectivity for https://api.github.com/_dns.
[2026-08-04 07:32:19Z INFO JobExtension] Check server connectivity for https://codeload.github.com/_dns.
[2026-08-04 07:32:19Z INFO JobExtension] Check server connectivity for https://pkg.github.com/_dns.
[2026-08-04 07:32:19Z INFO JobExtension] Check server connectivity for https://copilot-proxy.githubusercontent.com/_dns.
[2026-08-04 07:32:19Z INFO JobExtension] Start checking service connectivity in background.
[2026-08-04 07:32:19Z INFO ExecutionContext] Publish step telemetry for current step {
  "action": "setup_job",
  "type": "runner",
  "stage": "Pre",
  "stepId": "61dc7f75-3691-40e4-a709-d3692308d79b",
  "result": "succeeded",
  "errorMessages": [],
  "executionTimeInSeconds": 6,
  "startTime": "2026-08-04T07:32:13.875154Z",
  "finishTime": "2026-08-04T07:32:19.110208Z"
}.
[2026-08-04 07:32:19Z INFO JobRunner] Total job steps: 7.
[2026-08-04 07:32:19Z INFO JobRunner] Run all job steps.
[2026-08-04 07:32:19Z INFO DapDebugger] DapDebugger initialized
[2026-08-04 07:32:19Z INFO StepsRunner] Processing step: DisplayName='Checkout Code'
[2026-08-04 07:32:19Z INFO StepsRunner] Evaluating: success()
[2026-08-04 07:32:19Z INFO StepsRunner] Result: true
[2026-08-04 07:32:19Z INFO StepsRunner] Starting the step.
[2026-08-04 07:32:19Z INFO HostContext] Well known directory 'Bin': 'D:\nodejs\ecommerce-backened\actions-runner\bin'
[2026-08-04 07:32:19Z INFO HostContext] Well known directory 'Root': 'D:\nodejs\ecommerce-backened\actions-runner'
[2026-08-04 07:32:19Z INFO HostContext] Well known directory 'Work': 'D:\nodejs\ecommerce-backened\actions-runner\_work'
[2026-08-04 07:32:19Z INFO StepsRunner] Which2: 'chcp'
[2026-08-04 07:32:19Z INFO StepsRunner] Location: 'C:\WINDOWS\system32\chcp.COM'
[2026-08-04 07:32:19Z INFO ProcessInvokerWrapper] Starting process:
[2026-08-04 07:32:19Z INFO ProcessInvokerWrapper]   File name: 'C:\WINDOWS\system32\chcp.COM'
[2026-08-04 07:32:19Z INFO ProcessInvokerWrapper]   Arguments: '65001'
[2026-08-04 07:32:19Z INFO ProcessInvokerWrapper]   Working directory: 'D:\nodejs\ecommerce-backened\actions-runner\_work'
[2026-08-04 07:32:19Z INFO ProcessInvokerWrapper]   Require exit code zero: 'False'
[2026-08-04 07:32:19Z INFO ProcessInvokerWrapper]   Encoding web name:  ; code page: ''
[2026-08-04 07:32:19Z INFO ProcessInvokerWrapper]   Force kill process on cancellation: 'False'
[2026-08-04 07:32:19Z INFO ProcessInvokerWrapper]   Redirected STDIN: 'False'
[2026-08-04 07:32:19Z INFO ProcessInvokerWrapper]   Persist current code page: 'True'
[2026-08-04 07:32:19Z INFO ProcessInvokerWrapper]   Keep redirected STDIN open: 'False'
[2026-08-04 07:32:19Z INFO ProcessInvokerWrapper]   High priority process: 'False'
[2026-08-04 07:32:19Z INFO ProcessInvokerWrapper] Process started with process id 2888, waiting for process exit.
[2026-08-04 07:32:19Z INFO ProcessInvokerWrapper] STDOUT/STDERR stream read finished.
[2026-08-04 07:32:19Z INFO ProcessInvokerWrapper] STDOUT/STDERR stream read finished.
[2026-08-04 07:32:19Z INFO ProcessInvokerWrapper] Finished process 2888 with exit code 0, and elapsed time 00:00:00.0401299.
[2026-08-04 07:32:19Z INFO StepsRunner] Successfully returned to code page 65001 (UTF8)
[2026-08-04 07:32:19Z INFO JobServerQueue] Try to append 1 batches web console lines for record '61dc7f75-3691-40e4-a709-d3692308d79b', success rate: 1/1.
[2026-08-04 07:32:19Z INFO HostContext] Well known directory 'Bin': 'D:\nodejs\ecommerce-backened\actions-runner\bin'
[2026-08-04 07:32:19Z INFO HostContext] Well known directory 'Root': 'D:\nodejs\ecommerce-backened\actions-runner'
[2026-08-04 07:32:19Z INFO HostContext] Well known directory 'Work': 'D:\nodejs\ecommerce-backened\actions-runner\_work'
[2026-08-04 07:32:19Z INFO HostContext] Well known directory 'Actions': 'D:\nodejs\ecommerce-backened\actions-runner\_work\_actions'
[2026-08-04 07:32:19Z INFO ActionManager] Load action that reference repository from 'D:\nodejs\ecommerce-backened\actions-runner\_work\_actions\actions\checkout\v4'
[2026-08-04 07:32:19Z INFO HostContext] Well known directory 'Bin': 'D:\nodejs\ecommerce-backened\actions-runner\bin'
[2026-08-04 07:32:19Z INFO HostContext] Well known directory 'Root': 'D:\nodejs\ecommerce-backened\actions-runner'
[2026-08-04 07:32:19Z INFO HostContext] Well known directory 'Work': 'D:\nodejs\ecommerce-backened\actions-runner\_work'
[2026-08-04 07:32:19Z INFO HostContext] Well known directory 'Actions': 'D:\nodejs\ecommerce-backened\actions-runner\_work\_actions'
[2026-08-04 07:32:19Z INFO ActionManifestManagerLegacy] Loaded action.yml file: {
  "name": "Checkout",
  "description": "Checkout a Git repository at a particular version",
  "inputs": {
    "type": 2,
    "map": [
      {
        "key": {
          "type": 0,
          "file": 2,
          "line": 4,
          "col": 3,
          "lit": "repository"
        },
        "value": {
          "type": 3,
          "file": 2,
          "line": 6,
          "col": 14,
          "expr": "github.repository"
        }
      },
      {
        "key": {
          "type": 0,
          "file": 2,
          "line": 7,
          "col": 3,
          "lit": "ref"
        },
        "value": ""
      },
      {
        "key": {
          "type": 0,
          "file": 2,
          "line": 12,
          "col": 3,
          "lit": "token"
        },
        "value": {
          "type": 3,
          "file": 2,
          "line": 24,
          "col": 14,
          "expr": "github.token"
        }
      },
      {
        "key": {
          "type": 0,
          "file": 2,
          "line": 25,
          "col": 3,
          "lit": "ssh-key"
        },
        "value": ""
      },
      {
        "key": {
          "type": 0,
          "file": 2,
          "line": 37,
          "col": 3,
          "lit": "ssh-known-hosts"
        },
        "value": ""
      },
      {
        "key": {
          "type": 0,
          "file": 2,
          "line": 42,
          "col": 3,
          "lit": "ssh-strict"
        },
        "value": {
          "type": 0,
          "file": 2,
          "line": 47,
          "col": 14,
          "lit": "true"
        }
      },
      {
        "key": {
          "type": 0,
          "file": 2,
          "line": 48,
          "col": 3,
          "lit": "ssh-user"
        },
        "value": {
          "type": 0,
          "file": 2,
          "line": 51,
          "col": 14,
          "lit": "git"
        }
      },
      {
        "key": {
          "type": 0,
          "file": 2,
          "line": 52,
          "col": 3,
          "lit": "persist-credentials"
        },
        "value": {
          "type": 0,
          "file": 2,
          "line": 54,
          "col": 14,
          "lit": "true"
        }
      },
      {
        "key": {
          "type": 0,
          "file": 2,
          "line": 55,
          "col": 3,
          "lit": "path"
        },
        "value": ""
      },
      {
        "key": {
          "type": 0,
          "file": 2,
          "line": 57,
          "col": 3,
          "lit": "clean"
        },
        "value": {
          "type": 0,
          "file": 2,
          "line": 59,
          "col": 14,
          "lit": "true"
        }
      },
      {
        "key": {
          "type": 0,
          "file": 2,
          "line": 60,
          "col": 3,
          "lit": "filter"
        },
        "value": {
          "type": 0,
          "file": 2,
          "line": 64,
          "col": 14,
          "lit": ""
        }
      },
      {
        "key": {
          "type": 0,
          "file": 2,
          "line": 65,
          "col": 3,
          "lit": "sparse-checkout"
        },
        "value": {
          "type": 0,
          "file": 2,
          "line": 69,
          "col": 14,
          "lit": ""
        }
      },
      {
        "key": {
          "type": 0,
          "file": 2,
          "line": 70,
          "col": 3,
          "lit": "sparse-checkout-cone-mode"
        },
        "value": {
          "type": 0,
          "file": 2,
          "line": 73,
          "col": 14,
          "lit": "true"
        }
      },
      {
        "key": {
          "type": 0,
          "file": 2,
          "line": 74,
          "col": 3,
          "lit": "fetch-depth"
        },
        "value": {
          "type": 0,
          "file": 2,
          "line": 76,
          "col": 14,
          "lit": "1"
        }
      },
      {
        "key": {
          "type": 0,
          "file": 2,
          "line": 77,
          "col": 3,
          "lit": "fetch-tags"
        },
        "value": {
          "type": 0,
          "file": 2,
          "line": 79,
          "col": 14,
          "lit": "false"
        }
      },
      {
        "key": {
          "type": 0,
          "file": 2,
          "line": 80,
          "col": 3,
          "lit": "show-progress"
        },
        "value": {
          "type": 0,
          "file": 2,
          "line": 82,
          "col": 14,
          "lit": "true"
        }
      },
      {
        "key": {
          "type": 0,
          "file": 2,
          "line": 83,
          "col": 3,
          "lit": "lfs"
        },
        "value": {
          "type": 0,
          "file": 2,
          "line": 85,
          "col": 14,
          "lit": "false"
        }
      },
      {
        "key": {
          "type": 0,
          "file": 2,
          "line": 86,
          "col": 3,
          "lit": "submodules"
        },
        "value": {
          "type": 0,
          "file": 2,
          "line": 94,
          "col": 14,
          "lit": "false"
        }
      },
      {
        "key": {
          "type": 0,
          "file": 2,
          "line": 95,
          "col": 3,
          "lit": "set-safe-directory"
        },
        "value": {
          "type": 0,
          "file": 2,
          "line": 97,
          "col": 14,
          "lit": "true"
        }
      },
      {
        "key": {
          "type": 0,
          "file": 2,
          "line": 98,
          "col": 3,
          "lit": "github-server-url"
        },
        "value": ""
      },
      {
        "key": {
          "type": 0,
          "file": 2,
          "line": 101,
          "col": 3,
          "lit": "allow-unsafe-pr-checkout"
        },
        "value": {
          "type": 0,
          "file": 2,
          "line": 109,
          "col": 14,
          "lit": "false"
        }
      }
    ]
  },
  "execution": {
    "executionType": "nodeJS",
    "hasPre": false,
    "hasPost": true,
    "script": "dist/index.js",
    "pre": null,
    "post": "dist/index.js",
    "nodeVersion": "node20",
    "cleanupCondition": "always()",
    "initCondition": "always()"
  },
  "deprecated": null
}
[2026-08-04 07:32:19Z INFO ActionManager] Action pre node.js file: N/A.
[2026-08-04 07:32:19Z INFO ActionManager] Action node.js file: dist/index.js.
[2026-08-04 07:32:19Z INFO ActionManager] Action post node.js file: dist/index.js.
[2026-08-04 07:32:19Z INFO ExecutionContext] Reserve record order 9 to 16 for post job actions.
[2026-08-04 07:32:19Z INFO HostContext] Well known directory 'Bin': 'D:\nodejs\ecommerce-backened\actions-runner\bin'
[2026-08-04 07:32:19Z INFO HostContext] Well known directory 'Root': 'D:\nodejs\ecommerce-backened\actions-runner'
[2026-08-04 07:32:19Z INFO HostContext] Well known directory 'Diag': 'D:\nodejs\ecommerce-backened\actions-runner\_diag'
[2026-08-04 07:32:19Z INFO HostContext] Well known directory 'Bin': 'D:\nodejs\ecommerce-backened\actions-runner\bin'
[2026-08-04 07:32:19Z INFO HostContext] Well known directory 'Root': 'D:\nodejs\ecommerce-backened\actions-runner'
[2026-08-04 07:32:19Z INFO HostContext] Well known directory 'Diag': 'D:\nodejs\ecommerce-backened\actions-runner\_diag'
[2026-08-04 07:32:19Z INFO HostContext] Well known directory 'Bin': 'D:\nodejs\ecommerce-backened\actions-runner\bin'
[2026-08-04 07:32:19Z INFO HostContext] Well known directory 'Root': 'D:\nodejs\ecommerce-backened\actions-runner'
[2026-08-04 07:32:19Z INFO HostContext] Well known directory 'Work': 'D:\nodejs\ecommerce-backened\actions-runner\_work'
[2026-08-04 07:32:19Z INFO HostContext] Well known directory 'Temp': 'D:\nodejs\ecommerce-backened\actions-runner\_work\_temp'
[2026-08-04 07:32:19Z INFO ExecutionContext] Write event payload to D:\nodejs\ecommerce-backened\actions-runner\_work\_temp\_github_workflow\event.json
[2026-08-04 07:32:19Z INFO HostContext] Well known directory 'Bin': 'D:\nodejs\ecommerce-backened\actions-runner\bin'
[2026-08-04 07:32:19Z INFO HostContext] Well known directory 'Root': 'D:\nodejs\ecommerce-backened\actions-runner'
[2026-08-04 07:32:19Z INFO HostContext] Well known directory 'Work': 'D:\nodejs\ecommerce-backened\actions-runner\_work'
[2026-08-04 07:32:19Z INFO HostContext] Well known directory 'Temp': 'D:\nodejs\ecommerce-backened\actions-runner\_work\_temp'
[2026-08-04 07:32:19Z INFO ExtensionManager] Getting extensions for interface: 'GitHub.Runner.Worker.IFileCommandExtension'
[2026-08-04 07:32:19Z INFO ExtensionManager] Creating instance: GitHub.Runner.Worker.AddPathFileCommand, Runner.Worker
[2026-08-04 07:32:19Z INFO ExtensionManager] Creating instance: GitHub.Runner.Worker.SetEnvFileCommand, Runner.Worker
[2026-08-04 07:32:19Z INFO ExtensionManager] Creating instance: GitHub.Runner.Worker.CreateStepSummaryCommand, Runner.Worker
[2026-08-04 07:32:19Z INFO ExtensionManager] Creating instance: GitHub.Runner.Worker.SaveStateFileCommand, Runner.Worker
[2026-08-04 07:32:19Z INFO ExtensionManager] Creating instance: GitHub.Runner.Worker.SetOutputFileCommand, Runner.Worker
[2026-08-04 07:32:19Z INFO ExtensionManager] Creating instance: GitHub.Runner.Worker.CreateArtifactsFileCommand, Runner.Worker
[2026-08-04 07:32:19Z INFO ExtensionManager] Creating instance: GitHub.Runner.Worker.ArtifactsListFileCommand, Runner.Worker
[2026-08-04 07:32:19Z INFO ActionManifestManagerLegacy] Input 'repository': default value evaluate result: {
  "type": 0,
  "file": 2,
  "line": 6,
  "col": 14,
  "lit": "CryptonFuture/Ecommerce_backened"
}
[2026-08-04 07:32:19Z INFO ActionManifestManagerLegacy] Input 'ref': default value evaluate result: ""
[2026-08-04 07:32:19Z INFO ActionManifestManagerLegacy] Input 'token': default value evaluate result: {
  "type": 0,
  "file": 2,
  "line": 24,
  "col": 14,
  "lit": "***"
}
[2026-08-04 07:32:19Z INFO ActionManifestManagerLegacy] Input 'ssh-key': default value evaluate result: ""
[2026-08-04 07:32:19Z INFO ActionManifestManagerLegacy] Input 'ssh-known-hosts': default value evaluate result: ""
[2026-08-04 07:32:19Z INFO ActionManifestManagerLegacy] Input 'ssh-strict': default value evaluate result: {
  "type": 0,
  "file": 2,
  "line": 47,
  "col": 14,
  "lit": "true"
}
[2026-08-04 07:32:19Z INFO ActionManifestManagerLegacy] Input 'ssh-user': default value evaluate result: {
  "type": 0,
  "file": 2,
  "line": 51,
  "col": 14,
  "lit": "git"
}
[2026-08-04 07:32:19Z INFO ActionManifestManagerLegacy] Input 'persist-credentials': default value evaluate result: {
  "type": 0,
  "file": 2,
  "line": 54,
  "col": 14,
  "lit": "true"
}
[2026-08-04 07:32:19Z INFO ActionManifestManagerLegacy] Input 'path': default value evaluate result: ""
[2026-08-04 07:32:19Z INFO ActionManifestManagerLegacy] Input 'clean': default value evaluate result: {
  "type": 0,
  "file": 2,
  "line": 59,
  "col": 14,
  "lit": "true"
}
[2026-08-04 07:32:19Z INFO ActionManifestManagerLegacy] Input 'filter': default value evaluate result: {
  "type": 0,
  "file": 2,
  "line": 64,
  "col": 14,
  "lit": ""
}
[2026-08-04 07:32:19Z INFO ActionManifestManagerLegacy] Input 'sparse-checkout': default value evaluate result: {
  "type": 0,
  "file": 2,
  "line": 69,
  "col": 14,
  "lit": ""
}
[2026-08-04 07:32:19Z INFO ActionManifestManagerLegacy] Input 'sparse-checkout-cone-mode': default value evaluate result: {
  "type": 0,
  "file": 2,
  "line": 73,
  "col": 14,
  "lit": "true"
}
[2026-08-04 07:32:19Z INFO ActionManifestManagerLegacy] Input 'fetch-depth': default value evaluate result: {
  "type": 0,
  "file": 2,
  "line": 76,
  "col": 14,
  "lit": "1"
}
[2026-08-04 07:32:19Z INFO ActionManifestManagerLegacy] Input 'fetch-tags': default value evaluate result: {
  "type": 0,
  "file": 2,
  "line": 79,
  "col": 14,
  "lit": "false"
}
[2026-08-04 07:32:19Z INFO ActionManifestManagerLegacy] Input 'show-progress': default value evaluate result: {
  "type": 0,
  "file": 2,
  "line": 82,
  "col": 14,
  "lit": "true"
}
[2026-08-04 07:32:19Z INFO ActionManifestManagerLegacy] Input 'lfs': default value evaluate result: {
  "type": 0,
  "file": 2,
  "line": 85,
  "col": 14,
  "lit": "false"
}
[2026-08-04 07:32:19Z INFO ActionManifestManagerLegacy] Input 'submodules': default value evaluate result: {
  "type": 0,
  "file": 2,
  "line": 94,
  "col": 14,
  "lit": "false"
}
[2026-08-04 07:32:19Z INFO ActionManifestManagerLegacy] Input 'set-safe-directory': default value evaluate result: {
  "type": 0,
  "file": 2,
  "line": 97,
  "col": 14,
  "lit": "true"
}
[2026-08-04 07:32:19Z INFO ActionManifestManagerLegacy] Input 'github-server-url': default value evaluate result: ""
[2026-08-04 07:32:19Z INFO ActionManifestManagerLegacy] Input 'allow-unsafe-pr-checkout': default value evaluate result: {
  "type": 0,
  "file": 2,
  "line": 109,
  "col": 14,
  "lit": "false"
}
[2026-08-04 07:32:19Z INFO ExtensionManager] Getting extensions for interface: 'GitHub.Runner.Worker.IActionCommandExtension'
[2026-08-04 07:32:19Z INFO ExtensionManager] Creating instance: GitHub.Runner.Worker.InternalPluginSetRepoPathCommandExtension, Runner.Worker
[2026-08-04 07:32:19Z INFO ExtensionManager] Creating instance: GitHub.Runner.Worker.SetEnvCommandExtension, Runner.Worker
[2026-08-04 07:32:19Z INFO ExtensionManager] Creating instance: GitHub.Runner.Worker.SetOutputCommandExtension, Runner.Worker
[2026-08-04 07:32:19Z INFO ExtensionManager] Creating instance: GitHub.Runner.Worker.SaveStateCommandExtension, Runner.Worker
[2026-08-04 07:32:19Z INFO ExtensionManager] Creating instance: GitHub.Runner.Worker.AddPathCommandExtension, Runner.Worker
[2026-08-04 07:32:19Z INFO ExtensionManager] Creating instance: GitHub.Runner.Worker.AddMaskCommandExtension, Runner.Worker
[2026-08-04 07:32:19Z INFO ExtensionManager] Creating instance: GitHub.Runner.Worker.AddMatcherCommandExtension, Runner.Worker
[2026-08-04 07:32:19Z INFO ExtensionManager] Creating instance: GitHub.Runner.Worker.RemoveMatcherCommandExtension, Runner.Worker
[2026-08-04 07:32:19Z INFO ExtensionManager] Creating instance: GitHub.Runner.Worker.WarningCommandExtension, Runner.Worker
[2026-08-04 07:32:19Z INFO ExtensionManager] Creating instance: GitHub.Runner.Worker.ErrorCommandExtension, Runner.Worker
[2026-08-04 07:32:19Z INFO ExtensionManager] Creating instance: GitHub.Runner.Worker.NoticeCommandExtension, Runner.Worker
[2026-08-04 07:32:19Z INFO ExtensionManager] Creating instance: GitHub.Runner.Worker.DebugCommandExtension, Runner.Worker
[2026-08-04 07:32:19Z INFO ExtensionManager] Creating instance: GitHub.Runner.Worker.GroupCommandExtension, Runner.Worker
[2026-08-04 07:32:19Z INFO ExtensionManager] Creating instance: GitHub.Runner.Worker.EndGroupCommandExtension, Runner.Worker
[2026-08-04 07:32:19Z INFO ExtensionManager] Creating instance: GitHub.Runner.Worker.EchoCommandExtension, Runner.Worker
[2026-08-04 07:32:19Z INFO ActionCommandManager] Register action command extension for command internal-set-repo-path
[2026-08-04 07:32:19Z INFO ActionCommandManager] Register action command extension for command set-env
[2026-08-04 07:32:19Z INFO ActionCommandManager] Register action command extension for command set-output
[2026-08-04 07:32:19Z INFO ActionCommandManager] Register action command extension for command save-state
[2026-08-04 07:32:19Z INFO ActionCommandManager] Register action command extension for command add-path
[2026-08-04 07:32:19Z INFO ActionCommandManager] Register action command extension for command add-mask
[2026-08-04 07:32:19Z INFO ActionCommandManager] Register action command extension for command add-matcher
[2026-08-04 07:32:19Z INFO ActionCommandManager] Register action command extension for command remove-matcher
[2026-08-04 07:32:19Z INFO ActionCommandManager] Register action command extension for command warning
[2026-08-04 07:32:19Z INFO ActionCommandManager] Register action command extension for command error
[2026-08-04 07:32:19Z INFO ActionCommandManager] Register action command extension for command notice
[2026-08-04 07:32:19Z INFO ActionCommandManager] Register action command extension for command debug
[2026-08-04 07:32:19Z INFO ActionCommandManager] Register action command extension for command group
[2026-08-04 07:32:19Z INFO ActionCommandManager] Register action command extension for command endgroup
[2026-08-04 07:32:19Z INFO ActionCommandManager] Register action command extension for command echo
[2026-08-04 07:32:19Z INFO HostContext] Well known directory 'Bin': 'D:\nodejs\ecommerce-backened\actions-runner\bin'
[2026-08-04 07:32:19Z INFO HostContext] Well known directory 'Root': 'D:\nodejs\ecommerce-backened\actions-runner'
[2026-08-04 07:32:19Z INFO HostContext] Well known directory 'Externals': 'D:\nodejs\ecommerce-backened\actions-runner\externals'
[2026-08-04 07:32:19Z INFO ProcessInvokerWrapper] Starting process:
[2026-08-04 07:32:19Z INFO ProcessInvokerWrapper]   File name: 'D:\nodejs\ecommerce-backened\actions-runner\externals\node24\bin\node.exe'
[2026-08-04 07:32:19Z INFO ProcessInvokerWrapper]   Arguments: '"D:\nodejs\ecommerce-backened\actions-runner\_work\_actions\actions\checkout\v4\dist/index.js"'
[2026-08-04 07:32:19Z INFO ProcessInvokerWrapper]   Working directory: 'D:\nodejs\ecommerce-backened\actions-runner\_work\Ecommerce_backened\Ecommerce_backened'
[2026-08-04 07:32:19Z INFO ProcessInvokerWrapper]   Require exit code zero: 'False'
[2026-08-04 07:32:19Z INFO ProcessInvokerWrapper]   Encoding web name: utf-8 ; code page: '65001'
[2026-08-04 07:32:19Z INFO ProcessInvokerWrapper]   Force kill process on cancellation: 'False'
[2026-08-04 07:32:19Z INFO ProcessInvokerWrapper]   Redirected STDIN: 'False'
[2026-08-04 07:32:19Z INFO ProcessInvokerWrapper]   Persist current code page: 'True'
[2026-08-04 07:32:19Z INFO ProcessInvokerWrapper]   Keep redirected STDIN open: 'False'
[2026-08-04 07:32:19Z INFO ProcessInvokerWrapper]   High priority process: 'False'
[2026-08-04 07:32:19Z INFO ProcessInvokerWrapper] Process started with process id 18844, waiting for process exit.
[2026-08-04 07:32:19Z INFO JobServerQueue] Try to append 1 batches web console lines for record 'e3dec961-f507-47f4-a44f-2effb05b34fc', success rate: 1/1.
[2026-08-04 07:32:19Z INFO JobServerQueue] Got a step log file to send to results service.
[2026-08-04 07:32:19Z INFO JobServerQueue] Starting upload of step log file to results service ResultsLog, D:\nodejs\ecommerce-backened\actions-runner\_diag\blocks\2351a782-52c3-402a-98d3-15f2ab202da6_61dc7f75-3691-40e4-a709-d3692308d79b.1
[2026-08-04 07:32:19Z INFO JobServerQueue] Try to upload 1 log files or attachments, success rate: 1/1.
[2026-08-04 07:32:20Z INFO AddMaskCommandExtension] Add new secret mask with length of 524
[2026-08-04 07:32:20Z INFO JobServerQueue] Try to append 1 batches web console lines for record 'e3dec961-f507-47f4-a44f-2effb05b34fc', success rate: 1/1.
[2026-08-04 07:32:20Z INFO JobServerQueue] Try to append 1 batches web console lines for record 'e3dec961-f507-47f4-a44f-2effb05b34fc', success rate: 1/1.
[2026-08-04 07:32:21Z INFO JobServerQueue] Try to append 1 batches web console lines for record 'e3dec961-f507-47f4-a44f-2effb05b34fc', success rate: 1/1.
[2026-08-04 07:32:21Z INFO JobServerQueue] Tried to upload 1 file(s) to results, success rate: 1/1.
[2026-08-04 07:32:22Z INFO JobServerQueue] Try to append 1 batches web console lines for record 'e3dec961-f507-47f4-a44f-2effb05b34fc', success rate: 1/1.
[2026-08-04 07:32:23Z INFO JobServerQueue] Try to append 1 batches web console lines for record 'e3dec961-f507-47f4-a44f-2effb05b34fc', success rate: 1/1.
[2026-08-04 07:32:23Z INFO JobServerQueue] Try to append 1 batches web console lines for record 'e3dec961-f507-47f4-a44f-2effb05b34fc', success rate: 1/1.
[2026-08-04 07:32:24Z INFO JobServerQueue] Try to append 1 batches web console lines for record 'e3dec961-f507-47f4-a44f-2effb05b34fc', success rate: 1/1.
[2026-08-04 07:32:24Z INFO JobServerQueue] Try to append 1 batches web console lines for record 'e3dec961-f507-47f4-a44f-2effb05b34fc', success rate: 1/1.
[2026-08-04 07:32:25Z INFO JobServerQueue] Try to append 1 batches web console lines for record 'e3dec961-f507-47f4-a44f-2effb05b34fc', success rate: 1/1.
[2026-08-04 07:32:26Z INFO JobServerQueue] Try to append 1 batches web console lines for record 'e3dec961-f507-47f4-a44f-2effb05b34fc', success rate: 1/1.
[2026-08-04 07:32:26Z INFO JobServerQueue] Try to append 1 batches web console lines for record 'e3dec961-f507-47f4-a44f-2effb05b34fc', success rate: 1/1.
[2026-08-04 07:32:27Z INFO JobServerQueue] Try to append 1 batches web console lines for record 'e3dec961-f507-47f4-a44f-2effb05b34fc', success rate: 1/1.
[2026-08-04 07:32:29Z INFO HostContext] Well known directory 'Bin': 'D:\nodejs\ecommerce-backened\actions-runner\bin'
[2026-08-04 07:32:29Z INFO HostContext] Well known directory 'Root': 'D:\nodejs\ecommerce-backened\actions-runner'
[2026-08-04 07:32:29Z INFO HostContext] Well known directory 'Work': 'D:\nodejs\ecommerce-backened\actions-runner\_work'
[2026-08-04 07:32:29Z INFO JobServerQueue] Try to append 1 batches web console lines for record 'e3dec961-f507-47f4-a44f-2effb05b34fc', success rate: 1/1.
[2026-08-04 07:32:39Z INFO HostContext] Well known directory 'Bin': 'D:\nodejs\ecommerce-backened\actions-runner\bin'
[2026-08-04 07:32:39Z INFO HostContext] Well known directory 'Root': 'D:\nodejs\ecommerce-backened\actions-runner'
[2026-08-04 07:32:39Z INFO HostContext] Well known directory 'Work': 'D:\nodejs\ecommerce-backened\actions-runner\_work'
[2026-08-04 07:32:49Z INFO HostContext] Well known directory 'Bin': 'D:\nodejs\ecommerce-backened\actions-runner\bin'
[2026-08-04 07:32:49Z INFO HostContext] Well known directory 'Root': 'D:\nodejs\ecommerce-backened\actions-runner'
[2026-08-04 07:32:49Z INFO HostContext] Well known directory 'Work': 'D:\nodejs\ecommerce-backened\actions-runner\_work'
[2026-08-04 07:32:59Z INFO HostContext] Well known directory 'Bin': 'D:\nodejs\ecommerce-backened\actions-runner\bin'
[2026-08-04 07:32:59Z INFO HostContext] Well known directory 'Root': 'D:\nodejs\ecommerce-backened\actions-runner'
[2026-08-04 07:32:59Z INFO HostContext] Well known directory 'Work': 'D:\nodejs\ecommerce-backened\actions-runner\_work'
[2026-08-04 07:33:09Z INFO HostContext] Well known directory 'Bin': 'D:\nodejs\ecommerce-backened\actions-runner\bin'
[2026-08-04 07:33:09Z INFO HostContext] Well known directory 'Root': 'D:\nodejs\ecommerce-backened\actions-runner'
[2026-08-04 07:33:09Z INFO HostContext] Well known directory 'Work': 'D:\nodejs\ecommerce-backened\actions-runner\_work'
[2026-08-04 07:33:16Z INFO JobServerQueue] Stop aggressive process web console line queue.
[2026-08-04 07:33:19Z INFO HostContext] Well known directory 'Bin': 'D:\nodejs\ecommerce-backened\actions-runner\bin'
[2026-08-04 07:33:19Z INFO HostContext] Well known directory 'Root': 'D:\nodejs\ecommerce-backened\actions-runner'
[2026-08-04 07:33:19Z INFO HostContext] Well known directory 'Work': 'D:\nodejs\ecommerce-backened\actions-runner\_work'
[2026-08-04 07:33:29Z INFO HostContext] Well known directory 'Bin': 'D:\nodejs\ecommerce-backened\actions-runner\bin'
[2026-08-04 07:33:29Z INFO HostContext] Well known directory 'Root': 'D:\nodejs\ecommerce-backened\actions-runner'
[2026-08-04 07:33:29Z INFO HostContext] Well known directory 'Work': 'D:\nodejs\ecommerce-backened\actions-runner\_work'
[2026-08-04 07:33:29Z INFO JobServerQueue] Try to append 1 batches web console lines for record 'e3dec961-f507-47f4-a44f-2effb05b34fc', success rate: 1/1.
[2026-08-04 07:33:30Z INFO JobServerQueue] Try to append 1 batches web console lines for record 'e3dec961-f507-47f4-a44f-2effb05b34fc', success rate: 1/1.
[2026-08-04 07:33:31Z INFO JobServerQueue] Try to append 1 batches web console lines for record 'e3dec961-f507-47f4-a44f-2effb05b34fc', success rate: 1/1.
[2026-08-04 07:33:32Z INFO JobServerQueue] Try to append 1 batches web console lines for record 'e3dec961-f507-47f4-a44f-2effb05b34fc', success rate: 1/1.
[2026-08-04 07:33:33Z INFO JobServerQueue] Try to append 1 batches web console lines for record 'e3dec961-f507-47f4-a44f-2effb05b34fc', success rate: 1/1.
[2026-08-04 07:33:35Z INFO JobServerQueue] Try to append 1 batches web console lines for record 'e3dec961-f507-47f4-a44f-2effb05b34fc', success rate: 1/1.
[2026-08-04 07:33:35Z INFO JobServerQueue] Try to append 1 batches web console lines for record 'e3dec961-f507-47f4-a44f-2effb05b34fc', success rate: 1/1.
[2026-08-04 07:33:36Z INFO JobServerQueue] Try to append 1 batches web console lines for record 'e3dec961-f507-47f4-a44f-2effb05b34fc', success rate: 1/1.
[2026-08-04 07:33:36Z INFO JobServerQueue] Try to append 1 batches web console lines for record 'e3dec961-f507-47f4-a44f-2effb05b34fc', success rate: 1/1.
[2026-08-04 07:33:38Z INFO JobServerQueue] Try to append 1 batches web console lines for record 'e3dec961-f507-47f4-a44f-2effb05b34fc', success rate: 1/1.
[2026-08-04 07:33:39Z INFO HostContext] Well known directory 'Bin': 'D:\nodejs\ecommerce-backened\actions-runner\bin'
[2026-08-04 07:33:39Z INFO HostContext] Well known directory 'Root': 'D:\nodejs\ecommerce-backened\actions-runner'
[2026-08-04 07:33:39Z INFO HostContext] Well known directory 'Work': 'D:\nodejs\ecommerce-backened\actions-runner\_work'
[2026-08-04 07:33:39Z INFO JobServerQueue] Try to append 1 batches web console lines for record 'e3dec961-f507-47f4-a44f-2effb05b34fc', success rate: 1/1.
[2026-08-04 07:33:39Z INFO ProcessInvokerWrapper] STDOUT/STDERR stream read finished.
[2026-08-04 07:33:39Z INFO ProcessInvokerWrapper] STDOUT/STDERR stream read finished.
[2026-08-04 07:33:39Z INFO ProcessInvokerWrapper] Finished process 18844 with exit code 0, and elapsed time 00:01:20.4592304.
[2026-08-04 07:33:39Z INFO CreateStepSummaryCommand] Step Summary file (D:\nodejs\ecommerce-backened\actions-runner\_work\_temp\_runner_file_commands\step_summary_7887deca-66c3-4064-a19e-dfc4899edeff) is empty; skipping attachment upload
[2026-08-04 07:33:39Z INFO StepsRunner] Step result: 
[2026-08-04 07:33:39Z INFO ExecutionContext] Publish step telemetry for current step {
  "action": "actions/checkout",
  "ref": "v4",
  "type": "node24",
  "stage": "Main",
  "stepId": "e3dec961-f507-47f4-a44f-2effb05b34fc",
  "stepContextName": "__actions_checkout",
  "hasPreStep": false,
  "hasPostStep": true,
  "result": "succeeded",
  "errorMessages": [
    "no submodule mapping found in .gitmodules for path 'actions-runner/_work/Ecommerce_backened/Ecommerce_backened'",
    "Unable to clean or reset the repository. The repository will be recreated instead."
  ],
  "executionTimeInSeconds": 81,
  "startTime": "2026-08-04T07:32:19.1620544Z",
  "finishTime": "2026-08-04T07:33:39.900446Z"
}.
[2026-08-04 07:33:39Z INFO StepsRunner] No need for updating job result with current step result 'Succeeded'.
[2026-08-04 07:33:39Z INFO StepsRunner] Current state: job state = ''
[2026-08-04 07:33:39Z INFO StepsRunner] Processing step: DisplayName='Setup Node.js'
[2026-08-04 07:33:39Z INFO StepsRunner] Evaluating: success()
[2026-08-04 07:33:39Z INFO StepsRunner] Result: true
[2026-08-04 07:33:39Z INFO StepsRunner] Starting the step.
[2026-08-04 07:33:39Z INFO HostContext] Well known directory 'Bin': 'D:\nodejs\ecommerce-backened\actions-runner\bin'
[2026-08-04 07:33:39Z INFO HostContext] Well known directory 'Root': 'D:\nodejs\ecommerce-backened\actions-runner'
[2026-08-04 07:33:39Z INFO HostContext] Well known directory 'Work': 'D:\nodejs\ecommerce-backened\actions-runner\_work'
[2026-08-04 07:33:39Z INFO StepsRunner] Which2: 'chcp'
[2026-08-04 07:33:39Z INFO StepsRunner] Location: 'C:\WINDOWS\system32\chcp.COM'
[2026-08-04 07:33:39Z INFO ProcessInvokerWrapper] Starting process:
[2026-08-04 07:33:39Z INFO ProcessInvokerWrapper]   File name: 'C:\WINDOWS\system32\chcp.COM'
[2026-08-04 07:33:39Z INFO ProcessInvokerWrapper]   Arguments: '65001'
[2026-08-04 07:33:39Z INFO ProcessInvokerWrapper]   Working directory: 'D:\nodejs\ecommerce-backened\actions-runner\_work'
[2026-08-04 07:33:39Z INFO ProcessInvokerWrapper]   Require exit code zero: 'False'
[2026-08-04 07:33:39Z INFO ProcessInvokerWrapper]   Encoding web name:  ; code page: ''
[2026-08-04 07:33:39Z INFO ProcessInvokerWrapper]   Force kill process on cancellation: 'False'
[2026-08-04 07:33:39Z INFO ProcessInvokerWrapper]   Redirected STDIN: 'False'
[2026-08-04 07:33:39Z INFO ProcessInvokerWrapper]   Persist current code page: 'True'
[2026-08-04 07:33:39Z INFO ProcessInvokerWrapper]   Keep redirected STDIN open: 'False'
[2026-08-04 07:33:39Z INFO ProcessInvokerWrapper]   High priority process: 'False'
[2026-08-04 07:33:39Z INFO ProcessInvokerWrapper] Process started with process id 15908, waiting for process exit.
[2026-08-04 07:33:39Z INFO ProcessInvokerWrapper] STDOUT/STDERR stream read finished.
[2026-08-04 07:33:39Z INFO ProcessInvokerWrapper] STDOUT/STDERR stream read finished.
[2026-08-04 07:33:39Z INFO ProcessInvokerWrapper] Finished process 15908 with exit code 0, and elapsed time 00:00:00.0278100.
[2026-08-04 07:33:39Z INFO StepsRunner] Successfully returned to code page 65001 (UTF8)
[2026-08-04 07:33:39Z INFO HostContext] Well known directory 'Bin': 'D:\nodejs\ecommerce-backened\actions-runner\bin'
[2026-08-04 07:33:39Z INFO HostContext] Well known directory 'Root': 'D:\nodejs\ecommerce-backened\actions-runner'
[2026-08-04 07:33:39Z INFO HostContext] Well known directory 'Work': 'D:\nodejs\ecommerce-backened\actions-runner\_work'
[2026-08-04 07:33:39Z INFO HostContext] Well known directory 'Actions': 'D:\nodejs\ecommerce-backened\actions-runner\_work\_actions'
[2026-08-04 07:33:39Z INFO ActionManager] Load action that reference repository from 'D:\nodejs\ecommerce-backened\actions-runner\_work\_actions\actions\setup-node\v4'
[2026-08-04 07:33:39Z INFO HostContext] Well known directory 'Bin': 'D:\nodejs\ecommerce-backened\actions-runner\bin'
[2026-08-04 07:33:39Z INFO HostContext] Well known directory 'Root': 'D:\nodejs\ecommerce-backened\actions-runner'
[2026-08-04 07:33:39Z INFO HostContext] Well known directory 'Work': 'D:\nodejs\ecommerce-backened\actions-runner\_work'
[2026-08-04 07:33:39Z INFO HostContext] Well known directory 'Actions': 'D:\nodejs\ecommerce-backened\actions-runner\_work\_actions'
[2026-08-04 07:33:39Z INFO ActionManifestManagerLegacy] Ignore action property author.
[2026-08-04 07:33:39Z INFO ActionManifestManagerLegacy] Loaded action.yml file: {
  "name": "Setup Node.js environment",
  "description": "Setup a Node.js environment by adding problem matchers and optionally downloading and adding it to the PATH.",
  "inputs": {
    "type": 2,
    "map": [
      {
        "key": {
          "type": 0,
          "file": 3,
          "line": 5,
          "col": 3,
          "lit": "always-auth"
        },
        "value": {
          "type": 0,
          "file": 3,
          "line": 7,
          "col": 14,
          "lit": "false"
        }
      },
      {
        "key": {
          "type": 0,
          "file": 3,
          "line": 8,
          "col": 3,
          "lit": "node-version"
        },
        "value": ""
      },
      {
        "key": {
          "type": 0,
          "file": 3,
          "line": 10,
          "col": 3,
          "lit": "node-version-file"
        },
        "value": ""
      },
      {
        "key": {
          "type": 0,
          "file": 3,
          "line": 12,
          "col": 3,
          "lit": "architecture"
        },
        "value": ""
      },
      {
        "key": {
          "type": 0,
          "file": 3,
          "line": 14,
          "col": 3,
          "lit": "check-latest"
        },
        "value": {
          "type": 0,
          "file": 3,
          "line": 16,
          "col": 14,
          "lit": "false"
        }
      },
      {
        "key": {
          "type": 0,
          "file": 3,
          "line": 17,
          "col": 3,
          "lit": "registry-url"
        },
        "value": ""
      },
      {
        "key": {
          "type": 0,
          "file": 3,
          "line": 19,
          "col": 3,
          "lit": "scope"
        },
        "value": ""
      },
      {
        "key": {
          "type": 0,
          "file": 3,
          "line": 21,
          "col": 3,
          "lit": "token"
        },
        "value": {
          "type": 3,
          "file": 3,
          "line": 23,
          "col": 14,
          "expr": "github.server_url == 'https://github.com' && github.token || ''"
        }
      },
      {
        "key": {
          "type": 0,
          "file": 3,
          "line": 24,
          "col": 3,
          "lit": "cache"
        },
        "value": ""
      },
      {
        "key": {
          "type": 0,
          "file": 3,
          "line": 26,
          "col": 3,
          "lit": "cache-dependency-path"
        },
        "value": ""
      },
      {
        "key": {
          "type": 0,
          "file": 3,
          "line": 28,
          "col": 3,
          "lit": "mirror"
        },
        "value": ""
      },
      {
        "key": {
          "type": 0,
          "file": 3,
          "line": 30,
          "col": 3,
          "lit": "mirror-token"
        },
        "value": ""
      }
    ]
  },
  "execution": {
    "executionType": "nodeJS",
    "hasPre": false,
    "hasPost": true,
    "script": "dist/setup/index.js",
    "pre": null,
    "post": "dist/cache-save/index.js",
    "nodeVersion": "node20",
    "cleanupCondition": "success()",
    "initCondition": "always()"
  },
  "deprecated": null
}
[2026-08-04 07:33:39Z INFO ActionManager] Action pre node.js file: N/A.
[2026-08-04 07:33:39Z INFO ActionManager] Action node.js file: dist/setup/index.js.
[2026-08-04 07:33:39Z INFO ActionManager] Action post node.js file: dist/cache-save/index.js.
[2026-08-04 07:33:39Z INFO HostContext] Well known directory 'Bin': 'D:\nodejs\ecommerce-backened\actions-runner\bin'
[2026-08-04 07:33:39Z INFO HostContext] Well known directory 'Root': 'D:\nodejs\ecommerce-backened\actions-runner'
[2026-08-04 07:33:39Z INFO HostContext] Well known directory 'Diag': 'D:\nodejs\ecommerce-backened\actions-runner\_diag'
[2026-08-04 07:33:39Z INFO HostContext] Well known directory 'Bin': 'D:\nodejs\ecommerce-backened\actions-runner\bin'
[2026-08-04 07:33:39Z INFO HostContext] Well known directory 'Root': 'D:\nodejs\ecommerce-backened\actions-runner'
[2026-08-04 07:33:39Z INFO HostContext] Well known directory 'Diag': 'D:\nodejs\ecommerce-backened\actions-runner\_diag'
[2026-08-04 07:33:39Z INFO HostContext] Well known directory 'Bin': 'D:\nodejs\ecommerce-backened\actions-runner\bin'
[2026-08-04 07:33:39Z INFO HostContext] Well known directory 'Root': 'D:\nodejs\ecommerce-backened\actions-runner'
[2026-08-04 07:33:39Z INFO HostContext] Well known directory 'Work': 'D:\nodejs\ecommerce-backened\actions-runner\_work'
[2026-08-04 07:33:39Z INFO HostContext] Well known directory 'Temp': 'D:\nodejs\ecommerce-backened\actions-runner\_work\_temp'
[2026-08-04 07:33:39Z INFO ExecutionContext] Write event payload to D:\nodejs\ecommerce-backened\actions-runner\_work\_temp\_github_workflow\event.json
[2026-08-04 07:33:39Z INFO HostContext] Well known directory 'Bin': 'D:\nodejs\ecommerce-backened\actions-runner\bin'
[2026-08-04 07:33:39Z INFO HostContext] Well known directory 'Root': 'D:\nodejs\ecommerce-backened\actions-runner'
[2026-08-04 07:33:39Z INFO HostContext] Well known directory 'Work': 'D:\nodejs\ecommerce-backened\actions-runner\_work'
[2026-08-04 07:33:39Z INFO HostContext] Well known directory 'Temp': 'D:\nodejs\ecommerce-backened\actions-runner\_work\_temp'
[2026-08-04 07:33:39Z INFO ExtensionManager] Getting extensions for interface: 'GitHub.Runner.Worker.IFileCommandExtension'
[2026-08-04 07:33:39Z INFO ActionManifestManagerLegacy] Input 'always-auth': default value evaluate result: {
  "type": 0,
  "file": 3,
  "line": 7,
  "col": 14,
  "lit": "false"
}
[2026-08-04 07:33:39Z INFO ActionManifestManagerLegacy] Input 'node-version-file': default value evaluate result: ""
[2026-08-04 07:33:39Z INFO ActionManifestManagerLegacy] Input 'architecture': default value evaluate result: ""
[2026-08-04 07:33:39Z INFO ActionManifestManagerLegacy] Input 'check-latest': default value evaluate result: {
  "type": 0,
  "file": 3,
  "line": 16,
  "col": 14,
  "lit": "false"
}
[2026-08-04 07:33:39Z INFO ActionManifestManagerLegacy] Input 'registry-url': default value evaluate result: ""
[2026-08-04 07:33:39Z INFO ActionManifestManagerLegacy] Input 'scope': default value evaluate result: ""
[2026-08-04 07:33:39Z INFO ActionManifestManagerLegacy] Input 'token': default value evaluate result: {
  "type": 0,
  "file": 3,
  "line": 23,
  "col": 14,
  "lit": "***"
}
[2026-08-04 07:33:39Z INFO ActionManifestManagerLegacy] Input 'cache': default value evaluate result: ""
[2026-08-04 07:33:39Z INFO ActionManifestManagerLegacy] Input 'cache-dependency-path': default value evaluate result: ""
[2026-08-04 07:33:39Z INFO ActionManifestManagerLegacy] Input 'mirror': default value evaluate result: ""
[2026-08-04 07:33:39Z INFO ActionManifestManagerLegacy] Input 'mirror-token': default value evaluate result: ""
[2026-08-04 07:33:39Z INFO ExtensionManager] Getting extensions for interface: 'GitHub.Runner.Worker.IActionCommandExtension'
[2026-08-04 07:33:39Z INFO ActionCommandManager] Register action command extension for command internal-set-repo-path
[2026-08-04 07:33:39Z INFO ActionCommandManager] Register action command extension for command set-env
[2026-08-04 07:33:39Z INFO ActionCommandManager] Register action command extension for command set-output
[2026-08-04 07:33:39Z INFO ActionCommandManager] Register action command extension for command save-state
[2026-08-04 07:33:39Z INFO ActionCommandManager] Register action command extension for command add-path
[2026-08-04 07:33:39Z INFO ActionCommandManager] Register action command extension for command add-mask
[2026-08-04 07:33:39Z INFO ActionCommandManager] Register action command extension for command add-matcher
[2026-08-04 07:33:39Z INFO ActionCommandManager] Register action command extension for command remove-matcher
[2026-08-04 07:33:39Z INFO ActionCommandManager] Register action command extension for command warning
[2026-08-04 07:33:39Z INFO ActionCommandManager] Register action command extension for command error
[2026-08-04 07:33:39Z INFO ActionCommandManager] Register action command extension for command notice
[2026-08-04 07:33:39Z INFO ActionCommandManager] Register action command extension for command debug
[2026-08-04 07:33:39Z INFO ActionCommandManager] Register action command extension for command group
[2026-08-04 07:33:39Z INFO ActionCommandManager] Register action command extension for command endgroup
[2026-08-04 07:33:39Z INFO ActionCommandManager] Register action command extension for command echo
[2026-08-04 07:33:39Z INFO HostContext] Well known directory 'Bin': 'D:\nodejs\ecommerce-backened\actions-runner\bin'
[2026-08-04 07:33:39Z INFO HostContext] Well known directory 'Root': 'D:\nodejs\ecommerce-backened\actions-runner'
[2026-08-04 07:33:39Z INFO HostContext] Well known directory 'Externals': 'D:\nodejs\ecommerce-backened\actions-runner\externals'
[2026-08-04 07:33:39Z INFO ProcessInvokerWrapper] Starting process:
[2026-08-04 07:33:39Z INFO ProcessInvokerWrapper]   File name: 'D:\nodejs\ecommerce-backened\actions-runner\externals\node24\bin\node.exe'
[2026-08-04 07:33:39Z INFO ProcessInvokerWrapper]   Arguments: '"D:\nodejs\ecommerce-backened\actions-runner\_work\_actions\actions\setup-node\v4\dist/setup/index.js"'
[2026-08-04 07:33:39Z INFO ProcessInvokerWrapper]   Working directory: 'D:\nodejs\ecommerce-backened\actions-runner\_work\Ecommerce_backened\Ecommerce_backened'
[2026-08-04 07:33:39Z INFO ProcessInvokerWrapper]   Require exit code zero: 'False'
[2026-08-04 07:33:39Z INFO ProcessInvokerWrapper]   Encoding web name: utf-8 ; code page: '65001'
[2026-08-04 07:33:39Z INFO ProcessInvokerWrapper]   Force kill process on cancellation: 'False'
[2026-08-04 07:33:39Z INFO ProcessInvokerWrapper]   Redirected STDIN: 'False'
[2026-08-04 07:33:39Z INFO ProcessInvokerWrapper]   Persist current code page: 'True'
[2026-08-04 07:33:39Z INFO ProcessInvokerWrapper]   Keep redirected STDIN open: 'False'
[2026-08-04 07:33:39Z INFO ProcessInvokerWrapper]   High priority process: 'False'
[2026-08-04 07:33:40Z INFO ProcessInvokerWrapper] Process started with process id 8788, waiting for process exit.
[2026-08-04 07:33:40Z INFO JobServerQueue] Try to append 1 batches web console lines for record 'e3dec961-f507-47f4-a44f-2effb05b34fc', success rate: 1/1.
[2026-08-04 07:33:40Z INFO JobServerQueue] Try to append 1 batches web console lines for record '5715713e-c8ab-45e6-a7f8-ad17d8f5daf8', success rate: 1/1.
[2026-08-04 07:33:40Z INFO JobServerQueue] Got a step log file to send to results service.
[2026-08-04 07:33:40Z INFO JobServerQueue] Starting upload of step log file to results service ResultsLog, D:\nodejs\ecommerce-backened\actions-runner\_diag\blocks\2351a782-52c3-402a-98d3-15f2ab202da6_e3dec961-f507-47f4-a44f-2effb05b34fc.1
[2026-08-04 07:33:40Z INFO JobServerQueue] Try to upload 1 log files or attachments, success rate: 1/1.
[2026-08-04 07:33:42Z INFO JobServerQueue] Try to append 1 batches web console lines for record '5715713e-c8ab-45e6-a7f8-ad17d8f5daf8', success rate: 1/1.
[2026-08-04 07:33:43Z INFO JobServerQueue] Tried to upload 1 file(s) to results, success rate: 1/1.
[2026-08-04 07:33:46Z INFO ProcessInvokerWrapper] STDOUT/STDERR stream read finished.
[2026-08-04 07:33:46Z INFO ProcessInvokerWrapper] STDOUT/STDERR stream read finished.
[2026-08-04 07:33:46Z INFO ProcessInvokerWrapper] Finished process 8788 with exit code 0, and elapsed time 00:00:06.2779602.
[2026-08-04 07:33:46Z INFO CreateStepSummaryCommand] Step Summary file (D:\nodejs\ecommerce-backened\actions-runner\_work\_temp\_runner_file_commands\step_summary_f7185bd4-df55-4175-9401-2bf196b40909) is empty; skipping attachment upload
[2026-08-04 07:33:46Z INFO StepsRunner] Step result: 
[2026-08-04 07:33:46Z INFO ExecutionContext] Publish step telemetry for current step {
  "action": "actions/setup-node",
  "ref": "v4",
  "type": "node24",
  "stage": "Main",
  "stepId": "5715713e-c8ab-45e6-a7f8-ad17d8f5daf8",
  "stepContextName": "__actions_setup-node",
  "hasPreStep": false,
  "hasPostStep": true,
  "result": "succeeded",
  "errorMessages": [],
  "executionTimeInSeconds": 7,
  "startTime": "2026-08-04T07:33:39.9070327Z",
  "finishTime": "2026-08-04T07:33:46.2779018Z"
}.
[2026-08-04 07:33:46Z INFO StepsRunner] No need for updating job result with current step result 'Succeeded'.
[2026-08-04 07:33:46Z INFO StepsRunner] Current state: job state = ''
[2026-08-04 07:33:46Z INFO StepsRunner] Processing step: DisplayName='Install Packages'
[2026-08-04 07:33:46Z INFO StepsRunner] Evaluating: success()
[2026-08-04 07:33:46Z INFO StepsRunner] Result: true
[2026-08-04 07:33:46Z INFO StepsRunner] Starting the step.
[2026-08-04 07:33:46Z INFO HostContext] Well known directory 'Bin': 'D:\nodejs\ecommerce-backened\actions-runner\bin'
[2026-08-04 07:33:46Z INFO HostContext] Well known directory 'Root': 'D:\nodejs\ecommerce-backened\actions-runner'
[2026-08-04 07:33:46Z INFO HostContext] Well known directory 'Work': 'D:\nodejs\ecommerce-backened\actions-runner\_work'
[2026-08-04 07:33:46Z INFO StepsRunner] Which2: 'chcp'
[2026-08-04 07:33:46Z INFO StepsRunner] Location: 'C:\WINDOWS\system32\chcp.COM'
[2026-08-04 07:33:46Z INFO ProcessInvokerWrapper] Starting process:
[2026-08-04 07:33:46Z INFO ProcessInvokerWrapper]   File name: 'C:\WINDOWS\system32\chcp.COM'
[2026-08-04 07:33:46Z INFO ProcessInvokerWrapper]   Arguments: '65001'
[2026-08-04 07:33:46Z INFO ProcessInvokerWrapper]   Working directory: 'D:\nodejs\ecommerce-backened\actions-runner\_work'
[2026-08-04 07:33:46Z INFO ProcessInvokerWrapper]   Require exit code zero: 'False'
[2026-08-04 07:33:46Z INFO ProcessInvokerWrapper]   Encoding web name:  ; code page: ''
[2026-08-04 07:33:46Z INFO ProcessInvokerWrapper]   Force kill process on cancellation: 'False'
[2026-08-04 07:33:46Z INFO ProcessInvokerWrapper]   Redirected STDIN: 'False'
[2026-08-04 07:33:46Z INFO ProcessInvokerWrapper]   Persist current code page: 'True'
[2026-08-04 07:33:46Z INFO ProcessInvokerWrapper]   Keep redirected STDIN open: 'False'
[2026-08-04 07:33:46Z INFO ProcessInvokerWrapper]   High priority process: 'False'
[2026-08-04 07:33:46Z INFO ProcessInvokerWrapper] Process started with process id 18312, waiting for process exit.
[2026-08-04 07:33:46Z INFO ProcessInvokerWrapper] STDOUT/STDERR stream read finished.
[2026-08-04 07:33:46Z INFO ProcessInvokerWrapper] STDOUT/STDERR stream read finished.
[2026-08-04 07:33:46Z INFO ProcessInvokerWrapper] Finished process 18312 with exit code 0, and elapsed time 00:00:00.0129651.
[2026-08-04 07:33:46Z INFO StepsRunner] Successfully returned to code page 65001 (UTF8)
[2026-08-04 07:33:46Z INFO HostContext] Well known directory 'Bin': 'D:\nodejs\ecommerce-backened\actions-runner\bin'
[2026-08-04 07:33:46Z INFO HostContext] Well known directory 'Root': 'D:\nodejs\ecommerce-backened\actions-runner'
[2026-08-04 07:33:46Z INFO HostContext] Well known directory 'Work': 'D:\nodejs\ecommerce-backened\actions-runner\_work'
[2026-08-04 07:33:46Z INFO HostContext] Well known directory 'Temp': 'D:\nodejs\ecommerce-backened\actions-runner\_work\_temp'
[2026-08-04 07:33:46Z INFO ExecutionContext] Write event payload to D:\nodejs\ecommerce-backened\actions-runner\_work\_temp\_github_workflow\event.json
[2026-08-04 07:33:46Z INFO HostContext] Well known directory 'Bin': 'D:\nodejs\ecommerce-backened\actions-runner\bin'
[2026-08-04 07:33:46Z INFO HostContext] Well known directory 'Root': 'D:\nodejs\ecommerce-backened\actions-runner'
[2026-08-04 07:33:46Z INFO HostContext] Well known directory 'Work': 'D:\nodejs\ecommerce-backened\actions-runner\_work'
[2026-08-04 07:33:46Z INFO HostContext] Well known directory 'Temp': 'D:\nodejs\ecommerce-backened\actions-runner\_work\_temp'
[2026-08-04 07:33:46Z INFO ExtensionManager] Getting extensions for interface: 'GitHub.Runner.Worker.IFileCommandExtension'
[2026-08-04 07:33:46Z INFO ExtensionManager] Getting extensions for interface: 'GitHub.Runner.Worker.IActionCommandExtension'
[2026-08-04 07:33:46Z INFO ActionCommandManager] Register action command extension for command internal-set-repo-path
[2026-08-04 07:33:46Z INFO ActionCommandManager] Register action command extension for command set-env
[2026-08-04 07:33:46Z INFO ActionCommandManager] Register action command extension for command set-output
[2026-08-04 07:33:46Z INFO ActionCommandManager] Register action command extension for command save-state
[2026-08-04 07:33:46Z INFO ActionCommandManager] Register action command extension for command add-path
[2026-08-04 07:33:46Z INFO ActionCommandManager] Register action command extension for command add-mask
[2026-08-04 07:33:46Z INFO ActionCommandManager] Register action command extension for command add-matcher
[2026-08-04 07:33:46Z INFO ActionCommandManager] Register action command extension for command remove-matcher
[2026-08-04 07:33:46Z INFO ActionCommandManager] Register action command extension for command warning
[2026-08-04 07:33:46Z INFO ActionCommandManager] Register action command extension for command error
[2026-08-04 07:33:46Z INFO ActionCommandManager] Register action command extension for command notice
[2026-08-04 07:33:46Z INFO ActionCommandManager] Register action command extension for command debug
[2026-08-04 07:33:46Z INFO ActionCommandManager] Register action command extension for command group
[2026-08-04 07:33:46Z INFO ActionCommandManager] Register action command extension for command endgroup
[2026-08-04 07:33:46Z INFO ActionCommandManager] Register action command extension for command echo
[2026-08-04 07:33:46Z INFO ScriptHandler] Which2: 'cmd'
[2026-08-04 07:33:46Z INFO ScriptHandler] Location: 'C:\WINDOWS\system32\cmd.EXE'
[2026-08-04 07:33:46Z INFO HostContext] Well known directory 'Bin': 'D:\nodejs\ecommerce-backened\actions-runner\bin'
[2026-08-04 07:33:46Z INFO HostContext] Well known directory 'Root': 'D:\nodejs\ecommerce-backened\actions-runner'
[2026-08-04 07:33:46Z INFO HostContext] Well known directory 'Work': 'D:\nodejs\ecommerce-backened\actions-runner\_work'
[2026-08-04 07:33:46Z INFO HostContext] Well known directory 'Temp': 'D:\nodejs\ecommerce-backened\actions-runner\_work\_temp'
[2026-08-04 07:33:46Z INFO ScriptHandler] Which2: 'cmd'
[2026-08-04 07:33:46Z INFO ScriptHandler] Location: 'C:\WINDOWS\system32\cmd.EXE'
[2026-08-04 07:33:46Z INFO ProcessInvokerWrapper] Starting process:
[2026-08-04 07:33:46Z INFO ProcessInvokerWrapper]   File name: 'C:\WINDOWS\system32\cmd.EXE'
[2026-08-04 07:33:46Z INFO ProcessInvokerWrapper]   Arguments: '/D /E:ON /V:OFF /S /C "CALL "D:\nodejs\ecommerce-backened\actions-runner\_work\_temp\cf06e9d0-04df-4124-ac62-682708623fe1.cmd""'
[2026-08-04 07:33:46Z INFO ProcessInvokerWrapper]   Working directory: 'D:\nodejs\ecommerce-backened\actions-runner\_work\Ecommerce_backened\Ecommerce_backened'
[2026-08-04 07:33:46Z INFO ProcessInvokerWrapper]   Require exit code zero: 'False'
[2026-08-04 07:33:46Z INFO ProcessInvokerWrapper]   Encoding web name:  ; code page: ''
[2026-08-04 07:33:46Z INFO ProcessInvokerWrapper]   Force kill process on cancellation: 'False'
[2026-08-04 07:33:46Z INFO ProcessInvokerWrapper]   Redirected STDIN: 'False'
[2026-08-04 07:33:46Z INFO ProcessInvokerWrapper]   Persist current code page: 'True'
[2026-08-04 07:33:46Z INFO ProcessInvokerWrapper]   Keep redirected STDIN open: 'False'
[2026-08-04 07:33:46Z INFO ProcessInvokerWrapper]   High priority process: 'False'
[2026-08-04 07:33:46Z INFO ProcessInvokerWrapper] Process started with process id 4976, waiting for process exit.
[2026-08-04 07:33:46Z INFO JobServerQueue] Try to upload 1 log files or attachments, success rate: 1/1.
[2026-08-04 07:33:46Z INFO JobServerQueue] Try to append 1 batches web console lines for record '5715713e-c8ab-45e6-a7f8-ad17d8f5daf8', success rate: 1/1.
[2026-08-04 07:33:46Z INFO JobServerQueue] Try to append 1 batches web console lines for record 'c8c84d0b-1e19-4795-a78a-966bf18f3598', success rate: 1/1.
[2026-08-04 07:33:47Z INFO JobServerQueue] Got a step log file to send to results service.
[2026-08-04 07:33:47Z INFO JobServerQueue] Starting upload of step log file to results service ResultsLog, D:\nodejs\ecommerce-backened\actions-runner\_diag\blocks\2351a782-52c3-402a-98d3-15f2ab202da6_5715713e-c8ab-45e6-a7f8-ad17d8f5daf8.1
[2026-08-04 07:33:48Z INFO JobServerQueue] Tried to upload 1 file(s) to results, success rate: 1/1.
[2026-08-04 07:33:49Z INFO HostContext] Well known directory 'Bin': 'D:\nodejs\ecommerce-backened\actions-runner\bin'
[2026-08-04 07:33:49Z INFO HostContext] Well known directory 'Root': 'D:\nodejs\ecommerce-backened\actions-runner'
[2026-08-04 07:33:49Z INFO HostContext] Well known directory 'Work': 'D:\nodejs\ecommerce-backened\actions-runner\_work'
[2026-08-04 07:33:53Z INFO JobServerQueue] Try to append 1 batches web console lines for record 'c8c84d0b-1e19-4795-a78a-966bf18f3598', success rate: 1/1.
[2026-08-04 07:33:53Z INFO JobServerQueue] Try to append 1 batches web console lines for record 'c8c84d0b-1e19-4795-a78a-966bf18f3598', success rate: 1/1.
[2026-08-04 07:33:56Z INFO JobServerQueue] Try to append 1 batches web console lines for record 'c8c84d0b-1e19-4795-a78a-966bf18f3598', success rate: 1/1.
[2026-08-04 07:33:59Z INFO HostContext] Well known directory 'Bin': 'D:\nodejs\ecommerce-backened\actions-runner\bin'
[2026-08-04 07:33:59Z INFO HostContext] Well known directory 'Root': 'D:\nodejs\ecommerce-backened\actions-runner'
[2026-08-04 07:33:59Z INFO HostContext] Well known directory 'Work': 'D:\nodejs\ecommerce-backened\actions-runner\_work'
[2026-08-04 07:34:02Z INFO ProcessInvokerWrapper] STDOUT/STDERR stream read finished.
[2026-08-04 07:34:02Z INFO ProcessInvokerWrapper] STDOUT/STDERR stream read finished.
[2026-08-04 07:34:02Z INFO ProcessInvokerWrapper] Finished process 4976 with exit code 0, and elapsed time 00:00:16.3901594.
[2026-08-04 07:34:02Z INFO CreateStepSummaryCommand] Step Summary file (D:\nodejs\ecommerce-backened\actions-runner\_work\_temp\_runner_file_commands\step_summary_48b863d0-f69b-47e6-8b25-5bc1a8476b3c) is empty; skipping attachment upload
[2026-08-04 07:34:02Z INFO StepsRunner] Step result: 
[2026-08-04 07:34:02Z INFO ExecutionContext] Publish step telemetry for current step {
  "action": "cmd",
  "type": "run",
  "stage": "Main",
  "stepId": "c8c84d0b-1e19-4795-a78a-966bf18f3598",
  "stepContextName": "__run",
  "result": "succeeded",
  "errorMessages": [],
  "executionTimeInSeconds": 17,
  "startTime": "2026-08-04T07:33:46.2793666Z",
  "finishTime": "2026-08-04T07:34:02.7085268Z"
}.
[2026-08-04 07:34:02Z INFO StepsRunner] No need for updating job result with current step result 'Succeeded'.
[2026-08-04 07:34:02Z INFO StepsRunner] Current state: job state = ''
[2026-08-04 07:34:02Z INFO StepsRunner] Processing step: DisplayName='Run Tests'
[2026-08-04 07:34:02Z INFO StepsRunner] Evaluating: success()
[2026-08-04 07:34:02Z INFO StepsRunner] Result: true
[2026-08-04 07:34:02Z INFO StepsRunner] Starting the step.
[2026-08-04 07:34:02Z INFO HostContext] Well known directory 'Bin': 'D:\nodejs\ecommerce-backened\actions-runner\bin'
[2026-08-04 07:34:02Z INFO HostContext] Well known directory 'Root': 'D:\nodejs\ecommerce-backened\actions-runner'
[2026-08-04 07:34:02Z INFO HostContext] Well known directory 'Work': 'D:\nodejs\ecommerce-backened\actions-runner\_work'
[2026-08-04 07:34:02Z INFO StepsRunner] Which2: 'chcp'
[2026-08-04 07:34:02Z INFO StepsRunner] Location: 'C:\WINDOWS\system32\chcp.COM'
[2026-08-04 07:34:02Z INFO ProcessInvokerWrapper] Starting process:
[2026-08-04 07:34:02Z INFO ProcessInvokerWrapper]   File name: 'C:\WINDOWS\system32\chcp.COM'
[2026-08-04 07:34:02Z INFO ProcessInvokerWrapper]   Arguments: '65001'
[2026-08-04 07:34:02Z INFO ProcessInvokerWrapper]   Working directory: 'D:\nodejs\ecommerce-backened\actions-runner\_work'
[2026-08-04 07:34:02Z INFO ProcessInvokerWrapper]   Require exit code zero: 'False'
[2026-08-04 07:34:02Z INFO ProcessInvokerWrapper]   Encoding web name:  ; code page: ''
[2026-08-04 07:34:02Z INFO ProcessInvokerWrapper]   Force kill process on cancellation: 'False'
[2026-08-04 07:34:02Z INFO ProcessInvokerWrapper]   Redirected STDIN: 'False'
[2026-08-04 07:34:02Z INFO ProcessInvokerWrapper]   Persist current code page: 'True'
[2026-08-04 07:34:02Z INFO ProcessInvokerWrapper]   Keep redirected STDIN open: 'False'
[2026-08-04 07:34:02Z INFO ProcessInvokerWrapper]   High priority process: 'False'
[2026-08-04 07:34:02Z INFO ProcessInvokerWrapper] Process started with process id 372, waiting for process exit.
[2026-08-04 07:34:02Z INFO ProcessInvokerWrapper] STDOUT/STDERR stream read finished.
[2026-08-04 07:34:02Z INFO ProcessInvokerWrapper] STDOUT/STDERR stream read finished.
[2026-08-04 07:34:02Z INFO ProcessInvokerWrapper] Finished process 372 with exit code 0, and elapsed time 00:00:00.0247593.
[2026-08-04 07:34:02Z INFO StepsRunner] Successfully returned to code page 65001 (UTF8)
[2026-08-04 07:34:02Z INFO HostContext] Well known directory 'Bin': 'D:\nodejs\ecommerce-backened\actions-runner\bin'
[2026-08-04 07:34:02Z INFO HostContext] Well known directory 'Root': 'D:\nodejs\ecommerce-backened\actions-runner'
[2026-08-04 07:34:02Z INFO HostContext] Well known directory 'Work': 'D:\nodejs\ecommerce-backened\actions-runner\_work'
[2026-08-04 07:34:02Z INFO HostContext] Well known directory 'Temp': 'D:\nodejs\ecommerce-backened\actions-runner\_work\_temp'
[2026-08-04 07:34:02Z INFO ExecutionContext] Write event payload to D:\nodejs\ecommerce-backened\actions-runner\_work\_temp\_github_workflow\event.json
[2026-08-04 07:34:02Z INFO HostContext] Well known directory 'Bin': 'D:\nodejs\ecommerce-backened\actions-runner\bin'
[2026-08-04 07:34:02Z INFO HostContext] Well known directory 'Root': 'D:\nodejs\ecommerce-backened\actions-runner'
[2026-08-04 07:34:02Z INFO HostContext] Well known directory 'Work': 'D:\nodejs\ecommerce-backened\actions-runner\_work'
[2026-08-04 07:34:02Z INFO HostContext] Well known directory 'Temp': 'D:\nodejs\ecommerce-backened\actions-runner\_work\_temp'
[2026-08-04 07:34:02Z INFO ExtensionManager] Getting extensions for interface: 'GitHub.Runner.Worker.IFileCommandExtension'
[2026-08-04 07:34:02Z INFO ExtensionManager] Getting extensions for interface: 'GitHub.Runner.Worker.IActionCommandExtension'
[2026-08-04 07:34:02Z INFO ActionCommandManager] Register action command extension for command internal-set-repo-path
[2026-08-04 07:34:02Z INFO ActionCommandManager] Register action command extension for command set-env
[2026-08-04 07:34:02Z INFO ActionCommandManager] Register action command extension for command set-output
[2026-08-04 07:34:02Z INFO ActionCommandManager] Register action command extension for command save-state
[2026-08-04 07:34:02Z INFO ActionCommandManager] Register action command extension for command add-path
[2026-08-04 07:34:02Z INFO ActionCommandManager] Register action command extension for command add-mask
[2026-08-04 07:34:02Z INFO ActionCommandManager] Register action command extension for command add-matcher
[2026-08-04 07:34:02Z INFO ActionCommandManager] Register action command extension for command remove-matcher
[2026-08-04 07:34:02Z INFO ActionCommandManager] Register action command extension for command warning
[2026-08-04 07:34:02Z INFO ActionCommandManager] Register action command extension for command error
[2026-08-04 07:34:02Z INFO ActionCommandManager] Register action command extension for command notice
[2026-08-04 07:34:02Z INFO ActionCommandManager] Register action command extension for command debug
[2026-08-04 07:34:02Z INFO ActionCommandManager] Register action command extension for command group
[2026-08-04 07:34:02Z INFO ActionCommandManager] Register action command extension for command endgroup
[2026-08-04 07:34:02Z INFO ActionCommandManager] Register action command extension for command echo
[2026-08-04 07:34:02Z INFO ScriptHandler] Which2: 'cmd'
[2026-08-04 07:34:02Z INFO ScriptHandler] Location: 'C:\WINDOWS\system32\cmd.EXE'
[2026-08-04 07:34:02Z INFO HostContext] Well known directory 'Bin': 'D:\nodejs\ecommerce-backened\actions-runner\bin'
[2026-08-04 07:34:02Z INFO HostContext] Well known directory 'Root': 'D:\nodejs\ecommerce-backened\actions-runner'
[2026-08-04 07:34:02Z INFO HostContext] Well known directory 'Work': 'D:\nodejs\ecommerce-backened\actions-runner\_work'
[2026-08-04 07:34:02Z INFO HostContext] Well known directory 'Temp': 'D:\nodejs\ecommerce-backened\actions-runner\_work\_temp'
[2026-08-04 07:34:02Z INFO ScriptHandler] Which2: 'cmd'
[2026-08-04 07:34:02Z INFO ScriptHandler] Location: 'C:\WINDOWS\system32\cmd.EXE'
[2026-08-04 07:34:02Z INFO ProcessInvokerWrapper] Starting process:
[2026-08-04 07:34:02Z INFO ProcessInvokerWrapper]   File name: 'C:\WINDOWS\system32\cmd.EXE'
[2026-08-04 07:34:02Z INFO ProcessInvokerWrapper]   Arguments: '/D /E:ON /V:OFF /S /C "CALL "D:\nodejs\ecommerce-backened\actions-runner\_work\_temp\5102720c-e1f4-4d0c-b6a8-a9075859eab4.cmd""'
[2026-08-04 07:34:02Z INFO ProcessInvokerWrapper]   Working directory: 'D:\nodejs\ecommerce-backened\actions-runner\_work\Ecommerce_backened\Ecommerce_backened'
[2026-08-04 07:34:02Z INFO ProcessInvokerWrapper]   Require exit code zero: 'False'
[2026-08-04 07:34:02Z INFO ProcessInvokerWrapper]   Encoding web name:  ; code page: ''
[2026-08-04 07:34:02Z INFO ProcessInvokerWrapper]   Force kill process on cancellation: 'False'
[2026-08-04 07:34:02Z INFO ProcessInvokerWrapper]   Redirected STDIN: 'False'
[2026-08-04 07:34:02Z INFO ProcessInvokerWrapper]   Persist current code page: 'True'
[2026-08-04 07:34:02Z INFO ProcessInvokerWrapper]   Keep redirected STDIN open: 'False'
[2026-08-04 07:34:02Z INFO ProcessInvokerWrapper]   High priority process: 'False'
[2026-08-04 07:34:02Z INFO ProcessInvokerWrapper] Process started with process id 3476, waiting for process exit.
[2026-08-04 07:34:02Z INFO JobServerQueue] Try to append 1 batches web console lines for record 'c8c84d0b-1e19-4795-a78a-966bf18f3598', success rate: 1/1.
[2026-08-04 07:34:02Z INFO JobServerQueue] Try to append 1 batches web console lines for record '72f44a27-21dc-4ba1-9bc6-d2c7a6d80672', success rate: 1/1.
[2026-08-04 07:34:03Z INFO JobServerQueue] Got a step log file to send to results service.
[2026-08-04 07:34:03Z INFO JobServerQueue] Starting upload of step log file to results service ResultsLog, D:\nodejs\ecommerce-backened\actions-runner\_diag\blocks\2351a782-52c3-402a-98d3-15f2ab202da6_c8c84d0b-1e19-4795-a78a-966bf18f3598.1
[2026-08-04 07:34:03Z INFO JobServerQueue] Try to append 1 batches web console lines for record '72f44a27-21dc-4ba1-9bc6-d2c7a6d80672', success rate: 1/1.
[2026-08-04 07:34:03Z INFO JobServerQueue] Try to upload 1 log files or attachments, success rate: 1/1.
[2026-08-04 07:34:04Z INFO JobServerQueue] Tried to upload 1 file(s) to results, success rate: 1/1.
[2026-08-04 07:34:09Z INFO HostContext] Well known directory 'Bin': 'D:\nodejs\ecommerce-backened\actions-runner\bin'
[2026-08-04 07:34:09Z INFO HostContext] Well known directory 'Root': 'D:\nodejs\ecommerce-backened\actions-runner'
[2026-08-04 07:34:09Z INFO HostContext] Well known directory 'Work': 'D:\nodejs\ecommerce-backened\actions-runner\_work'
[2026-08-04 07:34:19Z INFO HostContext] Well known directory 'Bin': 'D:\nodejs\ecommerce-backened\actions-runner\bin'
[2026-08-04 07:34:19Z INFO HostContext] Well known directory 'Root': 'D:\nodejs\ecommerce-backened\actions-runner'
[2026-08-04 07:34:19Z INFO HostContext] Well known directory 'Work': 'D:\nodejs\ecommerce-backened\actions-runner\_work'
[2026-08-04 07:34:29Z INFO HostContext] Well known directory 'Bin': 'D:\nodejs\ecommerce-backened\actions-runner\bin'
[2026-08-04 07:34:29Z INFO HostContext] Well known directory 'Root': 'D:\nodejs\ecommerce-backened\actions-runner'
[2026-08-04 07:34:29Z INFO HostContext] Well known directory 'Work': 'D:\nodejs\ecommerce-backened\actions-runner\_work'
[2026-08-04 07:34:39Z INFO HostContext] Well known directory 'Bin': 'D:\nodejs\ecommerce-backened\actions-runner\bin'
[2026-08-04 07:34:39Z INFO HostContext] Well known directory 'Root': 'D:\nodejs\ecommerce-backened\actions-runner'
[2026-08-04 07:34:39Z INFO HostContext] Well known directory 'Work': 'D:\nodejs\ecommerce-backened\actions-runner\_work'
[2026-08-04 07:34:42Z INFO JobServerQueue] Try to append 2 batches web console lines for record '72f44a27-21dc-4ba1-9bc6-d2c7a6d80672', success rate: 2/2.
[2026-08-04 07:34:42Z INFO JobServerQueue] Try to append 6 batches web console lines for record '72f44a27-21dc-4ba1-9bc6-d2c7a6d80672', success rate: 6/6.
[2026-08-04 07:34:43Z INFO JobServerQueue] Try to append 6 batches web console lines for record '72f44a27-21dc-4ba1-9bc6-d2c7a6d80672', success rate: 6/6.
[2026-08-04 07:34:43Z INFO JobServerQueue] Try to append 4 batches web console lines for record '72f44a27-21dc-4ba1-9bc6-d2c7a6d80672', success rate: 4/4.
[2026-08-04 07:34:44Z INFO JobServerQueue] Try to append 6 batches web console lines for record '72f44a27-21dc-4ba1-9bc6-d2c7a6d80672', success rate: 6/6.
[2026-08-04 07:34:44Z INFO ProcessInvokerWrapper] STDOUT/STDERR stream read finished.
[2026-08-04 07:34:44Z INFO ProcessInvokerWrapper] STDOUT/STDERR stream read finished.
[2026-08-04 07:34:44Z INFO ProcessInvokerWrapper] Finished process 3476 with exit code 1, and elapsed time 00:00:41.8659772.
[2026-08-04 07:34:44Z INFO JobServerQueue] Try to append 6 batches web console lines for record '72f44a27-21dc-4ba1-9bc6-d2c7a6d80672', success rate: 6/6.
[2026-08-04 07:34:44Z INFO CreateStepSummaryCommand] Step Summary file (D:\nodejs\ecommerce-backened\actions-runner\_work\_temp\_runner_file_commands\step_summary_2c5e4fbe-f491-499f-a3d5-5f88da474fbf) is empty; skipping attachment upload
[2026-08-04 07:34:44Z INFO StepsRunner] Step result: Failed
[2026-08-04 07:34:44Z INFO ExecutionContext] Publish step telemetry for current step {
  "action": "cmd",
  "type": "run",
  "stage": "Main",
  "stepId": "72f44a27-21dc-4ba1-9bc6-d2c7a6d80672",
  "stepContextName": "__run_2",
  "result": "failed",
  "errorMessages": [
    "Process completed with exit code 1."
  ],
  "executionTimeInSeconds": 42,
  "startTime": "2026-08-04T07:34:02.7111448Z",
  "finishTime": "2026-08-04T07:34:44.6390231Z"
}.
[2026-08-04 07:34:44Z INFO StepsRunner] Update job result with current step result 'Failed'.
[2026-08-04 07:34:44Z INFO StepsRunner] Current state: job state = 'Failed'
[2026-08-04 07:34:44Z INFO StepsRunner] Processing step: DisplayName='Stop Containers'
[2026-08-04 07:34:44Z INFO StepsRunner] Evaluating: success()
[2026-08-04 07:34:44Z INFO StepsRunner] Result: false
[2026-08-04 07:34:44Z INFO StepsRunner] Skipping step due to condition evaluation.
[2026-08-04 07:34:44Z INFO StepsRunner] No need for updating job result with current step result 'Skipped'.
[2026-08-04 07:34:44Z INFO StepsRunner] Current state: job state = 'Failed'
[2026-08-04 07:34:44Z INFO StepsRunner] Processing step: DisplayName='Build & Start Containers'
[2026-08-04 07:34:44Z INFO StepsRunner] Evaluating: success()
[2026-08-04 07:34:44Z INFO StepsRunner] Result: false
[2026-08-04 07:34:44Z INFO StepsRunner] Skipping step due to condition evaluation.
[2026-08-04 07:34:44Z INFO StepsRunner] No need for updating job result with current step result 'Skipped'.
[2026-08-04 07:34:44Z INFO StepsRunner] Current state: job state = 'Failed'
[2026-08-04 07:34:44Z INFO StepsRunner] Processing step: DisplayName='Remove Unused Images'
[2026-08-04 07:34:44Z INFO StepsRunner] Evaluating: success()
[2026-08-04 07:34:44Z INFO StepsRunner] Result: false
[2026-08-04 07:34:44Z INFO StepsRunner] Skipping step due to condition evaluation.
[2026-08-04 07:34:44Z INFO StepsRunner] No need for updating job result with current step result 'Skipped'.
[2026-08-04 07:34:44Z INFO StepsRunner] Current state: job state = 'Failed'
[2026-08-04 07:34:44Z INFO StepsRunner] Processing step: DisplayName='Post Setup Node.js'
[2026-08-04 07:34:44Z INFO StepsRunner] Evaluating: success()
[2026-08-04 07:34:44Z INFO StepsRunner] Result: false
[2026-08-04 07:34:44Z INFO StepsRunner] Skipping step due to condition evaluation.
[2026-08-04 07:34:44Z INFO StepsRunner] No need for updating job result with current step result 'Skipped'.
[2026-08-04 07:34:44Z INFO StepsRunner] Current state: job state = 'Failed'
[2026-08-04 07:34:44Z INFO StepsRunner] Processing step: DisplayName='Post Checkout Code'
[2026-08-04 07:34:44Z INFO StepsRunner] Evaluating: always()
[2026-08-04 07:34:44Z INFO StepsRunner] Result: true
[2026-08-04 07:34:44Z INFO StepsRunner] Starting the step.
[2026-08-04 07:34:44Z INFO HostContext] Well known directory 'Bin': 'D:\nodejs\ecommerce-backened\actions-runner\bin'
[2026-08-04 07:34:44Z INFO HostContext] Well known directory 'Root': 'D:\nodejs\ecommerce-backened\actions-runner'
[2026-08-04 07:34:44Z INFO HostContext] Well known directory 'Work': 'D:\nodejs\ecommerce-backened\actions-runner\_work'
[2026-08-04 07:34:44Z INFO StepsRunner] Which2: 'chcp'
[2026-08-04 07:34:44Z INFO StepsRunner] Location: 'C:\WINDOWS\system32\chcp.COM'
[2026-08-04 07:34:44Z INFO ProcessInvokerWrapper] Starting process:
[2026-08-04 07:34:44Z INFO ProcessInvokerWrapper]   File name: 'C:\WINDOWS\system32\chcp.COM'
[2026-08-04 07:34:44Z INFO ProcessInvokerWrapper]   Arguments: '65001'
[2026-08-04 07:34:44Z INFO ProcessInvokerWrapper]   Working directory: 'D:\nodejs\ecommerce-backened\actions-runner\_work'
[2026-08-04 07:34:44Z INFO ProcessInvokerWrapper]   Require exit code zero: 'False'
[2026-08-04 07:34:44Z INFO ProcessInvokerWrapper]   Encoding web name:  ; code page: ''
[2026-08-04 07:34:44Z INFO ProcessInvokerWrapper]   Force kill process on cancellation: 'False'
[2026-08-04 07:34:44Z INFO ProcessInvokerWrapper]   Redirected STDIN: 'False'
[2026-08-04 07:34:44Z INFO ProcessInvokerWrapper]   Persist current code page: 'True'
[2026-08-04 07:34:44Z INFO ProcessInvokerWrapper]   Keep redirected STDIN open: 'False'
[2026-08-04 07:34:44Z INFO ProcessInvokerWrapper]   High priority process: 'False'
[2026-08-04 07:34:44Z INFO ProcessInvokerWrapper] Process started with process id 20400, waiting for process exit.
[2026-08-04 07:34:44Z INFO ProcessInvokerWrapper] STDOUT/STDERR stream read finished.
[2026-08-04 07:34:44Z INFO ProcessInvokerWrapper] STDOUT/STDERR stream read finished.
[2026-08-04 07:34:44Z INFO ProcessInvokerWrapper] Finished process 20400 with exit code 0, and elapsed time 00:00:00.0837031.
[2026-08-04 07:34:44Z INFO StepsRunner] Successfully returned to code page 65001 (UTF8)
[2026-08-04 07:34:44Z INFO HostContext] Well known directory 'Bin': 'D:\nodejs\ecommerce-backened\actions-runner\bin'
[2026-08-04 07:34:44Z INFO HostContext] Well known directory 'Root': 'D:\nodejs\ecommerce-backened\actions-runner'
[2026-08-04 07:34:44Z INFO HostContext] Well known directory 'Work': 'D:\nodejs\ecommerce-backened\actions-runner\_work'
[2026-08-04 07:34:44Z INFO HostContext] Well known directory 'Actions': 'D:\nodejs\ecommerce-backened\actions-runner\_work\_actions'
[2026-08-04 07:34:44Z INFO ActionManager] Load action that reference repository from 'D:\nodejs\ecommerce-backened\actions-runner\_work\_actions\actions\checkout\v4'
[2026-08-04 07:34:44Z INFO HostContext] Well known directory 'Bin': 'D:\nodejs\ecommerce-backened\actions-runner\bin'
[2026-08-04 07:34:44Z INFO HostContext] Well known directory 'Root': 'D:\nodejs\ecommerce-backened\actions-runner'
[2026-08-04 07:34:44Z INFO HostContext] Well known directory 'Work': 'D:\nodejs\ecommerce-backened\actions-runner\_work'
[2026-08-04 07:34:44Z INFO HostContext] Well known directory 'Actions': 'D:\nodejs\ecommerce-backened\actions-runner\_work\_actions'
[2026-08-04 07:34:44Z INFO ActionManifestManagerLegacy] Loaded action.yml file: {
  "name": "Checkout",
  "description": "Checkout a Git repository at a particular version",
  "inputs": {
    "type": 2,
    "map": [
      {
        "key": {
          "type": 0,
          "file": 2,
          "line": 4,
          "col": 3,
          "lit": "repository"
        },
        "value": {
          "type": 3,
          "file": 2,
          "line": 6,
          "col": 14,
          "expr": "github.repository"
        }
      },
      {
        "key": {
          "type": 0,
          "file": 2,
          "line": 7,
          "col": 3,
          "lit": "ref"
        },
        "value": ""
      },
      {
        "key": {
          "type": 0,
          "file": 2,
          "line": 12,
          "col": 3,
          "lit": "token"
        },
        "value": {
          "type": 3,
          "file": 2,
          "line": 24,
          "col": 14,
          "expr": "github.token"
        }
      },
      {
        "key": {
          "type": 0,
          "file": 2,
          "line": 25,
          "col": 3,
          "lit": "ssh-key"
        },
        "value": ""
      },
      {
        "key": {
          "type": 0,
          "file": 2,
          "line": 37,
          "col": 3,
          "lit": "ssh-known-hosts"
        },
        "value": ""
      },
      {
        "key": {
          "type": 0,
          "file": 2,
          "line": 42,
          "col": 3,
          "lit": "ssh-strict"
        },
        "value": {
          "type": 0,
          "file": 2,
          "line": 47,
          "col": 14,
          "lit": "true"
        }
      },
      {
        "key": {
          "type": 0,
          "file": 2,
          "line": 48,
          "col": 3,
          "lit": "ssh-user"
        },
        "value": {
          "type": 0,
          "file": 2,
          "line": 51,
          "col": 14,
          "lit": "git"
        }
      },
      {
        "key": {
          "type": 0,
          "file": 2,
          "line": 52,
          "col": 3,
          "lit": "persist-credentials"
        },
        "value": {
          "type": 0,
          "file": 2,
          "line": 54,
          "col": 14,
          "lit": "true"
        }
      },
      {
        "key": {
          "type": 0,
          "file": 2,
          "line": 55,
          "col": 3,
          "lit": "path"
        },
        "value": ""
      },
      {
        "key": {
          "type": 0,
          "file": 2,
          "line": 57,
          "col": 3,
          "lit": "clean"
        },
        "value": {
          "type": 0,
          "file": 2,
          "line": 59,
          "col": 14,
          "lit": "true"
        }
      },
      {
        "key": {
          "type": 0,
          "file": 2,
          "line": 60,
          "col": 3,
          "lit": "filter"
        },
        "value": {
          "type": 0,
          "file": 2,
          "line": 64,
          "col": 14,
          "lit": ""
        }
      },
      {
        "key": {
          "type": 0,
          "file": 2,
          "line": 65,
          "col": 3,
          "lit": "sparse-checkout"
        },
        "value": {
          "type": 0,
          "file": 2,
          "line": 69,
          "col": 14,
          "lit": ""
        }
      },
      {
        "key": {
          "type": 0,
          "file": 2,
          "line": 70,
          "col": 3,
          "lit": "sparse-checkout-cone-mode"
        },
        "value": {
          "type": 0,
          "file": 2,
          "line": 73,
          "col": 14,
          "lit": "true"
        }
      },
      {
        "key": {
          "type": 0,
          "file": 2,
          "line": 74,
          "col": 3,
          "lit": "fetch-depth"
        },
        "value": {
          "type": 0,
          "file": 2,
          "line": 76,
          "col": 14,
          "lit": "1"
        }
      },
      {
        "key": {
          "type": 0,
          "file": 2,
          "line": 77,
          "col": 3,
          "lit": "fetch-tags"
        },
        "value": {
          "type": 0,
          "file": 2,
          "line": 79,
          "col": 14,
          "lit": "false"
        }
      },
      {
        "key": {
          "type": 0,
          "file": 2,
          "line": 80,
          "col": 3,
          "lit": "show-progress"
        },
        "value": {
          "type": 0,
          "file": 2,
          "line": 82,
          "col": 14,
          "lit": "true"
        }
      },
      {
        "key": {
          "type": 0,
          "file": 2,
          "line": 83,
          "col": 3,
          "lit": "lfs"
        },
        "value": {
          "type": 0,
          "file": 2,
          "line": 85,
          "col": 14,
          "lit": "false"
        }
      },
      {
        "key": {
          "type": 0,
          "file": 2,
          "line": 86,
          "col": 3,
          "lit": "submodules"
        },
        "value": {
          "type": 0,
          "file": 2,
          "line": 94,
          "col": 14,
          "lit": "false"
        }
      },
      {
        "key": {
          "type": 0,
          "file": 2,
          "line": 95,
          "col": 3,
          "lit": "set-safe-directory"
        },
        "value": {
          "type": 0,
          "file": 2,
          "line": 97,
          "col": 14,
          "lit": "true"
        }
      },
      {
        "key": {
          "type": 0,
          "file": 2,
          "line": 98,
          "col": 3,
          "lit": "github-server-url"
        },
        "value": ""
      },
      {
        "key": {
          "type": 0,
          "file": 2,
          "line": 101,
          "col": 3,
          "lit": "allow-unsafe-pr-checkout"
        },
        "value": {
          "type": 0,
          "file": 2,
          "line": 109,
          "col": 14,
          "lit": "false"
        }
      }
    ]
  },
  "execution": {
    "executionType": "nodeJS",
    "hasPre": false,
    "hasPost": true,
    "script": "dist/index.js",
    "pre": null,
    "post": "dist/index.js",
    "nodeVersion": "node20",
    "cleanupCondition": "always()",
    "initCondition": "always()"
  },
  "deprecated": null
}
[2026-08-04 07:34:44Z INFO ActionManager] Action pre node.js file: N/A.
[2026-08-04 07:34:44Z INFO ActionManager] Action node.js file: dist/index.js.
[2026-08-04 07:34:44Z INFO ActionManager] Action post node.js file: dist/index.js.
[2026-08-04 07:34:44Z INFO HostContext] Well known directory 'Bin': 'D:\nodejs\ecommerce-backened\actions-runner\bin'
[2026-08-04 07:34:44Z INFO HostContext] Well known directory 'Root': 'D:\nodejs\ecommerce-backened\actions-runner'
[2026-08-04 07:34:44Z INFO HostContext] Well known directory 'Work': 'D:\nodejs\ecommerce-backened\actions-runner\_work'
[2026-08-04 07:34:44Z INFO HostContext] Well known directory 'Temp': 'D:\nodejs\ecommerce-backened\actions-runner\_work\_temp'
[2026-08-04 07:34:44Z INFO ExecutionContext] Write event payload to D:\nodejs\ecommerce-backened\actions-runner\_work\_temp\_github_workflow\event.json
[2026-08-04 07:34:44Z INFO HostContext] Well known directory 'Bin': 'D:\nodejs\ecommerce-backened\actions-runner\bin'
[2026-08-04 07:34:44Z INFO HostContext] Well known directory 'Root': 'D:\nodejs\ecommerce-backened\actions-runner'
[2026-08-04 07:34:44Z INFO HostContext] Well known directory 'Work': 'D:\nodejs\ecommerce-backened\actions-runner\_work'
[2026-08-04 07:34:44Z INFO HostContext] Well known directory 'Temp': 'D:\nodejs\ecommerce-backened\actions-runner\_work\_temp'
[2026-08-04 07:34:44Z INFO ExtensionManager] Getting extensions for interface: 'GitHub.Runner.Worker.IFileCommandExtension'
[2026-08-04 07:34:44Z INFO ActionManifestManagerLegacy] Input 'repository': default value evaluate result: {
  "type": 0,
  "file": 2,
  "line": 6,
  "col": 14,
  "lit": "CryptonFuture/Ecommerce_backened"
}
[2026-08-04 07:34:44Z INFO ActionManifestManagerLegacy] Input 'ref': default value evaluate result: ""
[2026-08-04 07:34:44Z INFO ActionManifestManagerLegacy] Input 'token': default value evaluate result: {
  "type": 0,
  "file": 2,
  "line": 24,
  "col": 14,
  "lit": "***"
}
[2026-08-04 07:34:44Z INFO ActionManifestManagerLegacy] Input 'ssh-key': default value evaluate result: ""
[2026-08-04 07:34:44Z INFO ActionManifestManagerLegacy] Input 'ssh-known-hosts': default value evaluate result: ""
[2026-08-04 07:34:44Z INFO ActionManifestManagerLegacy] Input 'ssh-strict': default value evaluate result: {
  "type": 0,
  "file": 2,
  "line": 47,
  "col": 14,
  "lit": "true"
}
[2026-08-04 07:34:44Z INFO ActionManifestManagerLegacy] Input 'ssh-user': default value evaluate result: {
  "type": 0,
  "file": 2,
  "line": 51,
  "col": 14,
  "lit": "git"
}
[2026-08-04 07:34:44Z INFO ActionManifestManagerLegacy] Input 'persist-credentials': default value evaluate result: {
  "type": 0,
  "file": 2,
  "line": 54,
  "col": 14,
  "lit": "true"
}
[2026-08-04 07:34:44Z INFO ActionManifestManagerLegacy] Input 'path': default value evaluate result: ""
[2026-08-04 07:34:44Z INFO ActionManifestManagerLegacy] Input 'clean': default value evaluate result: {
  "type": 0,
  "file": 2,
  "line": 59,
  "col": 14,
  "lit": "true"
}
[2026-08-04 07:34:44Z INFO ActionManifestManagerLegacy] Input 'filter': default value evaluate result: {
  "type": 0,
  "file": 2,
  "line": 64,
  "col": 14,
  "lit": ""
}
[2026-08-04 07:34:44Z INFO ActionManifestManagerLegacy] Input 'sparse-checkout': default value evaluate result: {
  "type": 0,
  "file": 2,
  "line": 69,
  "col": 14,
  "lit": ""
}
[2026-08-04 07:34:44Z INFO ActionManifestManagerLegacy] Input 'sparse-checkout-cone-mode': default value evaluate result: {
  "type": 0,
  "file": 2,
  "line": 73,
  "col": 14,
  "lit": "true"
}
[2026-08-04 07:34:44Z INFO ActionManifestManagerLegacy] Input 'fetch-depth': default value evaluate result: {
  "type": 0,
  "file": 2,
  "line": 76,
  "col": 14,
  "lit": "1"
}
[2026-08-04 07:34:44Z INFO ActionManifestManagerLegacy] Input 'fetch-tags': default value evaluate result: {
  "type": 0,
  "file": 2,
  "line": 79,
  "col": 14,
  "lit": "false"
}
[2026-08-04 07:34:44Z INFO ActionManifestManagerLegacy] Input 'show-progress': default value evaluate result: {
  "type": 0,
  "file": 2,
  "line": 82,
  "col": 14,
  "lit": "true"
}
[2026-08-04 07:34:44Z INFO ActionManifestManagerLegacy] Input 'lfs': default value evaluate result: {
  "type": 0,
  "file": 2,
  "line": 85,
  "col": 14,
  "lit": "false"
}
[2026-08-04 07:34:44Z INFO ActionManifestManagerLegacy] Input 'submodules': default value evaluate result: {
  "type": 0,
  "file": 2,
  "line": 94,
  "col": 14,
  "lit": "false"
}
[2026-08-04 07:34:44Z INFO ActionManifestManagerLegacy] Input 'set-safe-directory': default value evaluate result: {
  "type": 0,
  "file": 2,
  "line": 97,
  "col": 14,
  "lit": "true"
}
[2026-08-04 07:34:44Z INFO ActionManifestManagerLegacy] Input 'github-server-url': default value evaluate result: ""
[2026-08-04 07:34:44Z INFO ActionManifestManagerLegacy] Input 'allow-unsafe-pr-checkout': default value evaluate result: {
  "type": 0,
  "file": 2,
  "line": 109,
  "col": 14,
  "lit": "false"
}
[2026-08-04 07:34:44Z INFO ExtensionManager] Getting extensions for interface: 'GitHub.Runner.Worker.IActionCommandExtension'
[2026-08-04 07:34:44Z INFO ActionCommandManager] Register action command extension for command internal-set-repo-path
[2026-08-04 07:34:44Z INFO ActionCommandManager] Register action command extension for command set-env
[2026-08-04 07:34:44Z INFO ActionCommandManager] Register action command extension for command set-output
[2026-08-04 07:34:44Z INFO ActionCommandManager] Register action command extension for command save-state
[2026-08-04 07:34:44Z INFO ActionCommandManager] Register action command extension for command add-path
[2026-08-04 07:34:44Z INFO ActionCommandManager] Register action command extension for command add-mask
[2026-08-04 07:34:44Z INFO ActionCommandManager] Register action command extension for command add-matcher
[2026-08-04 07:34:44Z INFO ActionCommandManager] Register action command extension for command remove-matcher
[2026-08-04 07:34:44Z INFO ActionCommandManager] Register action command extension for command warning
[2026-08-04 07:34:44Z INFO ActionCommandManager] Register action command extension for command error
[2026-08-04 07:34:44Z INFO ActionCommandManager] Register action command extension for command notice
[2026-08-04 07:34:44Z INFO ActionCommandManager] Register action command extension for command debug
[2026-08-04 07:34:44Z INFO ActionCommandManager] Register action command extension for command group
[2026-08-04 07:34:44Z INFO ActionCommandManager] Register action command extension for command endgroup
[2026-08-04 07:34:44Z INFO ActionCommandManager] Register action command extension for command echo
[2026-08-04 07:34:44Z INFO HostContext] Well known directory 'Bin': 'D:\nodejs\ecommerce-backened\actions-runner\bin'
[2026-08-04 07:34:44Z INFO HostContext] Well known directory 'Root': 'D:\nodejs\ecommerce-backened\actions-runner'
[2026-08-04 07:34:44Z INFO HostContext] Well known directory 'Externals': 'D:\nodejs\ecommerce-backened\actions-runner\externals'
[2026-08-04 07:34:44Z INFO ProcessInvokerWrapper] Starting process:
[2026-08-04 07:34:44Z INFO ProcessInvokerWrapper]   File name: 'D:\nodejs\ecommerce-backened\actions-runner\externals\node24\bin\node.exe'
[2026-08-04 07:34:44Z INFO ProcessInvokerWrapper]   Arguments: '"D:\nodejs\ecommerce-backened\actions-runner\_work\_actions\actions\checkout\v4\dist/index.js"'
[2026-08-04 07:34:44Z INFO ProcessInvokerWrapper]   Working directory: 'D:\nodejs\ecommerce-backened\actions-runner\_work\Ecommerce_backened\Ecommerce_backened'
[2026-08-04 07:34:44Z INFO ProcessInvokerWrapper]   Require exit code zero: 'False'
[2026-08-04 07:34:44Z INFO ProcessInvokerWrapper]   Encoding web name: utf-8 ; code page: '65001'
[2026-08-04 07:34:44Z INFO ProcessInvokerWrapper]   Force kill process on cancellation: 'False'
[2026-08-04 07:34:44Z INFO ProcessInvokerWrapper]   Redirected STDIN: 'False'
[2026-08-04 07:34:44Z INFO ProcessInvokerWrapper]   Persist current code page: 'True'
[2026-08-04 07:34:44Z INFO ProcessInvokerWrapper]   Keep redirected STDIN open: 'False'
[2026-08-04 07:34:44Z INFO ProcessInvokerWrapper]   High priority process: 'False'
[2026-08-04 07:34:44Z INFO JobServerQueue] Try to upload 1 log files or attachments, success rate: 1/1.
[2026-08-04 07:34:44Z INFO ProcessInvokerWrapper] Process started with process id 1304, waiting for process exit.
[2026-08-04 07:34:45Z INFO JobServerQueue] Try to append 5 batches web console lines for record '72f44a27-21dc-4ba1-9bc6-d2c7a6d80672', success rate: 5/5.
[2026-08-04 07:34:45Z INFO JobServerQueue] Try to append 1 batches web console lines for record '1db9f59d-5e88-4f33-a70c-25aa2d2c5be7', success rate: 1/1.
[2026-08-04 07:34:45Z INFO JobServerQueue] Got a step log file to send to results service.
[2026-08-04 07:34:45Z INFO JobServerQueue] Starting upload of step log file to results service ResultsLog, D:\nodejs\ecommerce-backened\actions-runner\_diag\blocks\2351a782-52c3-402a-98d3-15f2ab202da6_72f44a27-21dc-4ba1-9bc6-d2c7a6d80672.1
[2026-08-04 07:34:45Z INFO AddMaskCommandExtension] Add new secret mask with length of 32
[2026-08-04 07:34:45Z INFO JobServerQueue] Try to append 1 batches web console lines for record '1db9f59d-5e88-4f33-a70c-25aa2d2c5be7', success rate: 1/1.
[2026-08-04 07:34:46Z INFO JobServerQueue] Try to append 1 batches web console lines for record '1db9f59d-5e88-4f33-a70c-25aa2d2c5be7', success rate: 1/1.
[2026-08-04 07:34:47Z INFO JobServerQueue] Tried to upload 1 file(s) to results, success rate: 1/1.
[2026-08-04 07:34:47Z INFO ProcessInvokerWrapper] STDOUT/STDERR stream read finished.
[2026-08-04 07:34:47Z INFO ProcessInvokerWrapper] STDOUT/STDERR stream read finished.
[2026-08-04 07:34:47Z INFO ProcessInvokerWrapper] Finished process 1304 with exit code 0, and elapsed time 00:00:03.0537191.
[2026-08-04 07:34:47Z INFO CreateStepSummaryCommand] Step Summary file (D:\nodejs\ecommerce-backened\actions-runner\_work\_temp\_runner_file_commands\step_summary_c9703c9b-30de-4bbd-8053-ec84e2839383) is empty; skipping attachment upload
[2026-08-04 07:34:47Z INFO StepsRunner] Step result: 
[2026-08-04 07:34:47Z INFO ExecutionContext] Publish step telemetry for current step {
  "action": "actions/checkout",
  "ref": "v4",
  "type": "node24",
  "stage": "Post",
  "stepId": "1db9f59d-5e88-4f33-a70c-25aa2d2c5be7",
  "result": "succeeded",
  "errorMessages": [
    "The process 'C:\\Program Files\\Git\\cmd\\git.exe' failed with exit code 128"
  ],
  "executionTimeInSeconds": 4,
  "startTime": "2026-08-04T07:34:44.6852788Z",
  "finishTime": "2026-08-04T07:34:47.9274216Z"
}.
[2026-08-04 07:34:47Z INFO StepsRunner] No need for updating job result with current step result 'Succeeded'.
[2026-08-04 07:34:47Z INFO StepsRunner] Current state: job state = 'Failed'
[2026-08-04 07:34:47Z INFO JobRunner] Finalize job.
[2026-08-04 07:34:47Z INFO HostContext] Well known directory 'Bin': 'D:\nodejs\ecommerce-backened\actions-runner\bin'
[2026-08-04 07:34:47Z INFO HostContext] Well known directory 'Root': 'D:\nodejs\ecommerce-backened\actions-runner'
[2026-08-04 07:34:47Z INFO HostContext] Well known directory 'Diag': 'D:\nodejs\ecommerce-backened\actions-runner\_diag'
[2026-08-04 07:34:47Z INFO HostContext] Well known directory 'Bin': 'D:\nodejs\ecommerce-backened\actions-runner\bin'
[2026-08-04 07:34:47Z INFO HostContext] Well known directory 'Root': 'D:\nodejs\ecommerce-backened\actions-runner'
[2026-08-04 07:34:47Z INFO HostContext] Well known directory 'Diag': 'D:\nodejs\ecommerce-backened\actions-runner\_diag'
[2026-08-04 07:34:47Z INFO JobExtension] Initialize Env context
[2026-08-04 07:34:47Z INFO JobExtension] Initialize steps context
[2026-08-04 07:34:47Z INFO JobExtension] Total accessible running process: 268.
[2026-08-04 07:34:47Z INFO JobExtension] Inspecting process environment variables. PID: 15308 (chrome)
[2026-08-04 07:34:48Z INFO JobExtension] Wait for all connectivity checks to finish.
[2026-08-04 07:34:48Z INFO JobExtension] Connectivity check result: {
  "endpointUrl": "https://broker.actions.githubusercontent.com/health",
  "endpointIPs": null,
  "startTime": "2026-08-04T07:32:19.0908042Z",
  "statusCode": "http_OK",
  "requestId": "35E3:37DA50:866DB0:883E58:6A719580",
  "httpRequestDurationInMs": 830,
  "dnsResolutionDurationInMs": 0,
  "dnsError": null
}
[2026-08-04 07:34:48Z INFO JobExtension] Connectivity check result: {
  "endpointUrl": "https://token.actions.githubusercontent.com/ready",
  "endpointIPs": null,
  "startTime": "2026-08-04T07:32:19.0935617Z",
  "statusCode": "http_NoContent",
  "requestId": "C33A:26CD48:6772BA:73AEC4:6A719580",
  "httpRequestDurationInMs": 723,
  "dnsResolutionDurationInMs": 0,
  "dnsError": null
}
[2026-08-04 07:34:48Z INFO JobExtension] Connectivity check result: {
  "endpointUrl": "https://run.actions.githubusercontent.com/health",
  "endpointIPs": null,
  "startTime": "2026-08-04T07:32:19.0941283Z",
  "statusCode": "http_OK",
  "requestId": "C336:331A73:8476B8:86432F:6A719580",
  "httpRequestDurationInMs": 786,
  "dnsResolutionDurationInMs": 0,
  "dnsError": null
}
[2026-08-04 07:34:48Z INFO JobExtension] Wait for all connectivity and DNS checks to finish.
[2026-08-04 07:34:48Z INFO JobExtension] Connectivity and DNS check result: {
  "endpointUrl": "https://github.com/_dns",
  "endpointIPs": [
    "20.207.73.82"
  ],
  "startTime": "2026-08-04T07:32:19.0947656Z",
  "statusCode": "http_OK",
  "requestId": null,
  "httpRequestDurationInMs": 294,
  "dnsResolutionDurationInMs": 4,
  "dnsError": null
}
[2026-08-04 07:34:48Z INFO JobExtension] Connectivity and DNS check result: {
  "endpointUrl": "https://api.github.com/_dns",
  "endpointIPs": [
    "20.207.73.85"
  ],
  "startTime": "2026-08-04T07:32:19.0960665Z",
  "statusCode": "http_OK",
  "requestId": null,
  "httpRequestDurationInMs": 299,
  "dnsResolutionDurationInMs": 60,
  "dnsError": null
}
[2026-08-04 07:34:48Z INFO JobExtension] Connectivity and DNS check result: {
  "endpointUrl": "https://codeload.github.com/_dns",
  "endpointIPs": [
    "20.207.73.88"
  ],
  "startTime": "2026-08-04T07:32:19.0972502Z",
  "statusCode": "http_OK",
  "requestId": "C338:23747C:6EAAE:81C1EE:6A719580",
  "httpRequestDurationInMs": 525,
  "dnsResolutionDurationInMs": 1,
  "dnsError": null
}
[2026-08-04 07:34:48Z INFO JobExtension] Connectivity and DNS check result: {
  "endpointUrl": "https://pkg.github.com/_dns",
  "endpointIPs": [
    "20.207.73.86"
  ],
  "startTime": "2026-08-04T07:32:19.0981058Z",
  "statusCode": "http_OK",
  "requestId": "35E7:3AC824:387253:AF579C:6A719580",
  "httpRequestDurationInMs": 523,
  "dnsResolutionDurationInMs": 123,
  "dnsError": null
}
[2026-08-04 07:34:48Z INFO JobExtension] Connectivity and DNS check result: {
  "endpointUrl": "https://copilot-proxy.githubusercontent.com/_dns",
  "endpointIPs": [
    "4.237.22.41"
  ],
  "startTime": "2026-08-04T07:32:19.0993657Z",
  "statusCode": "http_OK",
  "requestId": null,
  "httpRequestDurationInMs": 585,
  "dnsResolutionDurationInMs": 58,
  "dnsError": null
}
[2026-08-04 07:34:48Z INFO ExecutionContext] Publish step telemetry for current step {
  "action": "complete_job",
  "type": "runner",
  "stage": "Post",
  "stepId": "b5392411-fb1d-42f0-9af7-f587d7992ad9",
  "result": "succeeded",
  "errorMessages": [
    "Node.js 20 is deprecated. The following actions target Node.js 20 but are being forced to run on Node.js 24: actions/checkout@v4, actions/setup-node@v4. For more information see: https://github.blog/changelog/2025-09-19-deprecation-of-node-20-on-github-act"
  ],
  "executionTimeInSeconds": 1,
  "startTime": "2026-08-04T07:34:47.950096Z",
  "finishTime": "2026-08-04T07:34:48.0317233Z"
}.
[2026-08-04 07:34:48Z INFO JobRunner] Job result after all job steps finish: Failed
[2026-08-04 07:34:48Z INFO JobRunner] Completing the job execution context.
[2026-08-04 07:34:48Z INFO JobRunner] Shutting down the job server queue.
[2026-08-04 07:34:48Z INFO JobServerQueue] Fire signal to shutdown all queues.
[2026-08-04 07:34:48Z INFO JobServerQueue] All queue process task stopped.
[2026-08-04 07:34:48Z INFO JobServerQueue] Try to append 1 batches web console lines for record '1db9f59d-5e88-4f33-a70c-25aa2d2c5be7', success rate: 1/1.
[2026-08-04 07:34:48Z INFO JobServerQueue] Try to append 1 batches web console lines for record 'b5392411-fb1d-42f0-9af7-f587d7992ad9', success rate: 1/1.
[2026-08-04 07:34:48Z INFO JobServerQueue] Web console line queue drained.
[2026-08-04 07:34:48Z INFO JobServerQueue] Uploading 3 files in one shot.
[2026-08-04 07:34:48Z INFO JobServerQueue] Try to upload 3 log files or attachments, success rate: 3/3.
[2026-08-04 07:34:48Z INFO JobServerQueue] File upload queue drained.
[2026-08-04 07:34:48Z INFO JobServerQueue] Starting results-based upload queue...
[2026-08-04 07:34:48Z INFO JobServerQueue] Uploading 3 file(s) in one shot through results service.
[2026-08-04 07:34:48Z INFO JobServerQueue] Got a step log file to send to results service.
[2026-08-04 07:34:48Z INFO JobServerQueue] Starting upload of step log file to results service ResultsLog, D:\nodejs\ecommerce-backened\actions-runner\_diag\blocks\2351a782-52c3-402a-98d3-15f2ab202da6_1db9f59d-5e88-4f33-a70c-25aa2d2c5be7.1
[2026-08-04 07:34:49Z INFO JobServerQueue] Got a step log file to send to results service.
[2026-08-04 07:34:49Z INFO JobServerQueue] Starting upload of step log file to results service ResultsLog, D:\nodejs\ecommerce-backened\actions-runner\_diag\blocks\2351a782-52c3-402a-98d3-15f2ab202da6_b5392411-fb1d-42f0-9af7-f587d7992ad9.1
[2026-08-04 07:34:50Z INFO JobServerQueue] Got a job log file to send to results service.
[2026-08-04 07:34:50Z INFO JobServerQueue] Starting upload of job log file to results service ResultsLog, D:\nodejs\ecommerce-backened\actions-runner\_diag\blocks\2351a782-52c3-402a-98d3-15f2ab202da6_af7d0d80-1535-593f-b22b-d1fcb0a9c5d5.1
[2026-08-04 07:34:51Z INFO JobServerQueue] Tried to upload 3 file(s) to results, success rate: 3/3.
[2026-08-04 07:34:51Z INFO JobServerQueue] Results upload queue drained.
[2026-08-04 07:34:52Z INFO JobServerQueue] Timeline update queue drained.
[2026-08-04 07:34:52Z INFO JobServerQueue] Disposing job server ...
[2026-08-04 07:34:52Z INFO JobServerQueue] Disposing results server ...
[2026-08-04 07:34:52Z INFO JobServerQueue] All queue process tasks have been stopped, and all queues are drained.
[2026-08-04 07:34:52Z INFO TempDirectoryManager] Cleaning runner temp folder: D:\nodejs\ecommerce-backened\actions-runner\_work\_temp
[2026-08-04 07:34:52Z INFO HostContext] Well known directory 'Bin': 'D:\nodejs\ecommerce-backened\actions-runner\bin'
[2026-08-04 07:34:52Z INFO HostContext] Well known directory 'Root': 'D:\nodejs\ecommerce-backened\actions-runner'
[2026-08-04 07:34:52Z INFO HostContext] Well known directory 'Diag': 'D:\nodejs\ecommerce-backened\actions-runner\_diag'
[2026-08-04 07:34:52Z INFO HostContext] Well known config file 'Telemetry': 'D:\nodejs\ecommerce-backened\actions-runner\_diag\.telemetry'
[2026-08-04 07:34:52Z INFO JobRunner] Raising job completed against run service
[2026-08-04 07:34:53Z INFO Worker] Job completed.
