[2026-08-04 07:24:34Z INFO HostContext] No proxy settings were found based on environmental variables (http_proxy/https_proxy/HTTP_PROXY/HTTPS_PROXY)
[2026-08-04 07:24:34Z INFO HostContext] Well known directory 'Bin': 'D:\nodejs\ecommerce-backened\actions-runner\bin'
[2026-08-04 07:24:34Z INFO HostContext] Well known directory 'Root': 'D:\nodejs\ecommerce-backened\actions-runner'
[2026-08-04 07:24:34Z INFO HostContext] Well known config file 'Credentials': 'D:\nodejs\ecommerce-backened\actions-runner\.credentials'
[2026-08-04 07:24:35Z INFO HostContext] Well known directory 'Bin': 'D:\nodejs\ecommerce-backened\actions-runner\bin'
[2026-08-04 07:24:35Z INFO HostContext] Well known directory 'Root': 'D:\nodejs\ecommerce-backened\actions-runner'
[2026-08-04 07:24:35Z INFO HostContext] Well known config file 'Runner': 'D:\nodejs\ecommerce-backened\actions-runner\.runner'
[2026-08-04 07:24:35Z INFO Worker] Version: 2.336.0
[2026-08-04 07:24:35Z INFO Worker] Commit: 98aabcd429c4e8402406c56ce2d26387fed3b9ce
[2026-08-04 07:24:35Z INFO Worker] Culture: en-US
[2026-08-04 07:24:35Z INFO Worker] UI Culture: en-US
[2026-08-04 07:24:35Z INFO Worker] Waiting to receive the job message from the channel.
[2026-08-04 07:24:35Z INFO ProcessChannel] Receiving message of length 24636, with hash '3a73e9955457a79097f2cd56f30071697a2a762371731206e6f07240d93018da'
[2026-08-04 07:24:35Z INFO Worker] Message received.
[2026-08-04 07:24:35Z INFO Worker] Job message:
 {
  "fileTable": [
    ".github/workflows/ci-cd.yml"
  ],
  "mask": [
    {
      "type": "regex",
      "value": "***"
    },
    {
      "type": "regex",
      "value": "***"
    },
    {
      "type": "regex",
      "value": "***"
    },
    {
      "type": "regex",
      "value": "***"
    },
    {
      "type": "regex",
      "value": "***"
    },
    {
      "type": "regex",
      "value": "***"
    },
    {
      "type": "regex",
      "value": "***"
    },
    {
      "type": "regex",
      "value": "***"
    },
    {
      "type": "regex",
      "value": "***"
    },
    {
      "type": "regex",
      "value": "***"
    },
    {
      "type": "regex",
      "value": "***"
    },
    {
      "type": "regex",
      "value": "***"
    },
    {
      "type": "regex",
      "value": "***"
    },
    {
      "type": "regex",
      "value": "***"
    },
    {
      "type": "regex",
      "value": "***"
    },
    {
      "type": "regex",
      "value": "***"
    },
    {
      "type": "regex",
      "value": "***"
    },
    {
      "type": "regex",
      "value": "***"
    },
    {
      "type": "regex",
      "value": "***"
    },
    {
      "type": "regex",
      "value": "***"
    },
    {
      "type": "regex",
      "value": "***"
    },
    {
      "type": "regex",
      "value": "***"
    },
    {
      "type": "regex",
      "value": "***"
    }
  ],
  "steps": [
    {
      "type": "action",
      "reference": {
        "type": "repository",
        "name": "actions/checkout",
        "ref": "v4",
        "repositoryType": "GitHub"
      },
      "displayNameToken": {
        "type": 0,
        "file": 1,
        "line": 13,
        "col": 15,
        "lit": "Checkout Code"
      },
      "contextName": "__actions_checkout",
      "condition": "success()",
      "id": "98b76d8d-eadb-4a2e-ae1d-3b95c5257ea8",
      "name": "__actions_checkout"
    },
    {
      "type": "action",
      "reference": {
        "type": "repository",
        "name": "actions/setup-node",
        "ref": "v4",
        "repositoryType": "GitHub"
      },
      "displayNameToken": {
        "type": 0,
        "file": 1,
        "line": 16,
        "col": 15,
        "lit": "Setup Node.js"
      },
      "contextName": "__actions_setup-node",
      "inputs": {
        "type": 2,
        "file": 1,
        "line": 19,
        "col": 11,
        "map": [
          {
            "key": {
              "type": 0,
              "file": 1,
              "line": 19,
              "col": 11,
              "lit": "node-version"
            },
            "value": {
              "type": 0,
              "file": 1,
              "line": 19,
              "col": 25,
              "lit": "22"
            }
          }
        ]
      },
      "condition": "success()",
      "id": "6e9e0498-a835-4424-b142-147b66b84d1e",
      "name": "__actions_setup-node"
    },
    {
      "type": "action",
      "reference": {
        "type": "script"
      },
      "displayNameToken": {
        "type": 0,
        "file": 1,
        "line": 21,
        "col": 15,
        "lit": "Install Packages"
      },
      "contextName": "__run",
      "inputs": {
        "type": 2,
        "map": [
          {
            "key": "script",
            "value": {
              "type": 0,
              "file": 1,
              "line": 23,
              "col": 14,
              "lit": "npm install"
            }
          },
          {
            "key": "shell",
            "value": {
              "type": 0,
              "file": 1,
              "line": 22,
              "col": 16,
              "lit": "cmd"
            }
          }
        ]
      },
      "condition": "success()",
      "id": "ddcaeda9-fc65-479c-a2c6-54e391abff24",
      "name": "__run"
    },
    {
      "type": "action",
      "reference": {
        "type": "script"
      },
      "displayNameToken": {
        "type": 0,
        "file": 1,
        "line": 25,
        "col": 15,
        "lit": "Run Tests"
      },
      "contextName": "__run_2",
      "inputs": {
        "type": 2,
        "map": [
          {
            "key": "script",
            "value": {
              "type": 0,
              "file": 1,
              "line": 26,
              "col": 14,
              "lit": "npm test"
            }
          }
        ]
      },
      "condition": "success()",
      "id": "45addc45-908b-4c9a-ae25-738e0c434719",
      "name": "__run_2"
    },
    {
      "type": "action",
      "reference": {
        "type": "script"
      },
      "displayNameToken": {
        "type": 0,
        "file": 1,
        "line": 28,
        "col": 15,
        "lit": "Stop Containers"
      },
      "contextName": "__run_3",
      "inputs": {
        "type": 2,
        "map": [
          {
            "key": "script",
            "value": {
              "type": 0,
              "file": 1,
              "line": 29,
              "col": 14,
              "lit": "docker compose down"
            }
          }
        ]
      },
      "condition": "success()",
      "id": "43f8ba8a-0949-4cbf-be2a-595dfa0724a8",
      "name": "__run_3"
    },
    {
      "type": "action",
      "reference": {
        "type": "script"
      },
      "displayNameToken": {
        "type": 0,
        "file": 1,
        "line": 31,
        "col": 15,
        "lit": "Build & Start Containers"
      },
      "contextName": "__run_4",
      "inputs": {
        "type": 2,
        "map": [
          {
            "key": "script",
            "value": {
              "type": 0,
              "file": 1,
              "line": 32,
              "col": 14,
              "lit": "docker compose up -d --build"
            }
          }
        ]
      },
      "condition": "success()",
      "id": "785f2a8c-0a83-4515-b0c2-78a64d20688e",
      "name": "__run_4"
    },
    {
      "type": "action",
      "reference": {
        "type": "script"
      },
      "displayNameToken": {
        "type": 0,
        "file": 1,
        "line": 34,
        "col": 15,
        "lit": "Remove Unused Images"
      },
      "contextName": "__run_5",
      "inputs": {
        "type": 2,
        "map": [
          {
            "key": "script",
            "value": {
              "type": 0,
              "file": 1,
              "line": 35,
              "col": 14,
              "lit": "docker image prune -f"
            }
          }
        ]
      },
      "condition": "success()",
      "id": "73e13bb0-49fd-4427-a29d-da5975a969c9",
      "name": "__run_5"
    }
  ],
  "variables": {
    "Actions.EnableHttpRedirects": {
      "value": "true"
    },
    "DistributedTask.AddWarningToNode12Action": {
      "value": "true"
    },
    "DistributedTask.AddWarningToNode16Action": {
      "value": "true"
    },
    "DistributedTask.AllowRunnerContainerHooks": {
      "value": "true"
    },
    "DistributedTask.DeprecateStepOutputCommands": {
      "value": "true"
    },
    "DistributedTask.DetailUntarFailure": {
      "value": "true"
    },
    "DistributedTask.EnableCompositeActions": {
      "value": "true"
    },
    "DistributedTask.EnableJobServerQueueTelemetry": {
      "value": "true"
    },
    "DistributedTask.EnhancedAnnotations": {
      "value": "true"
    },
    "DistributedTask.ForceGithubJavascriptActionsToNode16": {
      "value": "true"
    },
    "DistributedTask.ForceGithubJavascriptActionsToNode20": {
      "value": "true"
    },
    "DistributedTask.LogTemplateErrorsAsDebugMessages": {
      "value": "true"
    },
    "DistributedTask.MarkJobAsFailedOnWorkerCrash": {
      "value": "true"
    },
    "DistributedTask.NewActionMetadata": {
      "value": "true"
    },
    "DistributedTask.UploadStepSummary": {
      "value": "true"
    },
    "DistributedTask.UseActionArchiveCache": {
      "value": "true"
    },
    "DistributedTask.UseWhich2": {
      "value": "true"
    },
    "RunService.FixEmbeddedIssues": {
      "value": "true"
    },
    "actions.runner.requirenode24": {
      "value": "false"
    },
    "actions.runner.usenode24bydefault": {
      "value": "true"
    },
    "actions.runner.warnonnode20": {
      "value": "true"
    },
    "actions_add_check_run_id_to_job_context": {
      "value": "true"
    },
    "actions_batch_action_resolution": {
      "value": "false"
    },
    "actions_container_action_runner_temp": {
      "value": "true"
    },
    "actions_display_helpful_actions_download_errors": {
      "value": "true"
    },
    "actions_runner_allow_artifacts_file": {
      "value": "false"
    },
    "actions_runner_compare_workflow_parser": {
      "value": "false"
    },
    "actions_runner_deprecate_linux_arm32": {
      "value": "true"
    },
    "actions_runner_emit_composite_markers": {
      "value": "true"
    },
    "actions_runner_kill_linux_arm32": {
      "value": "false"
    },
    "actions_runner_node20_removal_date": {
      "value": ""
    },
    "actions_runner_node24_default_date": {
      "value": "June 16th, 2026"
    },
    "actions_self_repository": {
      "value": "true"
    },
    "actions_service_container_command": {
      "value": "true"
    },
    "actions_set_orchestration_id_env_for_actions": {
      "value": "true"
    },
    "actions_skip_retry_complete_job_upon_known_errors": {
      "value": "true"
    },
    "actions_snapshot_preflight_hosted_runner_check": {
      "value": "false"
    },
    "actions_snapshot_preflight_image_gen_pool_check": {
      "value": "false"
    },
    "actions_use_bearer_token_for_codeload": {
      "value": "false"
    },
    "actions_uses_cache_service_v2": {
      "value": "true"
    },
    "github_token": {
      "value": "***",
      "isSecret": true
    },
    "system.from_run_service": {
      "value": "true"
    },
    "system.github.job": {
      "value": "deploy"
    },
    "system.github.launch_endpoint": {
      "value": "https://launch.actions.githubusercontent.com"
    },
    "system.github.results_endpoint": {
      "value": "https://results-receiver.actions.githubusercontent.com/"
    },
    "system.github.results_upload_with_sdk": {
      "value": "true"
    },
    "system.github.token": {
      "value": "***",
      "isSecret": true
    },
    "system.github.token.permissions": {
      "value": "{\"Contents\":\"read\",\"Metadata\":\"read\",\"Packages\":\"read\"}"
    },
    "system.orchestrationId": {
      "value": "186fa9f1-4d4d-4fcc-bfd5-d61d3540db88.deploy.__default"
    },
    "system.phaseDisplayName": {
      "value": "deploy"
    },
    "system.runner.lowdiskspacethreshold": {
      "value": "100"
    },
    "system.runnerEnvironment": {
      "value": "self-hosted"
    },
    "system.runnerGroupName": {
      "value": "Default"
    }
  },
  "messageType": "RunnerJobRequest",
  "plan": {
    "scopeIdentifier": "00000000-0000-0000-0000-000000000000",
    "planType": "actions",
    "version": 0,
    "planId": "186fa9f1-4d4d-4fcc-bfd5-d61d3540db88",
    "planGroup": null,
    "artifactUri": null,
    "artifactLocation": null,
    "definition": null,
    "owner": null
  },
  "timeline": {
    "id": "186fa9f1-4d4d-4fcc-bfd5-d61d3540db88",
    "changeId": 0,
    "location": null
  },
  "jobId": "45500536-fb47-5e58-b3f6-b91e77911f8e",
  "jobDisplayName": "deploy",
  "jobName": "__default",
  "requestId": 0,
  "lockedUntil": "0001-01-01T00:00:00",
  "resources": {
    "endpoints": [
      {
        "data": {
          "ServerId": "",
          "ServerName": "",
          "CacheServerUrl": "https://artifactcache.actions.githubusercontent.com/ztMjL2zLeApI83S06VKPI3awLebW6ZlTrMGD6fRRrWDwGL4jkD/",
          "FeedStreamUrl": "wss://results-receiver.actions.githubusercontent.com/_ws/ingest.sock",
          "ResultsServiceUrl": "https://results-receiver.actions.githubusercontent.com/",
          "PipelinesServiceUrl": "https://pipelinesghubeus7.actions.githubusercontent.com/ztMjL2zLeApI83S06VKPI3awLebW6ZlTrMGD6fRRrWDwGL4jkD/",
          "GenerateIdTokenUrl": "",
          "ConnectivityChecks": "[\"https://broker.actions.githubusercontent.com/health\",\"https://token.actions.githubusercontent.com/ready\",\"https://run.actions.githubusercontent.com/health\"]",
          "ConnectivityAndDNSChecks": ""
        },
        "name": "SystemVssConnection",
        "url": "https://run-actions-1-azure-eastus.actions.githubusercontent.com/75/",
        "authorization": {
          "parameters": {
            "AccessToken": "***"
          },
          "scheme": "OAuth"
        },
        "isShared": false,
        "isReady": true
      }
    ]
  },
  "contextData": {
    "github": {
      "t": 2,
      "d": [
        {
          "k": "ref",
          "v": "refs/heads/staging"
        },
        {
          "k": "sha",
          "v": "93015da182db855994077c425ba10e733557504f"
        },
        {
          "k": "repository",
          "v": "CryptonFuture/Ecommerce_backened"
        },
        {
          "k": "repository_owner",
          "v": "CryptonFuture"
        },
        {
          "k": "repository_owner_id",
          "v": "86903729"
        },
        {
          "k": "repositoryUrl",
          "v": "git://github.com/CryptonFuture/Ecommerce_backened.git"
        },
        {
          "k": "run_id",
          "v": "30887680983"
        },
        {
          "k": "run_number",
          "v": "4"
        },
        {
          "k": "retention_days",
          "v": "90"
        },
        {
          "k": "run_attempt",
          "v": "1"
        },
        {
          "k": "artifact_cache_size_limit",
          "v": "10"
        },
        {
          "k": "repository_visibility",
          "v": "public"
        },
        {
          "k": "actor_id",
          "v": "86903729"
        },
        {
          "k": "actor",
          "v": "CryptonFuture"
        },
        {
          "k": "workflow",
          "v": "Node CI/CD Local"
        },
        {
          "k": "head_ref",
          "v": ""
        },
        {
          "k": "base_ref",
          "v": ""
        },
        {
          "k": "event_name",
          "v": "push"
        },
        {
          "k": "server_url",
          "v": "https://github.com"
        },
        {
          "k": "api_url",
          "v": "https://api.github.com"
        },
        {
          "k": "graphql_url",
          "v": "https://api.github.com/graphql"
        },
        {
          "k": "ref_name",
          "v": "staging"
        },
        {
          "k": "ref_protected",
          "v": false
        },
        {
          "k": "ref_type",
          "v": "branch"
        },
        {
          "k": "secret_source",
          "v": "Actions"
        },
        {
          "k": "event",
          "v": {
            "t": 2,
            "d": [
              {
                "k": "after",
                "v": "93015da182db855994077c425ba10e733557504f"
              },
              {
                "k": "base_ref",
                "v": null
              },
              {
                "k": "before",
                "v": "55ee0477e4e0f587ccc41aa39a4e928e073af86f"
              },
              {
                "k": "commits",
                "v": {
                  "t": 1,
                  "a": [
                    {
                      "t": 2,
                      "d": [
                        {
                          "k": "author",
                          "v": {
                            "t": 2,
                            "d": [
                              {
                                "k": "email",
                                "v": "86903729+CryptonFuture@users.noreply.github.com"
                              },
                              {
                                "k": "name",
                                "v": "CryptonFuture"
                              },
                              {
                                "k": "username",
                                "v": "CryptonFuture"
                              }
                            ]
                          }
                        },
                        {
                          "k": "committer",
                          "v": {
                            "t": 2,
                            "d": [
                              {
                                "k": "email",
                                "v": "86903729+CryptonFuture@users.noreply.github.com"
                              },
                              {
                                "k": "name",
                                "v": "CryptonFuture"
                              },
                              {
                                "k": "username",
                                "v": "CryptonFuture"
                              }
                            ]
                          }
                        },
                        {
                          "k": "distinct",
                          "v": true
                        },
                        {
                          "k": "id",
                          "v": "93015da182db855994077c425ba10e733557504f"
                        },
                        {
                          "k": "message",
                          "v": "actions"
                        },
                        {
                          "k": "timestamp",
                          "v": "2026-08-04T12:24:15+05:00"
                        },
                        {
                          "k": "tree_id",
                          "v": "6145fa5c52c9d07cbb169a5edf6b72475fe58e59"
                        },
                        {
                          "k": "url",
                          "v": "https://github.com/CryptonFuture/Ecommerce_backened/commit/93015da182db855994077c425ba10e733557504f"
                        }
                      ]
                    }
                  ]
                }
              },
              {
                "k": "compare",
                "v": "https://github.com/CryptonFuture/Ecommerce_backened/compare/55ee0477e4e0...93015da182db"
              },
              {
                "k": "created",
                "v": false
              },
              {
                "k": "deleted",
                "v": false
              },
              {
                "k": "forced",
                "v": false
              },
              {
                "k": "head_commit",
                "v": {
                  "t": 2,
                  "d": [
                    {
                      "k": "author",
                      "v": {
                        "t": 2,
                        "d": [
                          {
                            "k": "email",
                            "v": "86903729+CryptonFuture@users.noreply.github.com"
                          },
                          {
                            "k": "name",
                            "v": "CryptonFuture"
                          },
                          {
                            "k": "username",
                            "v": "CryptonFuture"
                          }
                        ]
                      }
                    },
                    {
                      "k": "committer",
                      "v": {
                        "t": 2,
                        "d": [
                          {
                            "k": "email",
                            "v": "86903729+CryptonFuture@users.noreply.github.com"
                          },
                          {
                            "k": "name",
                            "v": "CryptonFuture"
                          },
                          {
                            "k": "username",
                            "v": "CryptonFuture"
                          }
                        ]
                      }
                    },
                    {
                      "k": "distinct",
                      "v": true
                    },
                    {
                      "k": "id",
                      "v": "93015da182db855994077c425ba10e733557504f"
                    },
                    {
                      "k": "message",
                      "v": "actions"
                    },
                    {
                      "k": "timestamp",
                      "v": "2026-08-04T12:24:15+05:00"
                    },
                    {
                      "k": "tree_id",
                      "v": "6145fa5c52c9d07cbb169a5edf6b72475fe58e59"
                    },
                    {
                      "k": "url",
                      "v": "https://github.com/CryptonFuture/Ecommerce_backened/commit/93015da182db855994077c425ba10e733557504f"
                    }
                  ]
                }
              },
              {
                "k": "pusher",
                "v": {
                  "t": 2,
                  "d": [
                    {
                      "k": "email",
                      "v": "86903729+CryptonFuture@users.noreply.github.com"
                    },
                    {
                      "k": "name",
                      "v": "CryptonFuture"
                    }
                  ]
                }
              },
              {
                "k": "ref",
                "v": "refs/heads/staging"
              },
              {
                "k": "repository",
                "v": {
                  "t": 2,
                  "d": [
                    {
                      "k": "allow_forking",
                      "v": true
                    },
                    {
                      "k": "archive_url",
                      "v": "https://api.github.com/repos/CryptonFuture/Ecommerce_backened/{archive_format}{/ref}"
                    },
                    {
                      "k": "archived",
                      "v": false
                    },
                    {
                      "k": "assignees_url",
                      "v": "https://api.github.com/repos/CryptonFuture/Ecommerce_backened/assignees{/user}"
                    },
                    {
                      "k": "blobs_url",
                      "v": "https://api.github.com/repos/CryptonFuture/Ecommerce_backened/git/blobs{/sha}"
                    },
                    {
                      "k": "branches_url",
                      "v": "https://api.github.com/repos/CryptonFuture/Ecommerce_backened/branches{/branch}"
                    },
                    {
                      "k": "clone_url",
                      "v": "https://github.com/CryptonFuture/Ecommerce_backened.git"
                    },
                    {
                      "k": "collaborators_url",
                      "v": "https://api.github.com/repos/CryptonFuture/Ecommerce_backened/collaborators{/collaborator}"
                    },
                    {
                      "k": "comments_url",
                      "v": "https://api.github.com/repos/CryptonFuture/Ecommerce_backened/comments{/number}"
                    },
                    {
                      "k": "commits_url",
                      "v": "https://api.github.com/repos/CryptonFuture/Ecommerce_backened/commits{/sha}"
                    },
                    {
                      "k": "compare_url",
                      "v": "https://api.github.com/repos/CryptonFuture/Ecommerce_backened/compare/{base}...{head}"
                    },
                    {
                      "k": "contents_url",
                      "v": "https://api.github.com/repos/CryptonFuture/Ecommerce_backened/contents/{+path}"
                    },
                    {
                      "k": "contributors_url",
                      "v": "https://api.github.com/repos/CryptonFuture/Ecommerce_backened/contributors"
                    },
                    {
                      "k": "created_at",
                      "v": 1785823057.0
                    },
                    {
                      "k": "default_branch",
                      "v": "main"
                    },
                    {
                      "k": "deployments_url",
                      "v": "https://api.github.com/repos/CryptonFuture/Ecommerce_backened/deployments"
                    },
                    {
                      "k": "description",
                      "v": null
                    },
                    {
                      "k": "disabled",
                      "v": false
                    },
                    {
                      "k": "downloads_url",
                      "v": "https://api.github.com/repos/CryptonFuture/Ecommerce_backened/downloads"
                    },
                    {
                      "k": "events_url",
                      "v": "https://api.github.com/repos/CryptonFuture/Ecommerce_backened/events"
                    },
                    {
                      "k": "fork",
                      "v": false
                    },
                    {
                      "k": "forks",
                      "v": 0.0
                    },
                    {
                      "k": "forks_count",
                      "v": 0.0
                    },
                    {
                      "k": "forks_url",
                      "v": "https://api.github.com/repos/CryptonFuture/Ecommerce_backened/forks"
                    },
                    {
                      "k": "full_name",
                      "v": "CryptonFuture/Ecommerce_backened"
                    },
                    {
                      "k": "git_commits_url",
                      "v": "https://api.github.com/repos/CryptonFuture/Ecommerce_backened/git/commits{/sha}"
                    },
                    {
                      "k": "git_refs_url",
                      "v": "https://api.github.com/repos/CryptonFuture/Ecommerce_backened/git/refs{/sha}"
                    },
                    {
                      "k": "git_tags_url",
                      "v": "https://api.github.com/repos/CryptonFuture/Ecommerce_backened/git/tags{/sha}"
                    },
                    {
                      "k": "git_url",
                      "v": "git://github.com/CryptonFuture/Ecommerce_backened.git"
                    },
                    {
                      "k": "has_discussions",
                      "v": false
                    },
                    {
                      "k": "has_downloads",
                      "v": true
                    },
                    {
                      "k": "has_issues",
                      "v": true
                    },
                    {
                      "k": "has_pages",
                      "v": false
                    },
                    {
                      "k": "has_projects",
                      "v": true
                    },
                    {
                      "k": "has_pull_requests",
                      "v": true
                    },
                    {
                      "k": "has_wiki",
                      "v": true
                    },
                    {
                      "k": "homepage",
                      "v": null
                    },
                    {
                      "k": "hooks_url",
                      "v": "https://api.github.com/repos/CryptonFuture/Ecommerce_backened/hooks"
                    },
                    {
                      "k": "html_url",
                      "v": "https://github.com/CryptonFuture/Ecommerce_backened"
                    },
                    {
                      "k": "id",
                      "v": 1322572422.0
                    },
                    {
                      "k": "is_template",
                      "v": false
                    },
                    {
                      "k": "issue_comment_url",
                      "v": "https://api.github.com/repos/CryptonFuture/Ecommerce_backened/issues/comments{/number}"
                    },
                    {
                      "k": "issue_events_url",
                      "v": "https://api.github.com/repos/CryptonFuture/Ecommerce_backened/issues/events{/number}"
                    },
                    {
                      "k": "issues_url",
                      "v": "https://api.github.com/repos/CryptonFuture/Ecommerce_backened/issues{/number}"
                    },
                    {
                      "k": "keys_url",
                      "v": "https://api.github.com/repos/CryptonFuture/Ecommerce_backened/keys{/key_id}"
                    },
                    {
                      "k": "labels_url",
                      "v": "https://api.github.com/repos/CryptonFuture/Ecommerce_backened/labels{/name}"
                    },
                    {
                      "k": "language",
                      "v": "JavaScript"
                    },
                    {
                      "k": "languages_url",
                      "v": "https://api.github.com/repos/CryptonFuture/Ecommerce_backened/languages"
                    },
                    {
                      "k": "license",
                      "v": null
                    },
                    {
                      "k": "master_branch",
                      "v": "main"
                    },
                    {
                      "k": "merges_url",
                      "v": "https://api.github.com/repos/CryptonFuture/Ecommerce_backened/merges"
                    },
                    {
                      "k": "milestones_url",
                      "v": "https://api.github.com/repos/CryptonFuture/Ecommerce_backened/milestones{/number}"
                    },
                    {
                      "k": "mirror_url",
                      "v": null
                    },
                    {
                      "k": "name",
                      "v": "Ecommerce_backened"
                    },
                    {
                      "k": "node_id",
                      "v": "R_kgDOTtTahg"
                    },
                    {
                      "k": "notifications_url",
                      "v": "https://api.github.com/repos/CryptonFuture/Ecommerce_backened/notifications{?since,all,participating}"
                    },
                    {
                      "k": "open_issues",
                      "v": 0.0
                    },
                    {
                      "k": "open_issues_count",
                      "v": 0.0
                    },
                    {
                      "k": "owner",
                      "v": {
                        "t": 2,
                        "d": [
                          {
                            "k": "avatar_url",
                            "v": "https://avatars.githubusercontent.com/u/86903729?v=4"
                          },
                          {
                            "k": "email",
                            "v": "86903729+CryptonFuture@users.noreply.github.com"
                          },
                          {
                            "k": "events_url",
                            "v": "https://api.github.com/users/CryptonFuture/events{/privacy}"
                          },
                          {
                            "k": "followers_url",
                            "v": "https://api.github.com/users/CryptonFuture/followers"
                          },
                          {
                            "k": "following_url",
                            "v": "https://api.github.com/users/CryptonFuture/following{/other_user}"
                          },
                          {
                            "k": "gists_url",
                            "v": "https://api.github.com/users/CryptonFuture/gists{/gist_id}"
                          },
                          {
                            "k": "gravatar_id",
                            "v": ""
                          },
                          {
                            "k": "html_url",
                            "v": "https://github.com/CryptonFuture"
                          },
                          {
                            "k": "id",
                            "v": 86903729.0
                          },
                          {
                            "k": "login",
                            "v": "CryptonFuture"
                          },
                          {
                            "k": "name",
                            "v": "CryptonFuture"
                          },
                          {
                            "k": "node_id",
                            "v": "MDQ6VXNlcjg2OTAzNzI5"
                          },
                          {
                            "k": "organizations_url",
                            "v": "https://api.github.com/users/CryptonFuture/orgs"
                          },
                          {
                            "k": "received_events_url",
                            "v": "https://api.github.com/users/CryptonFuture/received_events"
                          },
                          {
                            "k": "repos_url",
                            "v": "https://api.github.com/users/CryptonFuture/repos"
                          },
                          {
                            "k": "site_admin",
                            "v": false
                          },
                          {
                            "k": "starred_url",
                            "v": "https://api.github.com/users/CryptonFuture/starred{/owner}{/repo}"
                          },
                          {
                            "k": "subscriptions_url",
                            "v": "https://api.github.com/users/CryptonFuture/subscriptions"
                          },
                          {
                            "k": "type",
                            "v": "User"
                          },
                          {
                            "k": "url",
                            "v": "https://api.github.com/users/CryptonFuture"
                          },
                          {
                            "k": "user_view_type",
                            "v": "public"
                          }
                        ]
                      }
                    },
                    {
                      "k": "private",
                      "v": false
                    },
                    {
                      "k": "pull_request_creation_policy",
                      "v": "all"
                    },
                    {
                      "k": "pulls_url",
                      "v": "https://api.github.com/repos/CryptonFuture/Ecommerce_backened/pulls{/number}"
                    },
                    {
                      "k": "pushed_at",
                      "v": 1785828260.0
                    },
                    {
                      "k": "releases_url",
                      "v": "https://api.github.com/repos/CryptonFuture/Ecommerce_backened/releases{/id}"
                    },
                    {
                      "k": "size",
                      "v": 183235.0
                    },
                    {
                      "k": "ssh_url",
                      "v": "git@github.com:CryptonFuture/Ecommerce_backened.git"
                    },
                    {
                      "k": "stargazers",
                      "v": 0.0
                    },
                    {
                      "k": "stargazers_count",
                      "v": 0.0
                    },
                    {
                      "k": "stargazers_url",
                      "v": "https://api.github.com/repos/CryptonFuture/Ecommerce_backened/stargazers"
                    },
                    {
                      "k": "statuses_url",
                      "v": "https://api.github.com/repos/CryptonFuture/Ecommerce_backened/statuses/{sha}"
                    },
                    {
                      "k": "subscribers_url",
                      "v": "https://api.github.com/repos/CryptonFuture/Ecommerce_backened/subscribers"
                    },
                    {
                      "k": "subscription_url",
                      "v": "https://api.github.com/repos/CryptonFuture/Ecommerce_backened/subscription"
                    },
                    {
                      "k": "svn_url",
                      "v": "https://github.com/CryptonFuture/Ecommerce_backened"
                    },
                    {
                      "k": "tags_url",
                      "v": "https://api.github.com/repos/CryptonFuture/Ecommerce_backened/tags"
                    },
                    {
                      "k": "teams_url",
                      "v": "https://api.github.com/repos/CryptonFuture/Ecommerce_backened/teams"
                    },
                    {
                      "k": "topics",
                      "v": {
                        "t": 1
                      }
                    },
                    {
                      "k": "trees_url",
                      "v": "https://api.github.com/repos/CryptonFuture/Ecommerce_backened/git/trees{/sha}"
                    },
                    {
                      "k": "updated_at",
                      "v": "2026-08-04T06:51:18Z"
                    },
                    {
                      "k": "url",
                      "v": "https://api.github.com/repos/CryptonFuture/Ecommerce_backened"
                    },
                    {
                      "k": "visibility",
                      "v": "public"
                    },
                    {
                      "k": "watchers",
                      "v": 0.0
                    },
                    {
                      "k": "watchers_count",
                      "v": 0.0
                    },
                    {
                      "k": "web_commit_signoff_required",
                      "v": false
                    }
                  ]
                }
              },
              {
                "k": "sender",
                "v": {
                  "t": 2,
                  "d": [
                    {
                      "k": "avatar_url",
                      "v": "https://avatars.githubusercontent.com/u/86903729?v=4"
                    },
                    {
                      "k": "events_url",
                      "v": "https://api.github.com/users/CryptonFuture/events{/privacy}"
                    },
                    {
                      "k": "followers_url",
                      "v": "https://api.github.com/users/CryptonFuture/followers"
                    },
                    {
                      "k": "following_url",
                      "v": "https://api.github.com/users/CryptonFuture/following{/other_user}"
                    },
                    {
                      "k": "gists_url",
                      "v": "https://api.github.com/users/CryptonFuture/gists{/gist_id}"
                    },
                    {
                      "k": "gravatar_id",
                      "v": ""
                    },
                    {
                      "k": "html_url",
                      "v": "https://github.com/CryptonFuture"
                    },
                    {
                      "k": "id",
                      "v": 86903729.0
                    },
                    {
                      "k": "login",
                      "v": "CryptonFuture"
                    },
                    {
                      "k": "node_id",
                      "v": "MDQ6VXNlcjg2OTAzNzI5"
                    },
                    {
                      "k": "organizations_url",
                      "v": "https://api.github.com/users/CryptonFuture/orgs"
                    },
                    {
                      "k": "received_events_url",
                      "v": "https://api.github.com/users/CryptonFuture/received_events"
                    },
                    {
                      "k": "repos_url",
                      "v": "https://api.github.com/users/CryptonFuture/repos"
                    },
                    {
                      "k": "site_admin",
                      "v": false
                    },
                    {
                      "k": "starred_url",
                      "v": "https://api.github.com/users/CryptonFuture/starred{/owner}{/repo}"
                    },
                    {
                      "k": "subscriptions_url",
                      "v": "https://api.github.com/users/CryptonFuture/subscriptions"
                    },
                    {
                      "k": "type",
                      "v": "User"
                    },
                    {
                      "k": "url",
                      "v": "https://api.github.com/users/CryptonFuture"
                    },
                    {
                      "k": "user_view_type",
                      "v": "public"
                    }
                  ]
                }
              }
            ]
          }
        },
        {
          "k": "workflow_ref",
          "v": "CryptonFuture/Ecommerce_backened/.github/workflows/ci-cd.yml@refs/heads/staging"
        },
        {
          "k": "workflow_sha",
          "v": "93015da182db855994077c425ba10e733557504f"
        },
        {
          "k": "repository_id",
          "v": "1322572422"
        },
        {
          "k": "triggering_actor",
          "v": "CryptonFuture"
        }
      ]
    },
    "inputs": {
      "t": 2
    },
    "job": {
      "t": 2,
      "d": [
        {
          "k": "check_run_id",
          "v": 91922403285.0
        },
        {
          "k": "workflow_ref",
          "v": "CryptonFuture/Ecommerce_backened/.github/workflows/ci-cd.yml@refs/heads/staging"
        },
        {
          "k": "workflow_sha",
          "v": "93015da182db855994077c425ba10e733557504f"
        },
        {
          "k": "workflow_repository",
          "v": "CryptonFuture/Ecommerce_backened"
        },
        {
          "k": "workflow_file_path",
          "v": ".github/workflows/ci-cd.yml"
        }
      ]
    },
    "matrix": null,
    "needs": {
      "t": 2
    },
    "strategy": {
      "t": 2,
      "d": [
        {
          "k": "fail-fast",
          "v": true
        },
        {
          "k": "job-index",
          "v": 0.0
        },
        {
          "k": "job-total",
          "v": 1.0
        },
        {
          "k": "max-parallel",
          "v": 1.0
        }
      ]
    },
    "vars": {
      "t": 2
    }
  },
  "billingOwnerId": "U_kgDOBS4LsQ"
}
[2026-08-04 07:24:35Z INFO JobRunner] Job ID 45500536-fb47-5e58-b3f6-b91e77911f8e
[2026-08-04 07:24:35Z INFO ConfigurationStore] currentAssemblyLocation: D:\nodejs\ecommerce-backened\actions-runner\bin\Runner.Worker.dll
[2026-08-04 07:24:35Z INFO HostContext] Well known directory 'Bin': 'D:\nodejs\ecommerce-backened\actions-runner\bin'
[2026-08-04 07:24:35Z INFO ConfigurationStore] binPath: D:\nodejs\ecommerce-backened\actions-runner\bin
[2026-08-04 07:24:35Z INFO HostContext] Well known directory 'Bin': 'D:\nodejs\ecommerce-backened\actions-runner\bin'
[2026-08-04 07:24:35Z INFO HostContext] Well known directory 'Root': 'D:\nodejs\ecommerce-backened\actions-runner'
[2026-08-04 07:24:35Z INFO ConfigurationStore] RootFolder: D:\nodejs\ecommerce-backened\actions-runner
[2026-08-04 07:24:35Z INFO HostContext] Well known directory 'Bin': 'D:\nodejs\ecommerce-backened\actions-runner\bin'
[2026-08-04 07:24:35Z INFO HostContext] Well known directory 'Root': 'D:\nodejs\ecommerce-backened\actions-runner'
[2026-08-04 07:24:35Z INFO HostContext] Well known config file 'Runner': 'D:\nodejs\ecommerce-backened\actions-runner\.runner'
[2026-08-04 07:24:35Z INFO ConfigurationStore] ConfigFilePath: D:\nodejs\ecommerce-backened\actions-runner\.runner
[2026-08-04 07:24:35Z INFO HostContext] Well known directory 'Bin': 'D:\nodejs\ecommerce-backened\actions-runner\bin'
[2026-08-04 07:24:35Z INFO HostContext] Well known directory 'Root': 'D:\nodejs\ecommerce-backened\actions-runner'
[2026-08-04 07:24:35Z INFO HostContext] Well known config file 'MigratedRunner': 'D:\nodejs\ecommerce-backened\actions-runner\.runner_migrated'
[2026-08-04 07:24:35Z INFO ConfigurationStore] MigratedConfigFilePath: D:\nodejs\ecommerce-backened\actions-runner\.runner_migrated
[2026-08-04 07:24:35Z INFO HostContext] Well known directory 'Bin': 'D:\nodejs\ecommerce-backened\actions-runner\bin'
[2026-08-04 07:24:35Z INFO HostContext] Well known directory 'Root': 'D:\nodejs\ecommerce-backened\actions-runner'
[2026-08-04 07:24:35Z INFO HostContext] Well known config file 'Credentials': 'D:\nodejs\ecommerce-backened\actions-runner\.credentials'
[2026-08-04 07:24:35Z INFO ConfigurationStore] CredFilePath: D:\nodejs\ecommerce-backened\actions-runner\.credentials
[2026-08-04 07:24:35Z INFO HostContext] Well known directory 'Bin': 'D:\nodejs\ecommerce-backened\actions-runner\bin'
[2026-08-04 07:24:35Z INFO HostContext] Well known directory 'Root': 'D:\nodejs\ecommerce-backened\actions-runner'
[2026-08-04 07:24:35Z INFO HostContext] Well known config file 'MigratedCredentials': 'D:\nodejs\ecommerce-backened\actions-runner\.credentials_migrated'
[2026-08-04 07:24:35Z INFO ConfigurationStore] MigratedCredFilePath: D:\nodejs\ecommerce-backened\actions-runner\.credentials_migrated
[2026-08-04 07:24:35Z INFO HostContext] Well known directory 'Bin': 'D:\nodejs\ecommerce-backened\actions-runner\bin'
[2026-08-04 07:24:35Z INFO HostContext] Well known directory 'Root': 'D:\nodejs\ecommerce-backened\actions-runner'
[2026-08-04 07:24:35Z INFO HostContext] Well known config file 'Service': 'D:\nodejs\ecommerce-backened\actions-runner\.service'
[2026-08-04 07:24:35Z INFO ConfigurationStore] ServiceConfigFilePath: D:\nodejs\ecommerce-backened\actions-runner\.service
[2026-08-04 07:24:35Z INFO ConfigurationStore] Read setting file: 399 chars
[2026-08-04 07:24:35Z INFO JobRunner] Initializing launch client
[2026-08-04 07:24:35Z INFO JobServerQueue] Initializing results client
[2026-08-04 07:24:35Z INFO ResultServer] Creating websocket client ...wss://results-receiver.actions.githubusercontent.com/_ws/ingest.sock
[2026-08-04 07:24:35Z INFO ResultServer] Attempting to start websocket client with delay 00:00:00.
[2026-08-04 07:24:35Z INFO JobServerQueue] Start process web console line queue.
[2026-08-04 07:24:35Z INFO JobServerQueue] Start process file upload queue.
[2026-08-04 07:24:35Z INFO JobServerQueue] Start results file upload queue.
[2026-08-04 07:24:35Z INFO JobServerQueue] Starting results-based upload queue...
[2026-08-04 07:24:35Z INFO JobServerQueue] Start process timeline update queue.
[2026-08-04 07:24:35Z INFO ExecutionContext] Initializing Job context
[2026-08-04 07:24:35Z INFO ExecutionContext] Initialize GitHub context
[2026-08-04 07:24:35Z INFO ExecutionContext] Initialize Env context
[2026-08-04 07:24:35Z INFO HostContext] Well known directory 'Bin': 'D:\nodejs\ecommerce-backened\actions-runner\bin'
[2026-08-04 07:24:35Z INFO HostContext] Well known directory 'Root': 'D:\nodejs\ecommerce-backened\actions-runner'
[2026-08-04 07:24:35Z INFO HostContext] Well known directory 'Diag': 'D:\nodejs\ecommerce-backened\actions-runner\_diag'
[2026-08-04 07:24:35Z INFO HostContext] Well known directory 'Bin': 'D:\nodejs\ecommerce-backened\actions-runner\bin'
[2026-08-04 07:24:35Z INFO HostContext] Well known directory 'Root': 'D:\nodejs\ecommerce-backened\actions-runner'
[2026-08-04 07:24:35Z INFO HostContext] Well known directory 'Diag': 'D:\nodejs\ecommerce-backened\actions-runner\_diag'
[2026-08-04 07:24:35Z INFO JobRunner] Starting the job execution context.
[2026-08-04 07:24:35Z INFO HostContext] Well known directory 'Bin': 'D:\nodejs\ecommerce-backened\actions-runner\bin'
[2026-08-04 07:24:35Z INFO HostContext] Well known directory 'Root': 'D:\nodejs\ecommerce-backened\actions-runner'
[2026-08-04 07:24:35Z INFO HostContext] Well known directory 'Work': 'D:\nodejs\ecommerce-backened\actions-runner\_work'
[2026-08-04 07:24:35Z INFO JobRunner] Validating directory permissions for: 'D:\nodejs\ecommerce-backened\actions-runner\_work'
[2026-08-04 07:24:35Z INFO HostContext] Well known directory 'Bin': 'D:\nodejs\ecommerce-backened\actions-runner\bin'
[2026-08-04 07:24:35Z INFO HostContext] Well known directory 'Root': 'D:\nodejs\ecommerce-backened\actions-runner'
[2026-08-04 07:24:35Z INFO HostContext] Well known directory 'Work': 'D:\nodejs\ecommerce-backened\actions-runner\_work'
[2026-08-04 07:24:35Z INFO HostContext] Well known directory 'Tools': 'D:\nodejs\ecommerce-backened\actions-runner\_work\_tool'
[2026-08-04 07:24:35Z INFO HostContext] Well known directory 'Bin': 'D:\nodejs\ecommerce-backened\actions-runner\bin'
[2026-08-04 07:24:35Z INFO HostContext] Well known directory 'Root': 'D:\nodejs\ecommerce-backened\actions-runner'
[2026-08-04 07:24:35Z INFO HostContext] Well known directory 'Work': 'D:\nodejs\ecommerce-backened\actions-runner\_work'
[2026-08-04 07:24:35Z INFO HostContext] Well known directory 'Temp': 'D:\nodejs\ecommerce-backened\actions-runner\_work\_temp'
[2026-08-04 07:24:35Z INFO JobRunner] Getting job extension.
[2026-08-04 07:24:35Z INFO JobRunner] Initialize job. Getting all job steps.
[2026-08-04 07:24:35Z INFO HostContext] Well known directory 'Bin': 'D:\nodejs\ecommerce-backened\actions-runner\bin'
[2026-08-04 07:24:35Z INFO HostContext] Well known directory 'Root': 'D:\nodejs\ecommerce-backened\actions-runner'
[2026-08-04 07:24:35Z INFO HostContext] Well known directory 'Diag': 'D:\nodejs\ecommerce-backened\actions-runner\_diag'
[2026-08-04 07:24:35Z INFO HostContext] Well known directory 'Bin': 'D:\nodejs\ecommerce-backened\actions-runner\bin'
[2026-08-04 07:24:35Z INFO HostContext] Well known directory 'Root': 'D:\nodejs\ecommerce-backened\actions-runner'
[2026-08-04 07:24:35Z INFO HostContext] Well known directory 'Diag': 'D:\nodejs\ecommerce-backened\actions-runner\_diag'
[2026-08-04 07:24:35Z INFO HostContext] Well known directory 'Bin': 'D:\nodejs\ecommerce-backened\actions-runner\bin'
[2026-08-04 07:24:35Z INFO HostContext] Well known directory 'Root': 'D:\nodejs\ecommerce-backened\actions-runner'
[2026-08-04 07:24:35Z INFO HostContext] Well known config file 'Credentials': 'D:\nodejs\ecommerce-backened\actions-runner\.credentials'
[2026-08-04 07:24:35Z INFO HostContext] Well known directory 'Bin': 'D:\nodejs\ecommerce-backened\actions-runner\bin'
[2026-08-04 07:24:35Z INFO HostContext] Well known directory 'Root': 'D:\nodejs\ecommerce-backened\actions-runner'
[2026-08-04 07:24:35Z INFO HostContext] Well known config file 'SetupInfo': 'D:\nodejs\ecommerce-backened\actions-runner\.setup_info'
[2026-08-04 07:24:35Z INFO HostContext] Well known directory 'Bin': 'D:\nodejs\ecommerce-backened\actions-runner\bin'
[2026-08-04 07:24:35Z INFO HostContext] Well known directory 'Root': 'D:\nodejs\ecommerce-backened\actions-runner'
[2026-08-04 07:24:35Z INFO HostContext] Well known directory 'Work': 'D:\nodejs\ecommerce-backened\actions-runner\_work'
[2026-08-04 07:24:35Z INFO PipelineDirectoryManager] Loading tracking config if exists: D:\nodejs\ecommerce-backened\actions-runner\_work\_PipelineMapping\CryptonFuture/Ecommerce_backened\PipelineFolder.json
[2026-08-04 07:24:35Z INFO PipelineDirectoryManager] Updating job run properties.
[2026-08-04 07:24:35Z INFO HostContext] Well known directory 'Bin': 'D:\nodejs\ecommerce-backened\actions-runner\bin'
[2026-08-04 07:24:35Z INFO HostContext] Well known directory 'Root': 'D:\nodejs\ecommerce-backened\actions-runner'
[2026-08-04 07:24:35Z INFO HostContext] Well known directory 'Work': 'D:\nodejs\ecommerce-backened\actions-runner\_work'
[2026-08-04 07:24:35Z INFO HostContext] Well known directory 'Bin': 'D:\nodejs\ecommerce-backened\actions-runner\bin'
[2026-08-04 07:24:35Z INFO HostContext] Well known directory 'Root': 'D:\nodejs\ecommerce-backened\actions-runner'
[2026-08-04 07:24:35Z INFO HostContext] Well known directory 'Work': 'D:\nodejs\ecommerce-backened\actions-runner\_work'
[2026-08-04 07:24:35Z INFO HostContext] Well known directory 'Bin': 'D:\nodejs\ecommerce-backened\actions-runner\bin'
[2026-08-04 07:24:35Z INFO HostContext] Well known directory 'Root': 'D:\nodejs\ecommerce-backened\actions-runner'
[2026-08-04 07:24:35Z INFO HostContext] Well known directory 'Work': 'D:\nodejs\ecommerce-backened\actions-runner\_work'
[2026-08-04 07:24:35Z INFO JobExtension] Downloading actions
[2026-08-04 07:24:35Z INFO HostContext] Well known directory 'Bin': 'D:\nodejs\ecommerce-backened\actions-runner\bin'
[2026-08-04 07:24:35Z INFO HostContext] Well known directory 'Root': 'D:\nodejs\ecommerce-backened\actions-runner'
[2026-08-04 07:24:35Z INFO HostContext] Well known directory 'Work': 'D:\nodejs\ecommerce-backened\actions-runner\_work'
[2026-08-04 07:24:35Z INFO HostContext] Well known directory 'Actions': 'D:\nodejs\ecommerce-backened\actions-runner\_work\_actions'
[2026-08-04 07:24:36Z INFO Worker] Listening for cancel message from the channel.
[2026-08-04 07:24:36Z INFO Worker] Waiting for the job to complete or for a cancel message from the channel.
[2026-08-04 07:24:36Z INFO ResultServer] Successfully started websocket client.
[2026-08-04 07:24:36Z INFO JobServerQueue] Try to append 1 batches web console lines for record 'b6ecb565-11bc-4494-b36f-916f7e12e9bc', success rate: 1/1.
[2026-08-04 07:24:36Z INFO HostContext] Well known directory 'Bin': 'D:\nodejs\ecommerce-backened\actions-runner\bin'
[2026-08-04 07:24:36Z INFO HostContext] Well known directory 'Root': 'D:\nodejs\ecommerce-backened\actions-runner'
[2026-08-04 07:24:36Z INFO HostContext] Well known directory 'Work': 'D:\nodejs\ecommerce-backened\actions-runner\_work'
[2026-08-04 07:24:36Z INFO HostContext] Well known directory 'Actions': 'D:\nodejs\ecommerce-backened\actions-runner\_work\_actions'
[2026-08-04 07:24:36Z INFO HostContext] Well known directory 'Bin': 'D:\nodejs\ecommerce-backened\actions-runner\bin'
[2026-08-04 07:24:36Z INFO HostContext] Well known directory 'Root': 'D:\nodejs\ecommerce-backened\actions-runner'
[2026-08-04 07:24:36Z INFO HostContext] Well known directory 'Work': 'D:\nodejs\ecommerce-backened\actions-runner\_work'
[2026-08-04 07:24:36Z INFO HostContext] Well known directory 'Actions': 'D:\nodejs\ecommerce-backened\actions-runner\_work\_actions'
[2026-08-04 07:24:36Z INFO ActionManager] Save archive 'https://codeload.github.com/actions/checkout/zip/11d5960a326750d5838078e36cf38b85af677262' into D:\nodejs\ecommerce-backened\actions-runner\_work\_actions\_temp_ab61d4d5-0c06-4a9e-ae98-a92578c3edd4\a6bf8611-ad70-4916-bea8-b7b633a3cb35.zip.
[2026-08-04 07:24:36Z INFO ActionManager] Using Basic token for action archive download.
[2026-08-04 07:24:36Z INFO JobServerQueue] Job timeline record has been updated for the first time.
[2026-08-04 07:24:37Z INFO JobServerQueue] Try to append 1 batches web console lines for record 'b6ecb565-11bc-4494-b36f-916f7e12e9bc', success rate: 1/1.
[2026-08-04 07:24:38Z INFO ActionManager] Request URL: https://codeload.github.com/actions/checkout/zip/11d5960a326750d5838078e36cf38b85af677262 X-GitHub-Request-Id: C784:3587CE:6D632:817AFA:6A7193B2 Http Status: OK
[2026-08-04 07:24:38Z INFO ActionManager] Finished getting action repository.
[2026-08-04 07:24:38Z INFO HostContext] Well known directory 'Bin': 'D:\nodejs\ecommerce-backened\actions-runner\bin'
[2026-08-04 07:24:38Z INFO HostContext] Well known directory 'Root': 'D:\nodejs\ecommerce-backened\actions-runner'
[2026-08-04 07:24:38Z INFO HostContext] Well known directory 'Work': 'D:\nodejs\ecommerce-backened\actions-runner\_work'
[2026-08-04 07:24:38Z INFO HostContext] Well known directory 'Actions': 'D:\nodejs\ecommerce-backened\actions-runner\_work\_actions'
[2026-08-04 07:24:38Z INFO HostContext] Well known directory 'Bin': 'D:\nodejs\ecommerce-backened\actions-runner\bin'
[2026-08-04 07:24:38Z INFO HostContext] Well known directory 'Root': 'D:\nodejs\ecommerce-backened\actions-runner'
[2026-08-04 07:24:38Z INFO HostContext] Well known directory 'Work': 'D:\nodejs\ecommerce-backened\actions-runner\_work'
[2026-08-04 07:24:38Z INFO HostContext] Well known directory 'Actions': 'D:\nodejs\ecommerce-backened\actions-runner\_work\_actions'
[2026-08-04 07:24:38Z INFO ActionManager] Save archive 'https://codeload.github.com/actions/setup-node/zip/49933ea5288caeca8642d1e84afbd3f7d6820020' into D:\nodejs\ecommerce-backened\actions-runner\_work\_actions\_temp_7d75f2b1-0515-4a75-8334-b49857ba3b48\42780766-afef-44b5-a3ac-35ec34344bf3.zip.
[2026-08-04 07:24:38Z INFO ActionManager] Using Basic token for action archive download.
[2026-08-04 07:24:38Z INFO JobServerQueue] Try to append 1 batches web console lines for record 'b6ecb565-11bc-4494-b36f-916f7e12e9bc', success rate: 1/1.
[2026-08-04 07:24:40Z INFO ActionManager] Request URL: https://codeload.github.com/actions/setup-node/zip/49933ea5288caeca8642d1e84afbd3f7d6820020 X-GitHub-Request-Id: 2579:1E348:6FD23:81A80C:6A7193B3 Http Status: OK
[2026-08-04 07:24:40Z INFO ActionManager] Finished getting action repository.
[2026-08-04 07:24:40Z INFO HostContext] Well known directory 'Bin': 'D:\nodejs\ecommerce-backened\actions-runner\bin'
[2026-08-04 07:24:40Z INFO HostContext] Well known directory 'Root': 'D:\nodejs\ecommerce-backened\actions-runner'
[2026-08-04 07:24:40Z INFO HostContext] Well known directory 'Work': 'D:\nodejs\ecommerce-backened\actions-runner\_work'
[2026-08-04 07:24:40Z INFO HostContext] Well known directory 'Actions': 'D:\nodejs\ecommerce-backened\actions-runner\_work\_actions'
[2026-08-04 07:24:40Z INFO ActionManifestManagerLegacy] Load schema file with definitions: [
  "null",
  "boolean",
  "number",
  "string",
  "sequence",
  "mapping",
  "any",
  "action-root",
  "inputs",
  "input",
  "outputs",
  "output-definition",
  "runs",
  "container-runs",
  "container-runs-args",
  "container-runs-env",
  "node-runs",
  "plugin-runs",
  "composite-runs",
  "composite-steps",
  "composite-step",
  "run-step",
  "uses-step",
  "container-runs-context",
  "output-value",
  "input-default-context",
  "non-empty-string",
  "string-steps-context",
  "boolean-steps-context",
  "step-env",
  "step-if",
  "step-with"
]
[2026-08-04 07:24:40Z INFO ActionManifestManager] Load schema file with definitions: [
  "null",
  "boolean",
  "number",
  "string",
  "sequence",
  "mapping",
  "any",
  "action-root",
  "inputs",
  "input",
  "outputs",
  "output-definition",
  "runs",
  "container-runs",
  "container-runs-args",
  "container-runs-env",
  "node-runs",
  "plugin-runs",
  "composite-runs",
  "composite-steps",
  "composite-step",
  "run-step",
  "uses-step",
  "container-runs-context",
  "output-value",
  "input-default-context",
  "non-empty-string",
  "string-steps-context",
  "boolean-steps-context",
  "step-env",
  "step-if",
  "step-with"
]
[2026-08-04 07:24:40Z INFO HostContext] Well known directory 'Bin': 'D:\nodejs\ecommerce-backened\actions-runner\bin'
[2026-08-04 07:24:40Z INFO HostContext] Well known directory 'Root': 'D:\nodejs\ecommerce-backened\actions-runner'
[2026-08-04 07:24:40Z INFO HostContext] Well known directory 'Work': 'D:\nodejs\ecommerce-backened\actions-runner\_work'
[2026-08-04 07:24:40Z INFO HostContext] Well known directory 'Actions': 'D:\nodejs\ecommerce-backened\actions-runner\_work\_actions'
[2026-08-04 07:24:40Z INFO ActionManifestManagerLegacy] Loaded action.yml file: {
  "name": "Checkout",
  "description": "Checkout a Git repository at a particular version",
  "inputs": {
    "type": 2,
    "map": [
      {
        "key": {
          "type": 0,
          "file": 2,
          "line": 4,
          "col": 3,
          "lit": "repository"
        },
        "value": {
          "type": 3,
          "file": 2,
          "line": 6,
          "col": 14,
          "expr": "github.repository"
        }
      },
      {
        "key": {
          "type": 0,
          "file": 2,
          "line": 7,
          "col": 3,
          "lit": "ref"
        },
        "value": ""
      },
      {
        "key": {
          "type": 0,
          "file": 2,
          "line": 12,
          "col": 3,
          "lit": "token"
        },
        "value": {
          "type": 3,
          "file": 2,
          "line": 24,
          "col": 14,
          "expr": "github.token"
        }
      },
      {
        "key": {
          "type": 0,
          "file": 2,
          "line": 25,
          "col": 3,
          "lit": "ssh-key"
        },
        "value": ""
      },
      {
        "key": {
          "type": 0,
          "file": 2,
          "line": 37,
          "col": 3,
          "lit": "ssh-known-hosts"
        },
        "value": ""
      },
      {
        "key": {
          "type": 0,
          "file": 2,
          "line": 42,
          "col": 3,
          "lit": "ssh-strict"
        },
        "value": {
          "type": 0,
          "file": 2,
          "line": 47,
          "col": 14,
          "lit": "true"
        }
      },
      {
        "key": {
          "type": 0,
          "file": 2,
          "line": 48,
          "col": 3,
          "lit": "ssh-user"
        },
        "value": {
          "type": 0,
          "file": 2,
          "line": 51,
          "col": 14,
          "lit": "git"
        }
      },
      {
        "key": {
          "type": 0,
          "file": 2,
          "line": 52,
          "col": 3,
          "lit": "persist-credentials"
        },
        "value": {
          "type": 0,
          "file": 2,
          "line": 54,
          "col": 14,
          "lit": "true"
        }
      },
      {
        "key": {
          "type": 0,
          "file": 2,
          "line": 55,
          "col": 3,
          "lit": "path"
        },
        "value": ""
      },
      {
        "key": {
          "type": 0,
          "file": 2,
          "line": 57,
          "col": 3,
          "lit": "clean"
        },
        "value": {
          "type": 0,
          "file": 2,
          "line": 59,
          "col": 14,
          "lit": "true"
        }
      },
      {
        "key": {
          "type": 0,
          "file": 2,
          "line": 60,
          "col": 3,
          "lit": "filter"
        },
        "value": {
          "type": 0,
          "file": 2,
          "line": 64,
          "col": 14,
          "lit": ""
        }
      },
      {
        "key": {
          "type": 0,
          "file": 2,
          "line": 65,
          "col": 3,
          "lit": "sparse-checkout"
        },
        "value": {
          "type": 0,
          "file": 2,
          "line": 69,
          "col": 14,
          "lit": ""
        }
      },
      {
        "key": {
          "type": 0,
          "file": 2,
          "line": 70,
          "col": 3,
          "lit": "sparse-checkout-cone-mode"
        },
        "value": {
          "type": 0,
          "file": 2,
          "line": 73,
          "col": 14,
          "lit": "true"
        }
      },
      {
        "key": {
          "type": 0,
          "file": 2,
          "line": 74,
          "col": 3,
          "lit": "fetch-depth"
        },
        "value": {
          "type": 0,
          "file": 2,
          "line": 76,
          "col": 14,
          "lit": "1"
        }
      },
      {
        "key": {
          "type": 0,
          "file": 2,
          "line": 77,
          "col": 3,
          "lit": "fetch-tags"
        },
        "value": {
          "type": 0,
          "file": 2,
          "line": 79,
          "col": 14,
          "lit": "false"
        }
      },
      {
        "key": {
          "type": 0,
          "file": 2,
          "line": 80,
          "col": 3,
          "lit": "show-progress"
        },
        "value": {
          "type": 0,
          "file": 2,
          "line": 82,
          "col": 14,
          "lit": "true"
        }
      },
      {
        "key": {
          "type": 0,
          "file": 2,
          "line": 83,
          "col": 3,
          "lit": "lfs"
        },
        "value": {
          "type": 0,
          "file": 2,
          "line": 85,
          "col": 14,
          "lit": "false"
        }
      },
      {
        "key": {
          "type": 0,
          "file": 2,
          "line": 86,
          "col": 3,
          "lit": "submodules"
        },
        "value": {
          "type": 0,
          "file": 2,
          "line": 94,
          "col": 14,
          "lit": "false"
        }
      },
      {
        "key": {
          "type": 0,
          "file": 2,
          "line": 95,
          "col": 3,
          "lit": "set-safe-directory"
        },
        "value": {
          "type": 0,
          "file": 2,
          "line": 97,
          "col": 14,
          "lit": "true"
        }
      },
      {
        "key": {
          "type": 0,
          "file": 2,
          "line": 98,
          "col": 3,
          "lit": "github-server-url"
        },
        "value": ""
      },
      {
        "key": {
          "type": 0,
          "file": 2,
          "line": 101,
          "col": 3,
          "lit": "allow-unsafe-pr-checkout"
        },
        "value": {
          "type": 0,
          "file": 2,
          "line": 109,
          "col": 14,
          "lit": "false"
        }
      }
    ]
  },
  "execution": {
    "executionType": "nodeJS",
    "hasPre": false,
    "hasPost": true,
    "script": "dist/index.js",
    "pre": null,
    "post": "dist/index.js",
    "nodeVersion": "node20",
    "cleanupCondition": "always()",
    "initCondition": "always()"
  },
  "deprecated": null
}
[2026-08-04 07:24:40Z INFO ActionManager] Action node.js file: dist/index.js, no more preparation.
[2026-08-04 07:24:40Z INFO HostContext] Well known directory 'Bin': 'D:\nodejs\ecommerce-backened\actions-runner\bin'
[2026-08-04 07:24:40Z INFO HostContext] Well known directory 'Root': 'D:\nodejs\ecommerce-backened\actions-runner'
[2026-08-04 07:24:40Z INFO HostContext] Well known directory 'Work': 'D:\nodejs\ecommerce-backened\actions-runner\_work'
[2026-08-04 07:24:40Z INFO HostContext] Well known directory 'Actions': 'D:\nodejs\ecommerce-backened\actions-runner\_work\_actions'
[2026-08-04 07:24:40Z INFO ActionManager] Load action that reference repository from 'D:\nodejs\ecommerce-backened\actions-runner\_work\_actions\actions\checkout\v4'
[2026-08-04 07:24:40Z INFO HostContext] Well known directory 'Bin': 'D:\nodejs\ecommerce-backened\actions-runner\bin'
[2026-08-04 07:24:40Z INFO HostContext] Well known directory 'Root': 'D:\nodejs\ecommerce-backened\actions-runner'
[2026-08-04 07:24:40Z INFO HostContext] Well known directory 'Work': 'D:\nodejs\ecommerce-backened\actions-runner\_work'
[2026-08-04 07:24:40Z INFO HostContext] Well known directory 'Actions': 'D:\nodejs\ecommerce-backened\actions-runner\_work\_actions'
[2026-08-04 07:24:40Z INFO ActionManifestManagerLegacy] Loaded action.yml file: {
  "name": "Checkout",
  "description": "Checkout a Git repository at a particular version",
  "inputs": {
    "type": 2,
    "map": [
      {
        "key": {
          "type": 0,
          "file": 2,
          "line": 4,
          "col": 3,
          "lit": "repository"
        },
        "value": {
          "type": 3,
          "file": 2,
          "line": 6,
          "col": 14,
          "expr": "github.repository"
        }
      },
      {
        "key": {
          "type": 0,
          "file": 2,
          "line": 7,
          "col": 3,
          "lit": "ref"
        },
        "value": ""
      },
      {
        "key": {
          "type": 0,
          "file": 2,
          "line": 12,
          "col": 3,
          "lit": "token"
        },
        "value": {
          "type": 3,
          "file": 2,
          "line": 24,
          "col": 14,
          "expr": "github.token"
        }
      },
      {
        "key": {
          "type": 0,
          "file": 2,
          "line": 25,
          "col": 3,
          "lit": "ssh-key"
        },
        "value": ""
      },
      {
        "key": {
          "type": 0,
          "file": 2,
          "line": 37,
          "col": 3,
          "lit": "ssh-known-hosts"
        },
        "value": ""
      },
      {
        "key": {
          "type": 0,
          "file": 2,
          "line": 42,
          "col": 3,
          "lit": "ssh-strict"
        },
        "value": {
          "type": 0,
          "file": 2,
          "line": 47,
          "col": 14,
          "lit": "true"
        }
      },
      {
        "key": {
          "type": 0,
          "file": 2,
          "line": 48,
          "col": 3,
          "lit": "ssh-user"
        },
        "value": {
          "type": 0,
          "file": 2,
          "line": 51,
          "col": 14,
          "lit": "git"
        }
      },
      {
        "key": {
          "type": 0,
          "file": 2,
          "line": 52,
          "col": 3,
          "lit": "persist-credentials"
        },
        "value": {
          "type": 0,
          "file": 2,
          "line": 54,
          "col": 14,
          "lit": "true"
        }
      },
      {
        "key": {
          "type": 0,
          "file": 2,
          "line": 55,
          "col": 3,
          "lit": "path"
        },
        "value": ""
      },
      {
        "key": {
          "type": 0,
          "file": 2,
          "line": 57,
          "col": 3,
          "lit": "clean"
        },
        "value": {
          "type": 0,
          "file": 2,
          "line": 59,
          "col": 14,
          "lit": "true"
        }
      },
      {
        "key": {
          "type": 0,
          "file": 2,
          "line": 60,
          "col": 3,
          "lit": "filter"
        },
        "value": {
          "type": 0,
          "file": 2,
          "line": 64,
          "col": 14,
          "lit": ""
        }
      },
      {
        "key": {
          "type": 0,
          "file": 2,
          "line": 65,
          "col": 3,
          "lit": "sparse-checkout"
        },
        "value": {
          "type": 0,
          "file": 2,
          "line": 69,
          "col": 14,
          "lit": ""
        }
      },
      {
        "key": {
          "type": 0,
          "file": 2,
          "line": 70,
          "col": 3,
          "lit": "sparse-checkout-cone-mode"
        },
        "value": {
          "type": 0,
          "file": 2,
          "line": 73,
          "col": 14,
          "lit": "true"
        }
      },
      {
        "key": {
          "type": 0,
          "file": 2,
          "line": 74,
          "col": 3,
          "lit": "fetch-depth"
        },
        "value": {
          "type": 0,
          "file": 2,
          "line": 76,
          "col": 14,
          "lit": "1"
        }
      },
      {
        "key": {
          "type": 0,
          "file": 2,
          "line": 77,
          "col": 3,
          "lit": "fetch-tags"
        },
        "value": {
          "type": 0,
          "file": 2,
          "line": 79,
          "col": 14,
          "lit": "false"
        }
      },
      {
        "key": {
          "type": 0,
          "file": 2,
          "line": 80,
          "col": 3,
          "lit": "show-progress"
        },
        "value": {
          "type": 0,
          "file": 2,
          "line": 82,
          "col": 14,
          "lit": "true"
        }
      },
      {
        "key": {
          "type": 0,
          "file": 2,
          "line": 83,
          "col": 3,
          "lit": "lfs"
        },
        "value": {
          "type": 0,
          "file": 2,
          "line": 85,
          "col": 14,
          "lit": "false"
        }
      },
      {
        "key": {
          "type": 0,
          "file": 2,
          "line": 86,
          "col": 3,
          "lit": "submodules"
        },
        "value": {
          "type": 0,
          "file": 2,
          "line": 94,
          "col": 14,
          "lit": "false"
        }
      },
      {
        "key": {
          "type": 0,
          "file": 2,
          "line": 95,
          "col": 3,
          "lit": "set-safe-directory"
        },
        "value": {
          "type": 0,
          "file": 2,
          "line": 97,
          "col": 14,
          "lit": "true"
        }
      },
      {
        "key": {
          "type": 0,
          "file": 2,
          "line": 98,
          "col": 3,
          "lit": "github-server-url"
        },
        "value": ""
      },
      {
        "key": {
          "type": 0,
          "file": 2,
          "line": 101,
          "col": 3,
          "lit": "allow-unsafe-pr-checkout"
        },
        "value": {
          "type": 0,
          "file": 2,
          "line": 109,
          "col": 14,
          "lit": "false"
        }
      }
    ]
  },
  "execution": {
    "executionType": "nodeJS",
    "hasPre": false,
    "hasPost": true,
    "script": "dist/index.js",
    "pre": null,
    "post": "dist/index.js",
    "nodeVersion": "node20",
    "cleanupCondition": "always()",
    "initCondition": "always()"
  },
  "deprecated": null
}
[2026-08-04 07:24:40Z INFO ActionManager] Action pre node.js file: N/A.
[2026-08-04 07:24:40Z INFO ActionManager] Action node.js file: dist/index.js.
[2026-08-04 07:24:40Z INFO ActionManager] Action post node.js file: dist/index.js.
[2026-08-04 07:24:40Z INFO HostContext] Well known directory 'Bin': 'D:\nodejs\ecommerce-backened\actions-runner\bin'
[2026-08-04 07:24:40Z INFO HostContext] Well known directory 'Root': 'D:\nodejs\ecommerce-backened\actions-runner'
[2026-08-04 07:24:40Z INFO HostContext] Well known directory 'Work': 'D:\nodejs\ecommerce-backened\actions-runner\_work'
[2026-08-04 07:24:40Z INFO HostContext] Well known directory 'Actions': 'D:\nodejs\ecommerce-backened\actions-runner\_work\_actions'
[2026-08-04 07:24:40Z INFO HostContext] Well known directory 'Bin': 'D:\nodejs\ecommerce-backened\actions-runner\bin'
[2026-08-04 07:24:40Z INFO HostContext] Well known directory 'Root': 'D:\nodejs\ecommerce-backened\actions-runner'
[2026-08-04 07:24:40Z INFO HostContext] Well known directory 'Work': 'D:\nodejs\ecommerce-backened\actions-runner\_work'
[2026-08-04 07:24:40Z INFO HostContext] Well known directory 'Actions': 'D:\nodejs\ecommerce-backened\actions-runner\_work\_actions'
[2026-08-04 07:24:40Z INFO ActionManifestManagerLegacy] Ignore action property author.
[2026-08-04 07:24:41Z INFO ActionManifestManagerLegacy] Loaded action.yml file: {
  "name": "Setup Node.js environment",
  "description": "Setup a Node.js environment by adding problem matchers and optionally downloading and adding it to the PATH.",
  "inputs": {
    "type": 2,
    "map": [
      {
        "key": {
          "type": 0,
          "file": 3,
          "line": 5,
          "col": 3,
          "lit": "always-auth"
        },
        "value": {
          "type": 0,
          "file": 3,
          "line": 7,
          "col": 14,
          "lit": "false"
        }
      },
      {
        "key": {
          "type": 0,
          "file": 3,
          "line": 8,
          "col": 3,
          "lit": "node-version"
        },
        "value": ""
      },
      {
        "key": {
          "type": 0,
          "file": 3,
          "line": 10,
          "col": 3,
          "lit": "node-version-file"
        },
        "value": ""
      },
      {
        "key": {
          "type": 0,
          "file": 3,
          "line": 12,
          "col": 3,
          "lit": "architecture"
        },
        "value": ""
      },
      {
        "key": {
          "type": 0,
          "file": 3,
          "line": 14,
          "col": 3,
          "lit": "check-latest"
        },
        "value": {
          "type": 0,
          "file": 3,
          "line": 16,
          "col": 14,
          "lit": "false"
        }
      },
      {
        "key": {
          "type": 0,
          "file": 3,
          "line": 17,
          "col": 3,
          "lit": "registry-url"
        },
        "value": ""
      },
      {
        "key": {
          "type": 0,
          "file": 3,
          "line": 19,
          "col": 3,
          "lit": "scope"
        },
        "value": ""
      },
      {
        "key": {
          "type": 0,
          "file": 3,
          "line": 21,
          "col": 3,
          "lit": "token"
        },
        "value": {
          "type": 3,
          "file": 3,
          "line": 23,
          "col": 14,
          "expr": "github.server_url == 'https://github.com' && github.token || ''"
        }
      },
      {
        "key": {
          "type": 0,
          "file": 3,
          "line": 24,
          "col": 3,
          "lit": "cache"
        },
        "value": ""
      },
      {
        "key": {
          "type": 0,
          "file": 3,
          "line": 26,
          "col": 3,
          "lit": "cache-dependency-path"
        },
        "value": ""
      },
      {
        "key": {
          "type": 0,
          "file": 3,
          "line": 28,
          "col": 3,
          "lit": "mirror"
        },
        "value": ""
      },
      {
        "key": {
          "type": 0,
          "file": 3,
          "line": 30,
          "col": 3,
          "lit": "mirror-token"
        },
        "value": ""
      }
    ]
  },
  "execution": {
    "executionType": "nodeJS",
    "hasPre": false,
    "hasPost": true,
    "script": "dist/setup/index.js",
    "pre": null,
    "post": "dist/cache-save/index.js",
    "nodeVersion": "node20",
    "cleanupCondition": "success()",
    "initCondition": "always()"
  },
  "deprecated": null
}
[2026-08-04 07:24:41Z INFO ActionManager] Action node.js file: dist/setup/index.js, no more preparation.
[2026-08-04 07:24:41Z INFO HostContext] Well known directory 'Bin': 'D:\nodejs\ecommerce-backened\actions-runner\bin'
[2026-08-04 07:24:41Z INFO HostContext] Well known directory 'Root': 'D:\nodejs\ecommerce-backened\actions-runner'
[2026-08-04 07:24:41Z INFO HostContext] Well known directory 'Work': 'D:\nodejs\ecommerce-backened\actions-runner\_work'
[2026-08-04 07:24:41Z INFO HostContext] Well known directory 'Actions': 'D:\nodejs\ecommerce-backened\actions-runner\_work\_actions'
[2026-08-04 07:24:41Z INFO ActionManager] Load action that reference repository from 'D:\nodejs\ecommerce-backened\actions-runner\_work\_actions\actions\setup-node\v4'
[2026-08-04 07:24:41Z INFO HostContext] Well known directory 'Bin': 'D:\nodejs\ecommerce-backened\actions-runner\bin'
[2026-08-04 07:24:41Z INFO HostContext] Well known directory 'Root': 'D:\nodejs\ecommerce-backened\actions-runner'
[2026-08-04 07:24:41Z INFO HostContext] Well known directory 'Work': 'D:\nodejs\ecommerce-backened\actions-runner\_work'
[2026-08-04 07:24:41Z INFO HostContext] Well known directory 'Actions': 'D:\nodejs\ecommerce-backened\actions-runner\_work\_actions'
[2026-08-04 07:24:41Z INFO ActionManifestManagerLegacy] Ignore action property author.
[2026-08-04 07:24:41Z INFO ActionManifestManagerLegacy] Loaded action.yml file: {
  "name": "Setup Node.js environment",
  "description": "Setup a Node.js environment by adding problem matchers and optionally downloading and adding it to the PATH.",
  "inputs": {
    "type": 2,
    "map": [
      {
        "key": {
          "type": 0,
          "file": 3,
          "line": 5,
          "col": 3,
          "lit": "always-auth"
        },
        "value": {
          "type": 0,
          "file": 3,
          "line": 7,
          "col": 14,
          "lit": "false"
        }
      },
      {
        "key": {
          "type": 0,
          "file": 3,
          "line": 8,
          "col": 3,
          "lit": "node-version"
        },
        "value": ""
      },
      {
        "key": {
          "type": 0,
          "file": 3,
          "line": 10,
          "col": 3,
          "lit": "node-version-file"
        },
        "value": ""
      },
      {
        "key": {
          "type": 0,
          "file": 3,
          "line": 12,
          "col": 3,
          "lit": "architecture"
        },
        "value": ""
      },
      {
        "key": {
          "type": 0,
          "file": 3,
          "line": 14,
          "col": 3,
          "lit": "check-latest"
        },
        "value": {
          "type": 0,
          "file": 3,
          "line": 16,
          "col": 14,
          "lit": "false"
        }
      },
      {
        "key": {
          "type": 0,
          "file": 3,
          "line": 17,
          "col": 3,
          "lit": "registry-url"
        },
        "value": ""
      },
      {
        "key": {
          "type": 0,
          "file": 3,
          "line": 19,
          "col": 3,
          "lit": "scope"
        },
        "value": ""
      },
      {
        "key": {
          "type": 0,
          "file": 3,
          "line": 21,
          "col": 3,
          "lit": "token"
        },
        "value": {
          "type": 3,
          "file": 3,
          "line": 23,
          "col": 14,
          "expr": "github.server_url == 'https://github.com' && github.token || ''"
        }
      },
      {
        "key": {
          "type": 0,
          "file": 3,
          "line": 24,
          "col": 3,
          "lit": "cache"
        },
        "value": ""
      },
      {
        "key": {
          "type": 0,
          "file": 3,
          "line": 26,
          "col": 3,
          "lit": "cache-dependency-path"
        },
        "value": ""
      },
      {
        "key": {
          "type": 0,
          "file": 3,
          "line": 28,
          "col": 3,
          "lit": "mirror"
        },
        "value": ""
      },
      {
        "key": {
          "type": 0,
          "file": 3,
          "line": 30,
          "col": 3,
          "lit": "mirror-token"
        },
        "value": ""
      }
    ]
  },
  "execution": {
    "executionType": "nodeJS",
    "hasPre": false,
    "hasPost": true,
    "script": "dist/setup/index.js",
    "pre": null,
    "post": "dist/cache-save/index.js",
    "nodeVersion": "node20",
    "cleanupCondition": "success()",
    "initCondition": "always()"
  },
  "deprecated": null
}
[2026-08-04 07:24:41Z INFO ActionManager] Action pre node.js file: N/A.
[2026-08-04 07:24:41Z INFO ActionManager] Action node.js file: dist/setup/index.js.
[2026-08-04 07:24:41Z INFO ActionManager] Action post node.js file: dist/cache-save/index.js.
[2026-08-04 07:24:41Z INFO JobExtension] Adding .
[2026-08-04 07:24:41Z INFO JobExtension] Adding .
[2026-08-04 07:24:41Z INFO JobExtension] Adding .
[2026-08-04 07:24:41Z INFO JobExtension] Adding .
[2026-08-04 07:24:41Z INFO JobExtension] Adding .
[2026-08-04 07:24:41Z INFO JobExtension] Adding .
[2026-08-04 07:24:41Z INFO JobExtension] Adding .
[2026-08-04 07:24:41Z INFO HostContext] Well known directory 'Bin': 'D:\nodejs\ecommerce-backened\actions-runner\bin'
[2026-08-04 07:24:41Z INFO HostContext] Well known directory 'Root': 'D:\nodejs\ecommerce-backened\actions-runner'
[2026-08-04 07:24:41Z INFO HostContext] Well known directory 'Diag': 'D:\nodejs\ecommerce-backened\actions-runner\_diag'
[2026-08-04 07:24:41Z INFO HostContext] Well known directory 'Bin': 'D:\nodejs\ecommerce-backened\actions-runner\bin'
[2026-08-04 07:24:41Z INFO HostContext] Well known directory 'Root': 'D:\nodejs\ecommerce-backened\actions-runner'
[2026-08-04 07:24:41Z INFO HostContext] Well known directory 'Diag': 'D:\nodejs\ecommerce-backened\actions-runner\_diag'
[2026-08-04 07:24:41Z INFO HostContext] Well known directory 'Bin': 'D:\nodejs\ecommerce-backened\actions-runner\bin'
[2026-08-04 07:24:41Z INFO HostContext] Well known directory 'Root': 'D:\nodejs\ecommerce-backened\actions-runner'
[2026-08-04 07:24:41Z INFO HostContext] Well known directory 'Diag': 'D:\nodejs\ecommerce-backened\actions-runner\_diag'
[2026-08-04 07:24:41Z INFO HostContext] Well known directory 'Bin': 'D:\nodejs\ecommerce-backened\actions-runner\bin'
[2026-08-04 07:24:41Z INFO HostContext] Well known directory 'Root': 'D:\nodejs\ecommerce-backened\actions-runner'
[2026-08-04 07:24:41Z INFO HostContext] Well known directory 'Diag': 'D:\nodejs\ecommerce-backened\actions-runner\_diag'
[2026-08-04 07:24:41Z INFO HostContext] Well known directory 'Bin': 'D:\nodejs\ecommerce-backened\actions-runner\bin'
[2026-08-04 07:24:41Z INFO HostContext] Well known directory 'Root': 'D:\nodejs\ecommerce-backened\actions-runner'
[2026-08-04 07:24:41Z INFO HostContext] Well known directory 'Diag': 'D:\nodejs\ecommerce-backened\actions-runner\_diag'
[2026-08-04 07:24:41Z INFO HostContext] Well known directory 'Bin': 'D:\nodejs\ecommerce-backened\actions-runner\bin'
[2026-08-04 07:24:41Z INFO HostContext] Well known directory 'Root': 'D:\nodejs\ecommerce-backened\actions-runner'
[2026-08-04 07:24:41Z INFO HostContext] Well known directory 'Diag': 'D:\nodejs\ecommerce-backened\actions-runner\_diag'
[2026-08-04 07:24:41Z INFO HostContext] Well known directory 'Bin': 'D:\nodejs\ecommerce-backened\actions-runner\bin'
[2026-08-04 07:24:41Z INFO HostContext] Well known directory 'Root': 'D:\nodejs\ecommerce-backened\actions-runner'
[2026-08-04 07:24:41Z INFO HostContext] Well known directory 'Diag': 'D:\nodejs\ecommerce-backened\actions-runner\_diag'
[2026-08-04 07:24:41Z INFO HostContext] Well known directory 'Bin': 'D:\nodejs\ecommerce-backened\actions-runner\bin'
[2026-08-04 07:24:41Z INFO HostContext] Well known directory 'Root': 'D:\nodejs\ecommerce-backened\actions-runner'
[2026-08-04 07:24:41Z INFO HostContext] Well known directory 'Diag': 'D:\nodejs\ecommerce-backened\actions-runner\_diag'
[2026-08-04 07:24:41Z INFO HostContext] Well known directory 'Bin': 'D:\nodejs\ecommerce-backened\actions-runner\bin'
[2026-08-04 07:24:41Z INFO HostContext] Well known directory 'Root': 'D:\nodejs\ecommerce-backened\actions-runner'
[2026-08-04 07:24:41Z INFO HostContext] Well known directory 'Diag': 'D:\nodejs\ecommerce-backened\actions-runner\_diag'
[2026-08-04 07:24:41Z INFO HostContext] Well known directory 'Bin': 'D:\nodejs\ecommerce-backened\actions-runner\bin'
[2026-08-04 07:24:41Z INFO HostContext] Well known directory 'Root': 'D:\nodejs\ecommerce-backened\actions-runner'
[2026-08-04 07:24:41Z INFO HostContext] Well known directory 'Diag': 'D:\nodejs\ecommerce-backened\actions-runner\_diag'
[2026-08-04 07:24:41Z INFO HostContext] Well known directory 'Bin': 'D:\nodejs\ecommerce-backened\actions-runner\bin'
[2026-08-04 07:24:41Z INFO HostContext] Well known directory 'Root': 'D:\nodejs\ecommerce-backened\actions-runner'
[2026-08-04 07:24:41Z INFO HostContext] Well known directory 'Diag': 'D:\nodejs\ecommerce-backened\actions-runner\_diag'
[2026-08-04 07:24:41Z INFO HostContext] Well known directory 'Bin': 'D:\nodejs\ecommerce-backened\actions-runner\bin'
[2026-08-04 07:24:41Z INFO HostContext] Well known directory 'Root': 'D:\nodejs\ecommerce-backened\actions-runner'
[2026-08-04 07:24:41Z INFO HostContext] Well known directory 'Diag': 'D:\nodejs\ecommerce-backened\actions-runner\_diag'
[2026-08-04 07:24:41Z INFO HostContext] Well known directory 'Bin': 'D:\nodejs\ecommerce-backened\actions-runner\bin'
[2026-08-04 07:24:41Z INFO HostContext] Well known directory 'Root': 'D:\nodejs\ecommerce-backened\actions-runner'
[2026-08-04 07:24:41Z INFO HostContext] Well known directory 'Diag': 'D:\nodejs\ecommerce-backened\actions-runner\_diag'
[2026-08-04 07:24:41Z INFO HostContext] Well known directory 'Bin': 'D:\nodejs\ecommerce-backened\actions-runner\bin'
[2026-08-04 07:24:41Z INFO HostContext] Well known directory 'Root': 'D:\nodejs\ecommerce-backened\actions-runner'
[2026-08-04 07:24:41Z INFO HostContext] Well known directory 'Diag': 'D:\nodejs\ecommerce-backened\actions-runner\_diag'
[2026-08-04 07:24:41Z INFO JobExtension] Total accessible running process: 271.
[2026-08-04 07:24:41Z INFO HostContext] Well known directory 'Bin': 'D:\nodejs\ecommerce-backened\actions-runner\bin'
[2026-08-04 07:24:41Z INFO HostContext] Well known directory 'Root': 'D:\nodejs\ecommerce-backened\actions-runner'
[2026-08-04 07:24:41Z INFO HostContext] Well known directory 'Work': 'D:\nodejs\ecommerce-backened\actions-runner\_work'
[2026-08-04 07:24:41Z INFO JobExtension] Start checking server connectivity.
[2026-08-04 07:24:41Z INFO JobExtension] Check server connectivity for https://broker.actions.githubusercontent.com/health.
[2026-08-04 07:24:41Z INFO JobExtension] Check server connectivity for https://token.actions.githubusercontent.com/ready.
[2026-08-04 07:24:41Z INFO JobExtension] Check server connectivity for https://run.actions.githubusercontent.com/health.
[2026-08-04 07:24:41Z INFO JobExtension] Start checking service connectivity in background.
[2026-08-04 07:24:41Z INFO ExecutionContext] Publish step telemetry for current step {
  "action": "setup_job",
  "type": "runner",
  "stage": "Pre",
  "stepId": "b6ecb565-11bc-4494-b36f-916f7e12e9bc",
  "result": "succeeded",
  "errorMessages": [],
  "executionTimeInSeconds": 6,
  "startTime": "2026-08-04T07:24:35.7292627Z",
  "finishTime": "2026-08-04T07:24:41.0857733Z"
}.
[2026-08-04 07:24:41Z INFO JobRunner] Total job steps: 7.
[2026-08-04 07:24:41Z INFO JobRunner] Run all job steps.
[2026-08-04 07:24:41Z INFO JobServerQueue] Try to append 1 batches web console lines for record 'b6ecb565-11bc-4494-b36f-916f7e12e9bc', success rate: 1/1.
[2026-08-04 07:24:41Z INFO DapDebugger] DapDebugger initialized
[2026-08-04 07:24:41Z INFO StepsRunner] Processing step: DisplayName='Checkout Code'
[2026-08-04 07:24:41Z INFO StepsRunner] Evaluating: success()
[2026-08-04 07:24:41Z INFO StepsRunner] Result: true
[2026-08-04 07:24:41Z INFO StepsRunner] Starting the step.
[2026-08-04 07:24:41Z INFO HostContext] Well known directory 'Bin': 'D:\nodejs\ecommerce-backened\actions-runner\bin'
[2026-08-04 07:24:41Z INFO HostContext] Well known directory 'Root': 'D:\nodejs\ecommerce-backened\actions-runner'
[2026-08-04 07:24:41Z INFO HostContext] Well known directory 'Work': 'D:\nodejs\ecommerce-backened\actions-runner\_work'
[2026-08-04 07:24:41Z INFO StepsRunner] Which2: 'chcp'
[2026-08-04 07:24:41Z INFO StepsRunner] Location: 'C:\WINDOWS\system32\chcp.COM'
[2026-08-04 07:24:41Z INFO ProcessInvokerWrapper] Starting process:
[2026-08-04 07:24:41Z INFO ProcessInvokerWrapper]   File name: 'C:\WINDOWS\system32\chcp.COM'
[2026-08-04 07:24:41Z INFO ProcessInvokerWrapper]   Arguments: '65001'
[2026-08-04 07:24:41Z INFO ProcessInvokerWrapper]   Working directory: 'D:\nodejs\ecommerce-backened\actions-runner\_work'
[2026-08-04 07:24:41Z INFO ProcessInvokerWrapper]   Require exit code zero: 'False'
[2026-08-04 07:24:41Z INFO ProcessInvokerWrapper]   Encoding web name:  ; code page: ''
[2026-08-04 07:24:41Z INFO ProcessInvokerWrapper]   Force kill process on cancellation: 'False'
[2026-08-04 07:24:41Z INFO ProcessInvokerWrapper]   Redirected STDIN: 'False'
[2026-08-04 07:24:41Z INFO ProcessInvokerWrapper]   Persist current code page: 'True'
[2026-08-04 07:24:41Z INFO ProcessInvokerWrapper]   Keep redirected STDIN open: 'False'
[2026-08-04 07:24:41Z INFO ProcessInvokerWrapper]   High priority process: 'False'
[2026-08-04 07:24:41Z INFO ProcessInvokerWrapper] Process started with process id 5740, waiting for process exit.
[2026-08-04 07:24:41Z INFO ProcessInvokerWrapper] STDOUT/STDERR stream read finished.
[2026-08-04 07:24:41Z INFO ProcessInvokerWrapper] STDOUT/STDERR stream read finished.
[2026-08-04 07:24:41Z INFO ProcessInvokerWrapper] Finished process 5740 with exit code 0, and elapsed time 00:00:00.0422249.
[2026-08-04 07:24:41Z INFO StepsRunner] Successfully returned to code page 65001 (UTF8)
[2026-08-04 07:24:41Z INFO HostContext] Well known directory 'Bin': 'D:\nodejs\ecommerce-backened\actions-runner\bin'
[2026-08-04 07:24:41Z INFO HostContext] Well known directory 'Root': 'D:\nodejs\ecommerce-backened\actions-runner'
[2026-08-04 07:24:41Z INFO HostContext] Well known directory 'Work': 'D:\nodejs\ecommerce-backened\actions-runner\_work'
[2026-08-04 07:24:41Z INFO HostContext] Well known directory 'Actions': 'D:\nodejs\ecommerce-backened\actions-runner\_work\_actions'
[2026-08-04 07:24:41Z INFO ActionManager] Load action that reference repository from 'D:\nodejs\ecommerce-backened\actions-runner\_work\_actions\actions\checkout\v4'
[2026-08-04 07:24:41Z INFO HostContext] Well known directory 'Bin': 'D:\nodejs\ecommerce-backened\actions-runner\bin'
[2026-08-04 07:24:41Z INFO HostContext] Well known directory 'Root': 'D:\nodejs\ecommerce-backened\actions-runner'
[2026-08-04 07:24:41Z INFO HostContext] Well known directory 'Work': 'D:\nodejs\ecommerce-backened\actions-runner\_work'
[2026-08-04 07:24:41Z INFO HostContext] Well known directory 'Actions': 'D:\nodejs\ecommerce-backened\actions-runner\_work\_actions'
[2026-08-04 07:24:41Z INFO ActionManifestManagerLegacy] Loaded action.yml file: {
  "name": "Checkout",
  "description": "Checkout a Git repository at a particular version",
  "inputs": {
    "type": 2,
    "map": [
      {
        "key": {
          "type": 0,
          "file": 2,
          "line": 4,
          "col": 3,
          "lit": "repository"
        },
        "value": {
          "type": 3,
          "file": 2,
          "line": 6,
          "col": 14,
          "expr": "github.repository"
        }
      },
      {
        "key": {
          "type": 0,
          "file": 2,
          "line": 7,
          "col": 3,
          "lit": "ref"
        },
        "value": ""
      },
      {
        "key": {
          "type": 0,
          "file": 2,
          "line": 12,
          "col": 3,
          "lit": "token"
        },
        "value": {
          "type": 3,
          "file": 2,
          "line": 24,
          "col": 14,
          "expr": "github.token"
        }
      },
      {
        "key": {
          "type": 0,
          "file": 2,
          "line": 25,
          "col": 3,
          "lit": "ssh-key"
        },
        "value": ""
      },
      {
        "key": {
          "type": 0,
          "file": 2,
          "line": 37,
          "col": 3,
          "lit": "ssh-known-hosts"
        },
        "value": ""
      },
      {
        "key": {
          "type": 0,
          "file": 2,
          "line": 42,
          "col": 3,
          "lit": "ssh-strict"
        },
        "value": {
          "type": 0,
          "file": 2,
          "line": 47,
          "col": 14,
          "lit": "true"
        }
      },
      {
        "key": {
          "type": 0,
          "file": 2,
          "line": 48,
          "col": 3,
          "lit": "ssh-user"
        },
        "value": {
          "type": 0,
          "file": 2,
          "line": 51,
          "col": 14,
          "lit": "git"
        }
      },
      {
        "key": {
          "type": 0,
          "file": 2,
          "line": 52,
          "col": 3,
          "lit": "persist-credentials"
        },
        "value": {
          "type": 0,
          "file": 2,
          "line": 54,
          "col": 14,
          "lit": "true"
        }
      },
      {
        "key": {
          "type": 0,
          "file": 2,
          "line": 55,
          "col": 3,
          "lit": "path"
        },
        "value": ""
      },
      {
        "key": {
          "type": 0,
          "file": 2,
          "line": 57,
          "col": 3,
          "lit": "clean"
        },
        "value": {
          "type": 0,
          "file": 2,
          "line": 59,
          "col": 14,
          "lit": "true"
        }
      },
      {
        "key": {
          "type": 0,
          "file": 2,
          "line": 60,
          "col": 3,
          "lit": "filter"
        },
        "value": {
          "type": 0,
          "file": 2,
          "line": 64,
          "col": 14,
          "lit": ""
        }
      },
      {
        "key": {
          "type": 0,
          "file": 2,
          "line": 65,
          "col": 3,
          "lit": "sparse-checkout"
        },
        "value": {
          "type": 0,
          "file": 2,
          "line": 69,
          "col": 14,
          "lit": ""
        }
      },
      {
        "key": {
          "type": 0,
          "file": 2,
          "line": 70,
          "col": 3,
          "lit": "sparse-checkout-cone-mode"
        },
        "value": {
          "type": 0,
          "file": 2,
          "line": 73,
          "col": 14,
          "lit": "true"
        }
      },
      {
        "key": {
          "type": 0,
          "file": 2,
          "line": 74,
          "col": 3,
          "lit": "fetch-depth"
        },
        "value": {
          "type": 0,
          "file": 2,
          "line": 76,
          "col": 14,
          "lit": "1"
        }
      },
      {
        "key": {
          "type": 0,
          "file": 2,
          "line": 77,
          "col": 3,
          "lit": "fetch-tags"
        },
        "value": {
          "type": 0,
          "file": 2,
          "line": 79,
          "col": 14,
          "lit": "false"
        }
      },
      {
        "key": {
          "type": 0,
          "file": 2,
          "line": 80,
          "col": 3,
          "lit": "show-progress"
        },
        "value": {
          "type": 0,
          "file": 2,
          "line": 82,
          "col": 14,
          "lit": "true"
        }
      },
      {
        "key": {
          "type": 0,
          "file": 2,
          "line": 83,
          "col": 3,
          "lit": "lfs"
        },
        "value": {
          "type": 0,
          "file": 2,
          "line": 85,
          "col": 14,
          "lit": "false"
        }
      },
      {
        "key": {
          "type": 0,
          "file": 2,
          "line": 86,
          "col": 3,
          "lit": "submodules"
        },
        "value": {
          "type": 0,
          "file": 2,
          "line": 94,
          "col": 14,
          "lit": "false"
        }
      },
      {
        "key": {
          "type": 0,
          "file": 2,
          "line": 95,
          "col": 3,
          "lit": "set-safe-directory"
        },
        "value": {
          "type": 0,
          "file": 2,
          "line": 97,
          "col": 14,
          "lit": "true"
        }
      },
      {
        "key": {
          "type": 0,
          "file": 2,
          "line": 98,
          "col": 3,
          "lit": "github-server-url"
        },
        "value": ""
      },
      {
        "key": {
          "type": 0,
          "file": 2,
          "line": 101,
          "col": 3,
          "lit": "allow-unsafe-pr-checkout"
        },
        "value": {
          "type": 0,
          "file": 2,
          "line": 109,
          "col": 14,
          "lit": "false"
        }
      }
    ]
  },
  "execution": {
    "executionType": "nodeJS",
    "hasPre": false,
    "hasPost": true,
    "script": "dist/index.js",
    "pre": null,
    "post": "dist/index.js",
    "nodeVersion": "node20",
    "cleanupCondition": "always()",
    "initCondition": "always()"
  },
  "deprecated": null
}
[2026-08-04 07:24:41Z INFO ActionManager] Action pre node.js file: N/A.
[2026-08-04 07:24:41Z INFO ActionManager] Action node.js file: dist/index.js.
[2026-08-04 07:24:41Z INFO ActionManager] Action post node.js file: dist/index.js.
[2026-08-04 07:24:41Z INFO ExecutionContext] Reserve record order 9 to 16 for post job actions.
[2026-08-04 07:24:41Z INFO HostContext] Well known directory 'Bin': 'D:\nodejs\ecommerce-backened\actions-runner\bin'
[2026-08-04 07:24:41Z INFO HostContext] Well known directory 'Root': 'D:\nodejs\ecommerce-backened\actions-runner'
[2026-08-04 07:24:41Z INFO HostContext] Well known directory 'Diag': 'D:\nodejs\ecommerce-backened\actions-runner\_diag'
[2026-08-04 07:24:41Z INFO HostContext] Well known directory 'Bin': 'D:\nodejs\ecommerce-backened\actions-runner\bin'
[2026-08-04 07:24:41Z INFO HostContext] Well known directory 'Root': 'D:\nodejs\ecommerce-backened\actions-runner'
[2026-08-04 07:24:41Z INFO HostContext] Well known directory 'Diag': 'D:\nodejs\ecommerce-backened\actions-runner\_diag'
[2026-08-04 07:24:41Z INFO HostContext] Well known directory 'Bin': 'D:\nodejs\ecommerce-backened\actions-runner\bin'
[2026-08-04 07:24:41Z INFO HostContext] Well known directory 'Root': 'D:\nodejs\ecommerce-backened\actions-runner'
[2026-08-04 07:24:41Z INFO HostContext] Well known directory 'Work': 'D:\nodejs\ecommerce-backened\actions-runner\_work'
[2026-08-04 07:24:41Z INFO HostContext] Well known directory 'Temp': 'D:\nodejs\ecommerce-backened\actions-runner\_work\_temp'
[2026-08-04 07:24:41Z INFO ExecutionContext] Write event payload to D:\nodejs\ecommerce-backened\actions-runner\_work\_temp\_github_workflow\event.json
[2026-08-04 07:24:41Z INFO HostContext] Well known directory 'Bin': 'D:\nodejs\ecommerce-backened\actions-runner\bin'
[2026-08-04 07:24:41Z INFO HostContext] Well known directory 'Root': 'D:\nodejs\ecommerce-backened\actions-runner'
[2026-08-04 07:24:41Z INFO HostContext] Well known directory 'Work': 'D:\nodejs\ecommerce-backened\actions-runner\_work'
[2026-08-04 07:24:41Z INFO HostContext] Well known directory 'Temp': 'D:\nodejs\ecommerce-backened\actions-runner\_work\_temp'
[2026-08-04 07:24:41Z INFO ExtensionManager] Getting extensions for interface: 'GitHub.Runner.Worker.IFileCommandExtension'
[2026-08-04 07:24:41Z INFO ExtensionManager] Creating instance: GitHub.Runner.Worker.AddPathFileCommand, Runner.Worker
[2026-08-04 07:24:41Z INFO ExtensionManager] Creating instance: GitHub.Runner.Worker.SetEnvFileCommand, Runner.Worker
[2026-08-04 07:24:41Z INFO ExtensionManager] Creating instance: GitHub.Runner.Worker.CreateStepSummaryCommand, Runner.Worker
[2026-08-04 07:24:41Z INFO ExtensionManager] Creating instance: GitHub.Runner.Worker.SaveStateFileCommand, Runner.Worker
[2026-08-04 07:24:41Z INFO ExtensionManager] Creating instance: GitHub.Runner.Worker.SetOutputFileCommand, Runner.Worker
[2026-08-04 07:24:41Z INFO ExtensionManager] Creating instance: GitHub.Runner.Worker.CreateArtifactsFileCommand, Runner.Worker
[2026-08-04 07:24:41Z INFO ExtensionManager] Creating instance: GitHub.Runner.Worker.ArtifactsListFileCommand, Runner.Worker
[2026-08-04 07:24:41Z INFO ActionManifestManagerLegacy] Input 'repository': default value evaluate result: {
  "type": 0,
  "file": 2,
  "line": 6,
  "col": 14,
  "lit": "CryptonFuture/Ecommerce_backened"
}
[2026-08-04 07:24:41Z INFO ActionManifestManagerLegacy] Input 'ref': default value evaluate result: ""
[2026-08-04 07:24:41Z INFO ActionManifestManagerLegacy] Input 'token': default value evaluate result: {
  "type": 0,
  "file": 2,
  "line": 24,
  "col": 14,
  "lit": "***"
}
[2026-08-04 07:24:41Z INFO ActionManifestManagerLegacy] Input 'ssh-key': default value evaluate result: ""
[2026-08-04 07:24:41Z INFO ActionManifestManagerLegacy] Input 'ssh-known-hosts': default value evaluate result: ""
[2026-08-04 07:24:41Z INFO ActionManifestManagerLegacy] Input 'ssh-strict': default value evaluate result: {
  "type": 0,
  "file": 2,
  "line": 47,
  "col": 14,
  "lit": "true"
}
[2026-08-04 07:24:41Z INFO ActionManifestManagerLegacy] Input 'ssh-user': default value evaluate result: {
  "type": 0,
  "file": 2,
  "line": 51,
  "col": 14,
  "lit": "git"
}
[2026-08-04 07:24:41Z INFO ActionManifestManagerLegacy] Input 'persist-credentials': default value evaluate result: {
  "type": 0,
  "file": 2,
  "line": 54,
  "col": 14,
  "lit": "true"
}
[2026-08-04 07:24:41Z INFO ActionManifestManagerLegacy] Input 'path': default value evaluate result: ""
[2026-08-04 07:24:41Z INFO ActionManifestManagerLegacy] Input 'clean': default value evaluate result: {
  "type": 0,
  "file": 2,
  "line": 59,
  "col": 14,
  "lit": "true"
}
[2026-08-04 07:24:41Z INFO ActionManifestManagerLegacy] Input 'filter': default value evaluate result: {
  "type": 0,
  "file": 2,
  "line": 64,
  "col": 14,
  "lit": ""
}
[2026-08-04 07:24:41Z INFO ActionManifestManagerLegacy] Input 'sparse-checkout': default value evaluate result: {
  "type": 0,
  "file": 2,
  "line": 69,
  "col": 14,
  "lit": ""
}
[2026-08-04 07:24:41Z INFO ActionManifestManagerLegacy] Input 'sparse-checkout-cone-mode': default value evaluate result: {
  "type": 0,
  "file": 2,
  "line": 73,
  "col": 14,
  "lit": "true"
}
[2026-08-04 07:24:41Z INFO ActionManifestManagerLegacy] Input 'fetch-depth': default value evaluate result: {
  "type": 0,
  "file": 2,
  "line": 76,
  "col": 14,
  "lit": "1"
}
[2026-08-04 07:24:41Z INFO ActionManifestManagerLegacy] Input 'fetch-tags': default value evaluate result: {
  "type": 0,
  "file": 2,
  "line": 79,
  "col": 14,
  "lit": "false"
}
[2026-08-04 07:24:41Z INFO ActionManifestManagerLegacy] Input 'show-progress': default value evaluate result: {
  "type": 0,
  "file": 2,
  "line": 82,
  "col": 14,
  "lit": "true"
}
[2026-08-04 07:24:41Z INFO ActionManifestManagerLegacy] Input 'lfs': default value evaluate result: {
  "type": 0,
  "file": 2,
  "line": 85,
  "col": 14,
  "lit": "false"
}
[2026-08-04 07:24:41Z INFO ActionManifestManagerLegacy] Input 'submodules': default value evaluate result: {
  "type": 0,
  "file": 2,
  "line": 94,
  "col": 14,
  "lit": "false"
}
[2026-08-04 07:24:41Z INFO ActionManifestManagerLegacy] Input 'set-safe-directory': default value evaluate result: {
  "type": 0,
  "file": 2,
  "line": 97,
  "col": 14,
  "lit": "true"
}
[2026-08-04 07:24:41Z INFO ActionManifestManagerLegacy] Input 'github-server-url': default value evaluate result: ""
[2026-08-04 07:24:41Z INFO ActionManifestManagerLegacy] Input 'allow-unsafe-pr-checkout': default value evaluate result: {
  "type": 0,
  "file": 2,
  "line": 109,
  "col": 14,
  "lit": "false"
}
[2026-08-04 07:24:41Z INFO ExtensionManager] Getting extensions for interface: 'GitHub.Runner.Worker.IActionCommandExtension'
[2026-08-04 07:24:41Z INFO ExtensionManager] Creating instance: GitHub.Runner.Worker.InternalPluginSetRepoPathCommandExtension, Runner.Worker
[2026-08-04 07:24:41Z INFO ExtensionManager] Creating instance: GitHub.Runner.Worker.SetEnvCommandExtension, Runner.Worker
[2026-08-04 07:24:41Z INFO ExtensionManager] Creating instance: GitHub.Runner.Worker.SetOutputCommandExtension, Runner.Worker
[2026-08-04 07:24:41Z INFO ExtensionManager] Creating instance: GitHub.Runner.Worker.SaveStateCommandExtension, Runner.Worker
[2026-08-04 07:24:41Z INFO ExtensionManager] Creating instance: GitHub.Runner.Worker.AddPathCommandExtension, Runner.Worker
[2026-08-04 07:24:41Z INFO ExtensionManager] Creating instance: GitHub.Runner.Worker.AddMaskCommandExtension, Runner.Worker
[2026-08-04 07:24:41Z INFO ExtensionManager] Creating instance: GitHub.Runner.Worker.AddMatcherCommandExtension, Runner.Worker
[2026-08-04 07:24:41Z INFO ExtensionManager] Creating instance: GitHub.Runner.Worker.RemoveMatcherCommandExtension, Runner.Worker
[2026-08-04 07:24:41Z INFO ExtensionManager] Creating instance: GitHub.Runner.Worker.WarningCommandExtension, Runner.Worker
[2026-08-04 07:24:41Z INFO ExtensionManager] Creating instance: GitHub.Runner.Worker.ErrorCommandExtension, Runner.Worker
[2026-08-04 07:24:41Z INFO ExtensionManager] Creating instance: GitHub.Runner.Worker.NoticeCommandExtension, Runner.Worker
[2026-08-04 07:24:41Z INFO ExtensionManager] Creating instance: GitHub.Runner.Worker.DebugCommandExtension, Runner.Worker
[2026-08-04 07:24:41Z INFO ExtensionManager] Creating instance: GitHub.Runner.Worker.GroupCommandExtension, Runner.Worker
[2026-08-04 07:24:41Z INFO ExtensionManager] Creating instance: GitHub.Runner.Worker.EndGroupCommandExtension, Runner.Worker
[2026-08-04 07:24:41Z INFO ExtensionManager] Creating instance: GitHub.Runner.Worker.EchoCommandExtension, Runner.Worker
[2026-08-04 07:24:41Z INFO ActionCommandManager] Register action command extension for command internal-set-repo-path
[2026-08-04 07:24:41Z INFO ActionCommandManager] Register action command extension for command set-env
[2026-08-04 07:24:41Z INFO ActionCommandManager] Register action command extension for command set-output
[2026-08-04 07:24:41Z INFO ActionCommandManager] Register action command extension for command save-state
[2026-08-04 07:24:41Z INFO ActionCommandManager] Register action command extension for command add-path
[2026-08-04 07:24:41Z INFO ActionCommandManager] Register action command extension for command add-mask
[2026-08-04 07:24:41Z INFO ActionCommandManager] Register action command extension for command add-matcher
[2026-08-04 07:24:41Z INFO ActionCommandManager] Register action command extension for command remove-matcher
[2026-08-04 07:24:41Z INFO ActionCommandManager] Register action command extension for command warning
[2026-08-04 07:24:41Z INFO ActionCommandManager] Register action command extension for command error
[2026-08-04 07:24:41Z INFO ActionCommandManager] Register action command extension for command notice
[2026-08-04 07:24:41Z INFO ActionCommandManager] Register action command extension for command debug
[2026-08-04 07:24:41Z INFO ActionCommandManager] Register action command extension for command group
[2026-08-04 07:24:41Z INFO ActionCommandManager] Register action command extension for command endgroup
[2026-08-04 07:24:41Z INFO ActionCommandManager] Register action command extension for command echo
[2026-08-04 07:24:41Z INFO HostContext] Well known directory 'Bin': 'D:\nodejs\ecommerce-backened\actions-runner\bin'
[2026-08-04 07:24:41Z INFO HostContext] Well known directory 'Root': 'D:\nodejs\ecommerce-backened\actions-runner'
[2026-08-04 07:24:41Z INFO HostContext] Well known directory 'Externals': 'D:\nodejs\ecommerce-backened\actions-runner\externals'
[2026-08-04 07:24:41Z INFO ProcessInvokerWrapper] Starting process:
[2026-08-04 07:24:41Z INFO ProcessInvokerWrapper]   File name: 'D:\nodejs\ecommerce-backened\actions-runner\externals\node24\bin\node.exe'
[2026-08-04 07:24:41Z INFO ProcessInvokerWrapper]   Arguments: '"D:\nodejs\ecommerce-backened\actions-runner\_work\_actions\actions\checkout\v4\dist/index.js"'
[2026-08-04 07:24:41Z INFO ProcessInvokerWrapper]   Working directory: 'D:\nodejs\ecommerce-backened\actions-runner\_work\Ecommerce_backened\Ecommerce_backened'
[2026-08-04 07:24:41Z INFO ProcessInvokerWrapper]   Require exit code zero: 'False'
[2026-08-04 07:24:41Z INFO ProcessInvokerWrapper]   Encoding web name: utf-8 ; code page: '65001'
[2026-08-04 07:24:41Z INFO ProcessInvokerWrapper]   Force kill process on cancellation: 'False'
[2026-08-04 07:24:41Z INFO ProcessInvokerWrapper]   Redirected STDIN: 'False'
[2026-08-04 07:24:41Z INFO ProcessInvokerWrapper]   Persist current code page: 'True'
[2026-08-04 07:24:41Z INFO ProcessInvokerWrapper]   Keep redirected STDIN open: 'False'
[2026-08-04 07:24:41Z INFO ProcessInvokerWrapper]   High priority process: 'False'
[2026-08-04 07:24:41Z INFO ProcessInvokerWrapper] Process started with process id 14528, waiting for process exit.
[2026-08-04 07:24:41Z INFO JobServerQueue] Try to append 1 batches web console lines for record '98b76d8d-eadb-4a2e-ae1d-3b95c5257ea8', success rate: 1/1.
[2026-08-04 07:24:41Z INFO JobServerQueue] Got a step log file to send to results service.
[2026-08-04 07:24:41Z INFO JobServerQueue] Starting upload of step log file to results service ResultsLog, D:\nodejs\ecommerce-backened\actions-runner\_diag\blocks\186fa9f1-4d4d-4fcc-bfd5-d61d3540db88_b6ecb565-11bc-4494-b36f-916f7e12e9bc.1
[2026-08-04 07:24:41Z INFO JobServerQueue] Try to upload 1 log files or attachments, success rate: 1/1.
[2026-08-04 07:24:42Z INFO JobServerQueue] Try to append 1 batches web console lines for record '98b76d8d-eadb-4a2e-ae1d-3b95c5257ea8', success rate: 1/1.
[2026-08-04 07:24:42Z INFO AddMaskCommandExtension] Add new secret mask with length of 524
[2026-08-04 07:24:42Z INFO JobServerQueue] Try to append 1 batches web console lines for record '98b76d8d-eadb-4a2e-ae1d-3b95c5257ea8', success rate: 1/1.
[2026-08-04 07:24:42Z INFO JobServerQueue] Try to append 1 batches web console lines for record '98b76d8d-eadb-4a2e-ae1d-3b95c5257ea8', success rate: 1/1.
[2026-08-04 07:24:42Z INFO JobServerQueue] Try to append 1 batches web console lines for record '98b76d8d-eadb-4a2e-ae1d-3b95c5257ea8', success rate: 1/1.
[2026-08-04 07:24:43Z INFO JobServerQueue] Tried to upload 1 file(s) to results, success rate: 1/1.
[2026-08-04 07:24:44Z INFO JobServerQueue] Try to append 1 batches web console lines for record '98b76d8d-eadb-4a2e-ae1d-3b95c5257ea8', success rate: 1/1.
[2026-08-04 07:24:44Z INFO JobServerQueue] Try to append 1 batches web console lines for record '98b76d8d-eadb-4a2e-ae1d-3b95c5257ea8', success rate: 1/1.
[2026-08-04 07:24:45Z INFO JobServerQueue] Try to append 1 batches web console lines for record '98b76d8d-eadb-4a2e-ae1d-3b95c5257ea8', success rate: 1/1.
[2026-08-04 07:24:45Z INFO JobServerQueue] Try to append 1 batches web console lines for record '98b76d8d-eadb-4a2e-ae1d-3b95c5257ea8', success rate: 1/1.
[2026-08-04 07:24:46Z INFO JobServerQueue] Try to append 1 batches web console lines for record '98b76d8d-eadb-4a2e-ae1d-3b95c5257ea8', success rate: 1/1.
[2026-08-04 07:24:47Z INFO JobServerQueue] Try to append 1 batches web console lines for record '98b76d8d-eadb-4a2e-ae1d-3b95c5257ea8', success rate: 1/1.
[2026-08-04 07:24:48Z INFO JobServerQueue] Try to append 1 batches web console lines for record '98b76d8d-eadb-4a2e-ae1d-3b95c5257ea8', success rate: 1/1.
[2026-08-04 07:24:49Z INFO JobServerQueue] Try to append 1 batches web console lines for record '98b76d8d-eadb-4a2e-ae1d-3b95c5257ea8', success rate: 1/1.
[2026-08-04 07:24:50Z INFO JobServerQueue] Try to append 1 batches web console lines for record '98b76d8d-eadb-4a2e-ae1d-3b95c5257ea8', success rate: 1/1.
[2026-08-04 07:24:51Z INFO HostContext] Well known directory 'Bin': 'D:\nodejs\ecommerce-backened\actions-runner\bin'
[2026-08-04 07:24:51Z INFO HostContext] Well known directory 'Root': 'D:\nodejs\ecommerce-backened\actions-runner'
[2026-08-04 07:24:51Z INFO HostContext] Well known directory 'Work': 'D:\nodejs\ecommerce-backened\actions-runner\_work'
[2026-08-04 07:25:01Z INFO HostContext] Well known directory 'Bin': 'D:\nodejs\ecommerce-backened\actions-runner\bin'
[2026-08-04 07:25:01Z INFO HostContext] Well known directory 'Root': 'D:\nodejs\ecommerce-backened\actions-runner'
[2026-08-04 07:25:01Z INFO HostContext] Well known directory 'Work': 'D:\nodejs\ecommerce-backened\actions-runner\_work'
[2026-08-04 07:25:11Z INFO HostContext] Well known directory 'Bin': 'D:\nodejs\ecommerce-backened\actions-runner\bin'
[2026-08-04 07:25:11Z INFO HostContext] Well known directory 'Root': 'D:\nodejs\ecommerce-backened\actions-runner'
[2026-08-04 07:25:11Z INFO HostContext] Well known directory 'Work': 'D:\nodejs\ecommerce-backened\actions-runner\_work'
[2026-08-04 07:25:21Z INFO HostContext] Well known directory 'Bin': 'D:\nodejs\ecommerce-backened\actions-runner\bin'
[2026-08-04 07:25:21Z INFO HostContext] Well known directory 'Root': 'D:\nodejs\ecommerce-backened\actions-runner'
[2026-08-04 07:25:21Z INFO HostContext] Well known directory 'Work': 'D:\nodejs\ecommerce-backened\actions-runner\_work'
[2026-08-04 07:25:25Z INFO JobServerQueue] Try to append 1 batches web console lines for record '98b76d8d-eadb-4a2e-ae1d-3b95c5257ea8', success rate: 1/1.
[2026-08-04 07:25:25Z INFO JobServerQueue] Try to append 1 batches web console lines for record '98b76d8d-eadb-4a2e-ae1d-3b95c5257ea8', success rate: 1/1.
[2026-08-04 07:25:26Z INFO JobServerQueue] Try to append 1 batches web console lines for record '98b76d8d-eadb-4a2e-ae1d-3b95c5257ea8', success rate: 1/1.
[2026-08-04 07:25:27Z INFO JobServerQueue] Try to append 1 batches web console lines for record '98b76d8d-eadb-4a2e-ae1d-3b95c5257ea8', success rate: 1/1.
[2026-08-04 07:25:27Z INFO JobServerQueue] Try to append 1 batches web console lines for record '98b76d8d-eadb-4a2e-ae1d-3b95c5257ea8', success rate: 1/1.
[2026-08-04 07:25:27Z INFO JobServerQueue] Try to append 1 batches web console lines for record '98b76d8d-eadb-4a2e-ae1d-3b95c5257ea8', success rate: 1/1.
[2026-08-04 07:25:27Z INFO JobServerQueue] Try to append 1 batches web console lines for record '98b76d8d-eadb-4a2e-ae1d-3b95c5257ea8', success rate: 1/1.
[2026-08-04 07:25:28Z INFO JobServerQueue] Try to append 1 batches web console lines for record '98b76d8d-eadb-4a2e-ae1d-3b95c5257ea8', success rate: 1/1.
[2026-08-04 07:25:30Z INFO JobServerQueue] Try to append 1 batches web console lines for record '98b76d8d-eadb-4a2e-ae1d-3b95c5257ea8', success rate: 1/1.
[2026-08-04 07:25:30Z INFO JobServerQueue] Try to append 1 batches web console lines for record '98b76d8d-eadb-4a2e-ae1d-3b95c5257ea8', success rate: 1/1.
[2026-08-04 07:25:30Z INFO JobServerQueue] Try to append 1 batches web console lines for record '98b76d8d-eadb-4a2e-ae1d-3b95c5257ea8', success rate: 1/1.
[2026-08-04 07:25:31Z INFO HostContext] Well known directory 'Bin': 'D:\nodejs\ecommerce-backened\actions-runner\bin'
[2026-08-04 07:25:31Z INFO HostContext] Well known directory 'Root': 'D:\nodejs\ecommerce-backened\actions-runner'
[2026-08-04 07:25:31Z INFO HostContext] Well known directory 'Work': 'D:\nodejs\ecommerce-backened\actions-runner\_work'
[2026-08-04 07:25:31Z INFO JobServerQueue] Try to append 1 batches web console lines for record '98b76d8d-eadb-4a2e-ae1d-3b95c5257ea8', success rate: 1/1.
[2026-08-04 07:25:31Z INFO JobServerQueue] Try to append 1 batches web console lines for record '98b76d8d-eadb-4a2e-ae1d-3b95c5257ea8', success rate: 1/1.
[2026-08-04 07:25:31Z INFO JobServerQueue] Try to append 1 batches web console lines for record '98b76d8d-eadb-4a2e-ae1d-3b95c5257ea8', success rate: 1/1.
[2026-08-04 07:25:32Z INFO JobServerQueue] Try to append 1 batches web console lines for record '98b76d8d-eadb-4a2e-ae1d-3b95c5257ea8', success rate: 1/1.
[2026-08-04 07:25:34Z INFO JobServerQueue] Try to append 1 batches web console lines for record '98b76d8d-eadb-4a2e-ae1d-3b95c5257ea8', success rate: 1/1.
[2026-08-04 07:25:34Z INFO JobServerQueue] Try to append 1 batches web console lines for record '98b76d8d-eadb-4a2e-ae1d-3b95c5257ea8', success rate: 1/1.
[2026-08-04 07:25:34Z INFO ProcessInvokerWrapper] STDOUT/STDERR stream read finished.
[2026-08-04 07:25:34Z INFO ProcessInvokerWrapper] STDOUT/STDERR stream read finished.
[2026-08-04 07:25:34Z INFO ProcessInvokerWrapper] Finished process 14528 with exit code 0, and elapsed time 00:00:53.1744956.
[2026-08-04 07:25:34Z INFO CreateStepSummaryCommand] Step Summary file (D:\nodejs\ecommerce-backened\actions-runner\_work\_temp\_runner_file_commands\step_summary_57b0c0ac-c78d-4447-a376-3433535f89cc) is empty; skipping attachment upload
[2026-08-04 07:25:34Z INFO StepsRunner] Step result: 
[2026-08-04 07:25:34Z INFO ExecutionContext] Publish step telemetry for current step {
  "action": "actions/checkout",
  "ref": "v4",
  "type": "node24",
  "stage": "Main",
  "stepId": "98b76d8d-eadb-4a2e-ae1d-3b95c5257ea8",
  "stepContextName": "__actions_checkout",
  "hasPreStep": false,
  "hasPostStep": true,
  "result": "succeeded",
  "errorMessages": [
    "no submodule mapping found in .gitmodules for path 'actions-runner/_work/Ecommerce_backened/Ecommerce_backened'",
    "Unable to clean or reset the repository. The repository will be recreated instead."
  ],
  "executionTimeInSeconds": 54,
  "startTime": "2026-08-04T07:24:41.1336253Z",
  "finishTime": "2026-08-04T07:25:34.5497703Z"
}.
[2026-08-04 07:25:34Z INFO StepsRunner] No need for updating job result with current step result 'Succeeded'.
[2026-08-04 07:25:34Z INFO StepsRunner] Current state: job state = ''
[2026-08-04 07:25:34Z INFO StepsRunner] Processing step: DisplayName='Setup Node.js'
[2026-08-04 07:25:34Z INFO StepsRunner] Evaluating: success()
[2026-08-04 07:25:34Z INFO StepsRunner] Result: true
[2026-08-04 07:25:34Z INFO StepsRunner] Starting the step.
[2026-08-04 07:25:34Z INFO HostContext] Well known directory 'Bin': 'D:\nodejs\ecommerce-backened\actions-runner\bin'
[2026-08-04 07:25:34Z INFO HostContext] Well known directory 'Root': 'D:\nodejs\ecommerce-backened\actions-runner'
[2026-08-04 07:25:34Z INFO HostContext] Well known directory 'Work': 'D:\nodejs\ecommerce-backened\actions-runner\_work'
[2026-08-04 07:25:34Z INFO StepsRunner] Which2: 'chcp'
[2026-08-04 07:25:34Z INFO StepsRunner] Location: 'C:\WINDOWS\system32\chcp.COM'
[2026-08-04 07:25:34Z INFO ProcessInvokerWrapper] Starting process:
[2026-08-04 07:25:34Z INFO ProcessInvokerWrapper]   File name: 'C:\WINDOWS\system32\chcp.COM'
[2026-08-04 07:25:34Z INFO ProcessInvokerWrapper]   Arguments: '65001'
[2026-08-04 07:25:34Z INFO ProcessInvokerWrapper]   Working directory: 'D:\nodejs\ecommerce-backened\actions-runner\_work'
[2026-08-04 07:25:34Z INFO ProcessInvokerWrapper]   Require exit code zero: 'False'
[2026-08-04 07:25:34Z INFO ProcessInvokerWrapper]   Encoding web name:  ; code page: ''
[2026-08-04 07:25:34Z INFO ProcessInvokerWrapper]   Force kill process on cancellation: 'False'
[2026-08-04 07:25:34Z INFO ProcessInvokerWrapper]   Redirected STDIN: 'False'
[2026-08-04 07:25:34Z INFO ProcessInvokerWrapper]   Persist current code page: 'True'
[2026-08-04 07:25:34Z INFO ProcessInvokerWrapper]   Keep redirected STDIN open: 'False'
[2026-08-04 07:25:34Z INFO ProcessInvokerWrapper]   High priority process: 'False'
[2026-08-04 07:25:34Z INFO ProcessInvokerWrapper] Process started with process id 19772, waiting for process exit.
[2026-08-04 07:25:34Z INFO ProcessInvokerWrapper] STDOUT/STDERR stream read finished.
[2026-08-04 07:25:34Z INFO ProcessInvokerWrapper] STDOUT/STDERR stream read finished.
[2026-08-04 07:25:34Z INFO ProcessInvokerWrapper] Finished process 19772 with exit code 0, and elapsed time 00:00:00.0215891.
[2026-08-04 07:25:34Z INFO StepsRunner] Successfully returned to code page 65001 (UTF8)
[2026-08-04 07:25:34Z INFO HostContext] Well known directory 'Bin': 'D:\nodejs\ecommerce-backened\actions-runner\bin'
[2026-08-04 07:25:34Z INFO HostContext] Well known directory 'Root': 'D:\nodejs\ecommerce-backened\actions-runner'
[2026-08-04 07:25:34Z INFO HostContext] Well known directory 'Work': 'D:\nodejs\ecommerce-backened\actions-runner\_work'
[2026-08-04 07:25:34Z INFO HostContext] Well known directory 'Actions': 'D:\nodejs\ecommerce-backened\actions-runner\_work\_actions'
[2026-08-04 07:25:34Z INFO ActionManager] Load action that reference repository from 'D:\nodejs\ecommerce-backened\actions-runner\_work\_actions\actions\setup-node\v4'
[2026-08-04 07:25:34Z INFO HostContext] Well known directory 'Bin': 'D:\nodejs\ecommerce-backened\actions-runner\bin'
[2026-08-04 07:25:34Z INFO HostContext] Well known directory 'Root': 'D:\nodejs\ecommerce-backened\actions-runner'
[2026-08-04 07:25:34Z INFO HostContext] Well known directory 'Work': 'D:\nodejs\ecommerce-backened\actions-runner\_work'
[2026-08-04 07:25:34Z INFO HostContext] Well known directory 'Actions': 'D:\nodejs\ecommerce-backened\actions-runner\_work\_actions'
[2026-08-04 07:25:34Z INFO ActionManifestManagerLegacy] Ignore action property author.
[2026-08-04 07:25:34Z INFO ActionManifestManagerLegacy] Loaded action.yml file: {
  "name": "Setup Node.js environment",
  "description": "Setup a Node.js environment by adding problem matchers and optionally downloading and adding it to the PATH.",
  "inputs": {
    "type": 2,
    "map": [
      {
        "key": {
          "type": 0,
          "file": 3,
          "line": 5,
          "col": 3,
          "lit": "always-auth"
        },
        "value": {
          "type": 0,
          "file": 3,
          "line": 7,
          "col": 14,
          "lit": "false"
        }
      },
      {
        "key": {
          "type": 0,
          "file": 3,
          "line": 8,
          "col": 3,
          "lit": "node-version"
        },
        "value": ""
      },
      {
        "key": {
          "type": 0,
          "file": 3,
          "line": 10,
          "col": 3,
          "lit": "node-version-file"
        },
        "value": ""
      },
      {
        "key": {
          "type": 0,
          "file": 3,
          "line": 12,
          "col": 3,
          "lit": "architecture"
        },
        "value": ""
      },
      {
        "key": {
          "type": 0,
          "file": 3,
          "line": 14,
          "col": 3,
          "lit": "check-latest"
        },
        "value": {
          "type": 0,
          "file": 3,
          "line": 16,
          "col": 14,
          "lit": "false"
        }
      },
      {
        "key": {
          "type": 0,
          "file": 3,
          "line": 17,
          "col": 3,
          "lit": "registry-url"
        },
        "value": ""
      },
      {
        "key": {
          "type": 0,
          "file": 3,
          "line": 19,
          "col": 3,
          "lit": "scope"
        },
        "value": ""
      },
      {
        "key": {
          "type": 0,
          "file": 3,
          "line": 21,
          "col": 3,
          "lit": "token"
        },
        "value": {
          "type": 3,
          "file": 3,
          "line": 23,
          "col": 14,
          "expr": "github.server_url == 'https://github.com' && github.token || ''"
        }
      },
      {
        "key": {
          "type": 0,
          "file": 3,
          "line": 24,
          "col": 3,
          "lit": "cache"
        },
        "value": ""
      },
      {
        "key": {
          "type": 0,
          "file": 3,
          "line": 26,
          "col": 3,
          "lit": "cache-dependency-path"
        },
        "value": ""
      },
      {
        "key": {
          "type": 0,
          "file": 3,
          "line": 28,
          "col": 3,
          "lit": "mirror"
        },
        "value": ""
      },
      {
        "key": {
          "type": 0,
          "file": 3,
          "line": 30,
          "col": 3,
          "lit": "mirror-token"
        },
        "value": ""
      }
    ]
  },
  "execution": {
    "executionType": "nodeJS",
    "hasPre": false,
    "hasPost": true,
    "script": "dist/setup/index.js",
    "pre": null,
    "post": "dist/cache-save/index.js",
    "nodeVersion": "node20",
    "cleanupCondition": "success()",
    "initCondition": "always()"
  },
  "deprecated": null
}
[2026-08-04 07:25:34Z INFO ActionManager] Action pre node.js file: N/A.
[2026-08-04 07:25:34Z INFO ActionManager] Action node.js file: dist/setup/index.js.
[2026-08-04 07:25:34Z INFO ActionManager] Action post node.js file: dist/cache-save/index.js.
[2026-08-04 07:25:34Z INFO HostContext] Well known directory 'Bin': 'D:\nodejs\ecommerce-backened\actions-runner\bin'
[2026-08-04 07:25:34Z INFO HostContext] Well known directory 'Root': 'D:\nodejs\ecommerce-backened\actions-runner'
[2026-08-04 07:25:34Z INFO HostContext] Well known directory 'Diag': 'D:\nodejs\ecommerce-backened\actions-runner\_diag'
[2026-08-04 07:25:34Z INFO HostContext] Well known directory 'Bin': 'D:\nodejs\ecommerce-backened\actions-runner\bin'
[2026-08-04 07:25:34Z INFO HostContext] Well known directory 'Root': 'D:\nodejs\ecommerce-backened\actions-runner'
[2026-08-04 07:25:34Z INFO HostContext] Well known directory 'Diag': 'D:\nodejs\ecommerce-backened\actions-runner\_diag'
[2026-08-04 07:25:34Z INFO HostContext] Well known directory 'Bin': 'D:\nodejs\ecommerce-backened\actions-runner\bin'
[2026-08-04 07:25:34Z INFO HostContext] Well known directory 'Root': 'D:\nodejs\ecommerce-backened\actions-runner'
[2026-08-04 07:25:34Z INFO HostContext] Well known directory 'Work': 'D:\nodejs\ecommerce-backened\actions-runner\_work'
[2026-08-04 07:25:34Z INFO HostContext] Well known directory 'Temp': 'D:\nodejs\ecommerce-backened\actions-runner\_work\_temp'
[2026-08-04 07:25:34Z INFO ExecutionContext] Write event payload to D:\nodejs\ecommerce-backened\actions-runner\_work\_temp\_github_workflow\event.json
[2026-08-04 07:25:34Z INFO HostContext] Well known directory 'Bin': 'D:\nodejs\ecommerce-backened\actions-runner\bin'
[2026-08-04 07:25:34Z INFO HostContext] Well known directory 'Root': 'D:\nodejs\ecommerce-backened\actions-runner'
[2026-08-04 07:25:34Z INFO HostContext] Well known directory 'Work': 'D:\nodejs\ecommerce-backened\actions-runner\_work'
[2026-08-04 07:25:34Z INFO HostContext] Well known directory 'Temp': 'D:\nodejs\ecommerce-backened\actions-runner\_work\_temp'
[2026-08-04 07:25:34Z INFO ExtensionManager] Getting extensions for interface: 'GitHub.Runner.Worker.IFileCommandExtension'
[2026-08-04 07:25:34Z INFO JobServerQueue] Try to append 1 batches web console lines for record '98b76d8d-eadb-4a2e-ae1d-3b95c5257ea8', success rate: 1/1.
[2026-08-04 07:25:34Z INFO ActionManifestManagerLegacy] Input 'always-auth': default value evaluate result: {
  "type": 0,
  "file": 3,
  "line": 7,
  "col": 14,
  "lit": "false"
}
[2026-08-04 07:25:34Z INFO ActionManifestManagerLegacy] Input 'node-version-file': default value evaluate result: ""
[2026-08-04 07:25:34Z INFO ActionManifestManagerLegacy] Input 'architecture': default value evaluate result: ""
[2026-08-04 07:25:34Z INFO ActionManifestManagerLegacy] Input 'check-latest': default value evaluate result: {
  "type": 0,
  "file": 3,
  "line": 16,
  "col": 14,
  "lit": "false"
}
[2026-08-04 07:25:34Z INFO ActionManifestManagerLegacy] Input 'registry-url': default value evaluate result: ""
[2026-08-04 07:25:34Z INFO ActionManifestManagerLegacy] Input 'scope': default value evaluate result: ""
[2026-08-04 07:25:34Z INFO ActionManifestManagerLegacy] Input 'token': default value evaluate result: {
  "type": 0,
  "file": 3,
  "line": 23,
  "col": 14,
  "lit": "***"
}
[2026-08-04 07:25:34Z INFO ActionManifestManagerLegacy] Input 'cache': default value evaluate result: ""
[2026-08-04 07:25:34Z INFO ActionManifestManagerLegacy] Input 'cache-dependency-path': default value evaluate result: ""
[2026-08-04 07:25:34Z INFO ActionManifestManagerLegacy] Input 'mirror': default value evaluate result: ""
[2026-08-04 07:25:34Z INFO ActionManifestManagerLegacy] Input 'mirror-token': default value evaluate result: ""
[2026-08-04 07:25:34Z INFO ExtensionManager] Getting extensions for interface: 'GitHub.Runner.Worker.IActionCommandExtension'
[2026-08-04 07:25:34Z INFO ActionCommandManager] Register action command extension for command internal-set-repo-path
[2026-08-04 07:25:34Z INFO ActionCommandManager] Register action command extension for command set-env
[2026-08-04 07:25:34Z INFO ActionCommandManager] Register action command extension for command set-output
[2026-08-04 07:25:34Z INFO ActionCommandManager] Register action command extension for command save-state
[2026-08-04 07:25:34Z INFO ActionCommandManager] Register action command extension for command add-path
[2026-08-04 07:25:34Z INFO ActionCommandManager] Register action command extension for command add-mask
[2026-08-04 07:25:34Z INFO ActionCommandManager] Register action command extension for command add-matcher
[2026-08-04 07:25:34Z INFO ActionCommandManager] Register action command extension for command remove-matcher
[2026-08-04 07:25:34Z INFO ActionCommandManager] Register action command extension for command warning
[2026-08-04 07:25:34Z INFO ActionCommandManager] Register action command extension for command error
[2026-08-04 07:25:34Z INFO ActionCommandManager] Register action command extension for command notice
[2026-08-04 07:25:34Z INFO ActionCommandManager] Register action command extension for command debug
[2026-08-04 07:25:34Z INFO ActionCommandManager] Register action command extension for command group
[2026-08-04 07:25:34Z INFO ActionCommandManager] Register action command extension for command endgroup
[2026-08-04 07:25:34Z INFO ActionCommandManager] Register action command extension for command echo
[2026-08-04 07:25:34Z INFO HostContext] Well known directory 'Bin': 'D:\nodejs\ecommerce-backened\actions-runner\bin'
[2026-08-04 07:25:34Z INFO HostContext] Well known directory 'Root': 'D:\nodejs\ecommerce-backened\actions-runner'
[2026-08-04 07:25:34Z INFO HostContext] Well known directory 'Externals': 'D:\nodejs\ecommerce-backened\actions-runner\externals'
[2026-08-04 07:25:34Z INFO ProcessInvokerWrapper] Starting process:
[2026-08-04 07:25:34Z INFO ProcessInvokerWrapper]   File name: 'D:\nodejs\ecommerce-backened\actions-runner\externals\node24\bin\node.exe'
[2026-08-04 07:25:34Z INFO ProcessInvokerWrapper]   Arguments: '"D:\nodejs\ecommerce-backened\actions-runner\_work\_actions\actions\setup-node\v4\dist/setup/index.js"'
[2026-08-04 07:25:34Z INFO ProcessInvokerWrapper]   Working directory: 'D:\nodejs\ecommerce-backened\actions-runner\_work\Ecommerce_backened\Ecommerce_backened'
[2026-08-04 07:25:34Z INFO ProcessInvokerWrapper]   Require exit code zero: 'False'
[2026-08-04 07:25:34Z INFO ProcessInvokerWrapper]   Encoding web name: utf-8 ; code page: '65001'
[2026-08-04 07:25:34Z INFO ProcessInvokerWrapper]   Force kill process on cancellation: 'False'
[2026-08-04 07:25:34Z INFO ProcessInvokerWrapper]   Redirected STDIN: 'False'
[2026-08-04 07:25:34Z INFO ProcessInvokerWrapper]   Persist current code page: 'True'
[2026-08-04 07:25:34Z INFO ProcessInvokerWrapper]   Keep redirected STDIN open: 'False'
[2026-08-04 07:25:34Z INFO ProcessInvokerWrapper]   High priority process: 'False'
[2026-08-04 07:25:34Z INFO ProcessInvokerWrapper] Process started with process id 19236, waiting for process exit.
[2026-08-04 07:25:34Z INFO JobServerQueue] Try to append 1 batches web console lines for record '6e9e0498-a835-4424-b142-147b66b84d1e', success rate: 1/1.
[2026-08-04 07:25:35Z INFO JobServerQueue] Got a step log file to send to results service.
[2026-08-04 07:25:35Z INFO JobServerQueue] Starting upload of step log file to results service ResultsLog, D:\nodejs\ecommerce-backened\actions-runner\_diag\blocks\186fa9f1-4d4d-4fcc-bfd5-d61d3540db88_98b76d8d-eadb-4a2e-ae1d-3b95c5257ea8.1
[2026-08-04 07:25:35Z INFO JobServerQueue] Try to upload 1 log files or attachments, success rate: 1/1.
[2026-08-04 07:25:35Z INFO JobServerQueue] Tried to upload 1 file(s) to results, success rate: 1/1.
[2026-08-04 07:25:36Z INFO JobServerQueue] Try to append 1 batches web console lines for record '6e9e0498-a835-4424-b142-147b66b84d1e', success rate: 1/1.
[2026-08-04 07:25:37Z INFO ProcessInvokerWrapper] STDOUT/STDERR stream read finished.
[2026-08-04 07:25:37Z INFO ProcessInvokerWrapper] STDOUT/STDERR stream read finished.
[2026-08-04 07:25:37Z INFO ProcessInvokerWrapper] Finished process 19236 with exit code 0, and elapsed time 00:00:03.0160992.
[2026-08-04 07:25:37Z INFO CreateStepSummaryCommand] Step Summary file (D:\nodejs\ecommerce-backened\actions-runner\_work\_temp\_runner_file_commands\step_summary_cb96d147-f469-498b-917b-f082eeb17f67) is empty; skipping attachment upload
[2026-08-04 07:25:37Z INFO StepsRunner] Step result: 
[2026-08-04 07:25:37Z INFO ExecutionContext] Publish step telemetry for current step {
  "action": "actions/setup-node",
  "ref": "v4",
  "type": "node24",
  "stage": "Main",
  "stepId": "6e9e0498-a835-4424-b142-147b66b84d1e",
  "stepContextName": "__actions_setup-node",
  "hasPreStep": false,
  "hasPostStep": true,
  "result": "succeeded",
  "errorMessages": [],
  "executionTimeInSeconds": 4,
  "startTime": "2026-08-04T07:25:34.5540501Z",
  "finishTime": "2026-08-04T07:25:37.6365909Z"
}.
[2026-08-04 07:25:37Z INFO StepsRunner] No need for updating job result with current step result 'Succeeded'.
[2026-08-04 07:25:37Z INFO StepsRunner] Current state: job state = ''
[2026-08-04 07:25:37Z INFO StepsRunner] Processing step: DisplayName='Install Packages'
[2026-08-04 07:25:37Z INFO StepsRunner] Evaluating: success()
[2026-08-04 07:25:37Z INFO StepsRunner] Result: true
[2026-08-04 07:25:37Z INFO StepsRunner] Starting the step.
[2026-08-04 07:25:37Z INFO HostContext] Well known directory 'Bin': 'D:\nodejs\ecommerce-backened\actions-runner\bin'
[2026-08-04 07:25:37Z INFO HostContext] Well known directory 'Root': 'D:\nodejs\ecommerce-backened\actions-runner'
[2026-08-04 07:25:37Z INFO HostContext] Well known directory 'Work': 'D:\nodejs\ecommerce-backened\actions-runner\_work'
[2026-08-04 07:25:37Z INFO StepsRunner] Which2: 'chcp'
[2026-08-04 07:25:37Z INFO StepsRunner] Location: 'C:\WINDOWS\system32\chcp.COM'
[2026-08-04 07:25:37Z INFO ProcessInvokerWrapper] Starting process:
[2026-08-04 07:25:37Z INFO ProcessInvokerWrapper]   File name: 'C:\WINDOWS\system32\chcp.COM'
[2026-08-04 07:25:37Z INFO ProcessInvokerWrapper]   Arguments: '65001'
[2026-08-04 07:25:37Z INFO ProcessInvokerWrapper]   Working directory: 'D:\nodejs\ecommerce-backened\actions-runner\_work'
[2026-08-04 07:25:37Z INFO ProcessInvokerWrapper]   Require exit code zero: 'False'
[2026-08-04 07:25:37Z INFO ProcessInvokerWrapper]   Encoding web name:  ; code page: ''
[2026-08-04 07:25:37Z INFO ProcessInvokerWrapper]   Force kill process on cancellation: 'False'
[2026-08-04 07:25:37Z INFO ProcessInvokerWrapper]   Redirected STDIN: 'False'
[2026-08-04 07:25:37Z INFO ProcessInvokerWrapper]   Persist current code page: 'True'
[2026-08-04 07:25:37Z INFO ProcessInvokerWrapper]   Keep redirected STDIN open: 'False'
[2026-08-04 07:25:37Z INFO ProcessInvokerWrapper]   High priority process: 'False'
[2026-08-04 07:25:37Z INFO ProcessInvokerWrapper] Process started with process id 17892, waiting for process exit.
[2026-08-04 07:25:37Z INFO ProcessInvokerWrapper] STDOUT/STDERR stream read finished.
[2026-08-04 07:25:37Z INFO ProcessInvokerWrapper] STDOUT/STDERR stream read finished.
[2026-08-04 07:25:37Z INFO ProcessInvokerWrapper] Finished process 17892 with exit code 0, and elapsed time 00:00:00.0196031.
[2026-08-04 07:25:37Z INFO StepsRunner] Successfully returned to code page 65001 (UTF8)
[2026-08-04 07:25:37Z INFO HostContext] Well known directory 'Bin': 'D:\nodejs\ecommerce-backened\actions-runner\bin'
[2026-08-04 07:25:37Z INFO HostContext] Well known directory 'Root': 'D:\nodejs\ecommerce-backened\actions-runner'
[2026-08-04 07:25:37Z INFO HostContext] Well known directory 'Work': 'D:\nodejs\ecommerce-backened\actions-runner\_work'
[2026-08-04 07:25:37Z INFO HostContext] Well known directory 'Temp': 'D:\nodejs\ecommerce-backened\actions-runner\_work\_temp'
[2026-08-04 07:25:37Z INFO ExecutionContext] Write event payload to D:\nodejs\ecommerce-backened\actions-runner\_work\_temp\_github_workflow\event.json
[2026-08-04 07:25:37Z INFO HostContext] Well known directory 'Bin': 'D:\nodejs\ecommerce-backened\actions-runner\bin'
[2026-08-04 07:25:37Z INFO HostContext] Well known directory 'Root': 'D:\nodejs\ecommerce-backened\actions-runner'
[2026-08-04 07:25:37Z INFO HostContext] Well known directory 'Work': 'D:\nodejs\ecommerce-backened\actions-runner\_work'
[2026-08-04 07:25:37Z INFO HostContext] Well known directory 'Temp': 'D:\nodejs\ecommerce-backened\actions-runner\_work\_temp'
[2026-08-04 07:25:37Z INFO ExtensionManager] Getting extensions for interface: 'GitHub.Runner.Worker.IFileCommandExtension'
[2026-08-04 07:25:37Z INFO ExtensionManager] Getting extensions for interface: 'GitHub.Runner.Worker.IActionCommandExtension'
[2026-08-04 07:25:37Z INFO ActionCommandManager] Register action command extension for command internal-set-repo-path
[2026-08-04 07:25:37Z INFO ActionCommandManager] Register action command extension for command set-env
[2026-08-04 07:25:37Z INFO JobServerQueue] Try to append 1 batches web console lines for record '6e9e0498-a835-4424-b142-147b66b84d1e', success rate: 1/1.
[2026-08-04 07:25:37Z INFO ActionCommandManager] Register action command extension for command set-output
[2026-08-04 07:25:37Z INFO ActionCommandManager] Register action command extension for command save-state
[2026-08-04 07:25:37Z INFO ActionCommandManager] Register action command extension for command add-path
[2026-08-04 07:25:37Z INFO ActionCommandManager] Register action command extension for command add-mask
[2026-08-04 07:25:37Z INFO ActionCommandManager] Register action command extension for command add-matcher
[2026-08-04 07:25:37Z INFO ActionCommandManager] Register action command extension for command remove-matcher
[2026-08-04 07:25:37Z INFO ActionCommandManager] Register action command extension for command warning
[2026-08-04 07:25:37Z INFO ActionCommandManager] Register action command extension for command error
[2026-08-04 07:25:37Z INFO ActionCommandManager] Register action command extension for command notice
[2026-08-04 07:25:37Z INFO ActionCommandManager] Register action command extension for command debug
[2026-08-04 07:25:37Z INFO ActionCommandManager] Register action command extension for command group
[2026-08-04 07:25:37Z INFO ActionCommandManager] Register action command extension for command endgroup
[2026-08-04 07:25:37Z INFO ActionCommandManager] Register action command extension for command echo
[2026-08-04 07:25:37Z INFO ScriptHandler] Which2: 'cmd'
[2026-08-04 07:25:37Z INFO ScriptHandler] Location: 'C:\WINDOWS\system32\cmd.EXE'
[2026-08-04 07:25:37Z INFO HostContext] Well known directory 'Bin': 'D:\nodejs\ecommerce-backened\actions-runner\bin'
[2026-08-04 07:25:37Z INFO HostContext] Well known directory 'Root': 'D:\nodejs\ecommerce-backened\actions-runner'
[2026-08-04 07:25:37Z INFO HostContext] Well known directory 'Work': 'D:\nodejs\ecommerce-backened\actions-runner\_work'
[2026-08-04 07:25:37Z INFO HostContext] Well known directory 'Temp': 'D:\nodejs\ecommerce-backened\actions-runner\_work\_temp'
[2026-08-04 07:25:37Z INFO ScriptHandler] Which2: 'cmd'
[2026-08-04 07:25:37Z INFO ScriptHandler] Location: 'C:\WINDOWS\system32\cmd.EXE'
[2026-08-04 07:25:37Z INFO ProcessInvokerWrapper] Starting process:
[2026-08-04 07:25:37Z INFO ProcessInvokerWrapper]   File name: 'C:\WINDOWS\system32\cmd.EXE'
[2026-08-04 07:25:37Z INFO ProcessInvokerWrapper]   Arguments: '/D /E:ON /V:OFF /S /C "CALL "D:\nodejs\ecommerce-backened\actions-runner\_work\_temp\5081e5b2-4c0d-4aa9-96f0-2033201e2be5.cmd""'
[2026-08-04 07:25:37Z INFO ProcessInvokerWrapper]   Working directory: 'D:\nodejs\ecommerce-backened\actions-runner\_work\Ecommerce_backened\Ecommerce_backened'
[2026-08-04 07:25:37Z INFO ProcessInvokerWrapper]   Require exit code zero: 'False'
[2026-08-04 07:25:37Z INFO ProcessInvokerWrapper]   Encoding web name:  ; code page: ''
[2026-08-04 07:25:37Z INFO ProcessInvokerWrapper]   Force kill process on cancellation: 'False'
[2026-08-04 07:25:37Z INFO ProcessInvokerWrapper]   Redirected STDIN: 'False'
[2026-08-04 07:25:37Z INFO ProcessInvokerWrapper]   Persist current code page: 'True'
[2026-08-04 07:25:37Z INFO ProcessInvokerWrapper]   Keep redirected STDIN open: 'False'
[2026-08-04 07:25:37Z INFO ProcessInvokerWrapper]   High priority process: 'False'
[2026-08-04 07:25:37Z INFO ProcessInvokerWrapper] Process started with process id 19896, waiting for process exit.
[2026-08-04 07:25:37Z INFO JobServerQueue] Try to append 1 batches web console lines for record 'ddcaeda9-fc65-479c-a2c6-54e391abff24', success rate: 1/1.
[2026-08-04 07:25:37Z INFO JobServerQueue] Got a step log file to send to results service.
[2026-08-04 07:25:37Z INFO JobServerQueue] Starting upload of step log file to results service ResultsLog, D:\nodejs\ecommerce-backened\actions-runner\_diag\blocks\186fa9f1-4d4d-4fcc-bfd5-d61d3540db88_6e9e0498-a835-4424-b142-147b66b84d1e.1
[2026-08-04 07:25:38Z INFO JobServerQueue] Stop aggressive process web console line queue.
[2026-08-04 07:25:38Z INFO JobServerQueue] Try to upload 1 log files or attachments, success rate: 1/1.
[2026-08-04 07:25:38Z INFO JobServerQueue] Tried to upload 1 file(s) to results, success rate: 1/1.
[2026-08-04 07:25:41Z INFO HostContext] Well known directory 'Bin': 'D:\nodejs\ecommerce-backened\actions-runner\bin'
[2026-08-04 07:25:41Z INFO HostContext] Well known directory 'Root': 'D:\nodejs\ecommerce-backened\actions-runner'
[2026-08-04 07:25:41Z INFO HostContext] Well known directory 'Work': 'D:\nodejs\ecommerce-backened\actions-runner\_work'
[2026-08-04 07:25:51Z INFO HostContext] Well known directory 'Bin': 'D:\nodejs\ecommerce-backened\actions-runner\bin'
[2026-08-04 07:25:51Z INFO HostContext] Well known directory 'Root': 'D:\nodejs\ecommerce-backened\actions-runner'
[2026-08-04 07:25:51Z INFO HostContext] Well known directory 'Work': 'D:\nodejs\ecommerce-backened\actions-runner\_work'
[2026-08-04 07:26:01Z INFO HostContext] Well known directory 'Bin': 'D:\nodejs\ecommerce-backened\actions-runner\bin'
[2026-08-04 07:26:01Z INFO HostContext] Well known directory 'Root': 'D:\nodejs\ecommerce-backened\actions-runner'
[2026-08-04 07:26:01Z INFO HostContext] Well known directory 'Work': 'D:\nodejs\ecommerce-backened\actions-runner\_work'
[2026-08-04 07:26:11Z INFO HostContext] Well known directory 'Bin': 'D:\nodejs\ecommerce-backened\actions-runner\bin'
[2026-08-04 07:26:11Z INFO HostContext] Well known directory 'Root': 'D:\nodejs\ecommerce-backened\actions-runner'
[2026-08-04 07:26:11Z INFO HostContext] Well known directory 'Work': 'D:\nodejs\ecommerce-backened\actions-runner\_work'
[2026-08-04 07:26:11Z INFO JobServerQueue] Try to append 1 batches web console lines for record 'ddcaeda9-fc65-479c-a2c6-54e391abff24', success rate: 1/1.
[2026-08-04 07:26:12Z INFO ProcessInvokerWrapper] STDOUT/STDERR stream read finished.
[2026-08-04 07:26:12Z INFO ProcessInvokerWrapper] STDOUT/STDERR stream read finished.
[2026-08-04 07:26:12Z INFO ProcessInvokerWrapper] Finished process 19896 with exit code 0, and elapsed time 00:00:34.9880486.
[2026-08-04 07:26:12Z INFO CreateStepSummaryCommand] Step Summary file (D:\nodejs\ecommerce-backened\actions-runner\_work\_temp\_runner_file_commands\step_summary_f4c948a4-ae73-41f3-9082-82fb54fa05d5) is empty; skipping attachment upload
[2026-08-04 07:26:12Z INFO StepsRunner] Step result: 
[2026-08-04 07:26:12Z INFO ExecutionContext] Publish step telemetry for current step {
  "action": "cmd",
  "type": "run",
  "stage": "Main",
  "stepId": "ddcaeda9-fc65-479c-a2c6-54e391abff24",
  "stepContextName": "__run",
  "result": "succeeded",
  "errorMessages": [],
  "executionTimeInSeconds": 36,
  "startTime": "2026-08-04T07:25:37.6377957Z",
  "finishTime": "2026-08-04T07:26:12.6921744Z"
}.
[2026-08-04 07:26:12Z INFO StepsRunner] No need for updating job result with current step result 'Succeeded'.
[2026-08-04 07:26:12Z INFO StepsRunner] Current state: job state = ''
[2026-08-04 07:26:12Z INFO StepsRunner] Processing step: DisplayName='Run Tests'
[2026-08-04 07:26:12Z INFO StepsRunner] Evaluating: success()
[2026-08-04 07:26:12Z INFO StepsRunner] Result: true
[2026-08-04 07:26:12Z INFO StepsRunner] Starting the step.
[2026-08-04 07:26:12Z INFO HostContext] Well known directory 'Bin': 'D:\nodejs\ecommerce-backened\actions-runner\bin'
[2026-08-04 07:26:12Z INFO HostContext] Well known directory 'Root': 'D:\nodejs\ecommerce-backened\actions-runner'
[2026-08-04 07:26:12Z INFO HostContext] Well known directory 'Work': 'D:\nodejs\ecommerce-backened\actions-runner\_work'
[2026-08-04 07:26:12Z INFO StepsRunner] Which2: 'chcp'
[2026-08-04 07:26:12Z INFO StepsRunner] Location: 'C:\WINDOWS\system32\chcp.COM'
[2026-08-04 07:26:12Z INFO ProcessInvokerWrapper] Starting process:
[2026-08-04 07:26:12Z INFO ProcessInvokerWrapper]   File name: 'C:\WINDOWS\system32\chcp.COM'
[2026-08-04 07:26:12Z INFO ProcessInvokerWrapper]   Arguments: '65001'
[2026-08-04 07:26:12Z INFO ProcessInvokerWrapper]   Working directory: 'D:\nodejs\ecommerce-backened\actions-runner\_work'
[2026-08-04 07:26:12Z INFO ProcessInvokerWrapper]   Require exit code zero: 'False'
[2026-08-04 07:26:12Z INFO ProcessInvokerWrapper]   Encoding web name:  ; code page: ''
[2026-08-04 07:26:12Z INFO ProcessInvokerWrapper]   Force kill process on cancellation: 'False'
[2026-08-04 07:26:12Z INFO ProcessInvokerWrapper]   Redirected STDIN: 'False'
[2026-08-04 07:26:12Z INFO ProcessInvokerWrapper]   Persist current code page: 'True'
[2026-08-04 07:26:12Z INFO ProcessInvokerWrapper]   Keep redirected STDIN open: 'False'
[2026-08-04 07:26:12Z INFO ProcessInvokerWrapper]   High priority process: 'False'
[2026-08-04 07:26:12Z INFO ProcessInvokerWrapper] Process started with process id 1844, waiting for process exit.
[2026-08-04 07:26:12Z INFO ProcessInvokerWrapper] STDOUT/STDERR stream read finished.
[2026-08-04 07:26:12Z INFO ProcessInvokerWrapper] STDOUT/STDERR stream read finished.
[2026-08-04 07:26:12Z INFO ProcessInvokerWrapper] Finished process 1844 with exit code 0, and elapsed time 00:00:00.0164815.
[2026-08-04 07:26:12Z INFO StepsRunner] Successfully returned to code page 65001 (UTF8)
[2026-08-04 07:26:12Z INFO HostContext] Well known directory 'Bin': 'D:\nodejs\ecommerce-backened\actions-runner\bin'
[2026-08-04 07:26:12Z INFO HostContext] Well known directory 'Root': 'D:\nodejs\ecommerce-backened\actions-runner'
[2026-08-04 07:26:12Z INFO HostContext] Well known directory 'Work': 'D:\nodejs\ecommerce-backened\actions-runner\_work'
[2026-08-04 07:26:12Z INFO HostContext] Well known directory 'Temp': 'D:\nodejs\ecommerce-backened\actions-runner\_work\_temp'
[2026-08-04 07:26:12Z INFO ExecutionContext] Write event payload to D:\nodejs\ecommerce-backened\actions-runner\_work\_temp\_github_workflow\event.json
[2026-08-04 07:26:12Z INFO HostContext] Well known directory 'Bin': 'D:\nodejs\ecommerce-backened\actions-runner\bin'
[2026-08-04 07:26:12Z INFO HostContext] Well known directory 'Root': 'D:\nodejs\ecommerce-backened\actions-runner'
[2026-08-04 07:26:12Z INFO HostContext] Well known directory 'Work': 'D:\nodejs\ecommerce-backened\actions-runner\_work'
[2026-08-04 07:26:12Z INFO HostContext] Well known directory 'Temp': 'D:\nodejs\ecommerce-backened\actions-runner\_work\_temp'
[2026-08-04 07:26:12Z INFO ExtensionManager] Getting extensions for interface: 'GitHub.Runner.Worker.IFileCommandExtension'
[2026-08-04 07:26:12Z INFO ExtensionManager] Getting extensions for interface: 'GitHub.Runner.Worker.IActionCommandExtension'
[2026-08-04 07:26:12Z INFO ActionCommandManager] Register action command extension for command internal-set-repo-path
[2026-08-04 07:26:12Z INFO ActionCommandManager] Register action command extension for command set-env
[2026-08-04 07:26:12Z INFO ActionCommandManager] Register action command extension for command set-output
[2026-08-04 07:26:12Z INFO ActionCommandManager] Register action command extension for command save-state
[2026-08-04 07:26:12Z INFO ActionCommandManager] Register action command extension for command add-path
[2026-08-04 07:26:12Z INFO ActionCommandManager] Register action command extension for command add-mask
[2026-08-04 07:26:12Z INFO ActionCommandManager] Register action command extension for command add-matcher
[2026-08-04 07:26:12Z INFO ActionCommandManager] Register action command extension for command remove-matcher
[2026-08-04 07:26:12Z INFO ActionCommandManager] Register action command extension for command warning
[2026-08-04 07:26:12Z INFO ActionCommandManager] Register action command extension for command error
[2026-08-04 07:26:12Z INFO ActionCommandManager] Register action command extension for command notice
[2026-08-04 07:26:12Z INFO ActionCommandManager] Register action command extension for command debug
[2026-08-04 07:26:12Z INFO ActionCommandManager] Register action command extension for command group
[2026-08-04 07:26:12Z INFO ActionCommandManager] Register action command extension for command endgroup
[2026-08-04 07:26:12Z INFO ActionCommandManager] Register action command extension for command echo
[2026-08-04 07:26:12Z INFO ScriptHandler] Which2: 'pwsh'
[2026-08-04 07:26:12Z INFO ScriptHandler] pwsh: command not found. Make sure 'pwsh' is installed and its location included in the 'Path' environment variable.
[2026-08-04 07:26:12Z INFO ScriptHandler] Defaulting to powershell
[2026-08-04 07:26:12Z INFO ScriptHandler] Which2: 'powershell'
[2026-08-04 07:26:12Z INFO ScriptHandler] Location: 'C:\WINDOWS\System32\WindowsPowerShell\v1.0\powershell.EXE'
[2026-08-04 07:26:12Z INFO HostContext] Well known directory 'Bin': 'D:\nodejs\ecommerce-backened\actions-runner\bin'
[2026-08-04 07:26:12Z INFO HostContext] Well known directory 'Root': 'D:\nodejs\ecommerce-backened\actions-runner'
[2026-08-04 07:26:12Z INFO HostContext] Well known directory 'Work': 'D:\nodejs\ecommerce-backened\actions-runner\_work'
[2026-08-04 07:26:12Z INFO HostContext] Well known directory 'Temp': 'D:\nodejs\ecommerce-backened\actions-runner\_work\_temp'
[2026-08-04 07:26:12Z INFO ScriptHandler] Which2: 'pwsh'
[2026-08-04 07:26:12Z INFO ScriptHandler] pwsh: command not found. Make sure 'pwsh' is installed and its location included in the 'Path' environment variable.
[2026-08-04 07:26:12Z INFO ScriptHandler] Defaulting to powershell
[2026-08-04 07:26:12Z INFO ScriptHandler] Which2: 'powershell'
[2026-08-04 07:26:12Z INFO ScriptHandler] Location: 'C:\WINDOWS\System32\WindowsPowerShell\v1.0\powershell.EXE'
[2026-08-04 07:26:12Z INFO ProcessInvokerWrapper] Starting process:
[2026-08-04 07:26:12Z INFO ProcessInvokerWrapper]   File name: 'C:\WINDOWS\System32\WindowsPowerShell\v1.0\powershell.EXE'
[2026-08-04 07:26:12Z INFO ProcessInvokerWrapper]   Arguments: '-command ". 'D:\nodejs\ecommerce-backened\actions-runner\_work\_temp\ccff314c-3a30-4594-ac38-5b7f99a89c82.ps1'"'
[2026-08-04 07:26:12Z INFO ProcessInvokerWrapper]   Working directory: 'D:\nodejs\ecommerce-backened\actions-runner\_work\Ecommerce_backened\Ecommerce_backened'
[2026-08-04 07:26:12Z INFO ProcessInvokerWrapper]   Require exit code zero: 'False'
[2026-08-04 07:26:12Z INFO ProcessInvokerWrapper]   Encoding web name:  ; code page: ''
[2026-08-04 07:26:12Z INFO ProcessInvokerWrapper]   Force kill process on cancellation: 'False'
[2026-08-04 07:26:12Z INFO ProcessInvokerWrapper]   Redirected STDIN: 'False'
[2026-08-04 07:26:12Z INFO ProcessInvokerWrapper]   Persist current code page: 'True'
[2026-08-04 07:26:12Z INFO ProcessInvokerWrapper]   Keep redirected STDIN open: 'False'
[2026-08-04 07:26:12Z INFO ProcessInvokerWrapper]   High priority process: 'False'
[2026-08-04 07:26:12Z INFO ProcessInvokerWrapper] Process started with process id 16516, waiting for process exit.
[2026-08-04 07:26:13Z INFO JobServerQueue] Got a step log file to send to results service.
[2026-08-04 07:26:13Z INFO JobServerQueue] Starting upload of step log file to results service ResultsLog, D:\nodejs\ecommerce-backened\actions-runner\_diag\blocks\186fa9f1-4d4d-4fcc-bfd5-d61d3540db88_ddcaeda9-fc65-479c-a2c6-54e391abff24.1
[2026-08-04 07:26:13Z INFO JobServerQueue] Try to append 1 batches web console lines for record '45addc45-908b-4c9a-ae25-738e0c434719', success rate: 1/1.
[2026-08-04 07:26:13Z INFO JobServerQueue] Try to upload 1 log files or attachments, success rate: 1/1.
[2026-08-04 07:26:13Z INFO ProcessInvokerWrapper] STDOUT/STDERR stream read finished.
[2026-08-04 07:26:13Z INFO ProcessInvokerWrapper] STDOUT/STDERR stream read finished.
[2026-08-04 07:26:13Z INFO ProcessInvokerWrapper] Finished process 16516 with exit code 1, and elapsed time 00:00:01.0172414.
[2026-08-04 07:26:13Z INFO CreateStepSummaryCommand] Step Summary file (D:\nodejs\ecommerce-backened\actions-runner\_work\_temp\_runner_file_commands\step_summary_80897c04-d513-407a-a84a-e234cb8b5e5b) is empty; skipping attachment upload
[2026-08-04 07:26:13Z INFO StepsRunner] Step result: Failed
[2026-08-04 07:26:13Z INFO ExecutionContext] Publish step telemetry for current step {
  "action": "powershell",
  "type": "run",
  "stage": "Main",
  "stepId": "45addc45-908b-4c9a-ae25-738e0c434719",
  "stepContextName": "__run_2",
  "result": "failed",
  "errorMessages": [
    "Process completed with exit code 1."
  ],
  "executionTimeInSeconds": 2,
  "startTime": "2026-08-04T07:26:12.6963335Z",
  "finishTime": "2026-08-04T07:26:13.8128791Z"
}.
[2026-08-04 07:26:13Z INFO StepsRunner] Update job result with current step result 'Failed'.
[2026-08-04 07:26:13Z INFO StepsRunner] Current state: job state = 'Failed'
[2026-08-04 07:26:13Z INFO StepsRunner] Processing step: DisplayName='Stop Containers'
[2026-08-04 07:26:13Z INFO StepsRunner] Evaluating: success()
[2026-08-04 07:26:13Z INFO StepsRunner] Result: false
[2026-08-04 07:26:13Z INFO StepsRunner] Skipping step due to condition evaluation.
[2026-08-04 07:26:13Z INFO StepsRunner] No need for updating job result with current step result 'Skipped'.
[2026-08-04 07:26:13Z INFO StepsRunner] Current state: job state = 'Failed'
[2026-08-04 07:26:13Z INFO StepsRunner] Processing step: DisplayName='Build & Start Containers'
[2026-08-04 07:26:13Z INFO StepsRunner] Evaluating: success()
[2026-08-04 07:26:13Z INFO StepsRunner] Result: false
[2026-08-04 07:26:13Z INFO StepsRunner] Skipping step due to condition evaluation.
[2026-08-04 07:26:13Z INFO StepsRunner] No need for updating job result with current step result 'Skipped'.
[2026-08-04 07:26:13Z INFO StepsRunner] Current state: job state = 'Failed'
[2026-08-04 07:26:13Z INFO StepsRunner] Processing step: DisplayName='Remove Unused Images'
[2026-08-04 07:26:13Z INFO StepsRunner] Evaluating: success()
[2026-08-04 07:26:13Z INFO StepsRunner] Result: false
[2026-08-04 07:26:13Z INFO StepsRunner] Skipping step due to condition evaluation.
[2026-08-04 07:26:13Z INFO StepsRunner] No need for updating job result with current step result 'Skipped'.
[2026-08-04 07:26:13Z INFO StepsRunner] Current state: job state = 'Failed'
[2026-08-04 07:26:13Z INFO StepsRunner] Processing step: DisplayName='Post Setup Node.js'
[2026-08-04 07:26:13Z INFO StepsRunner] Evaluating: success()
[2026-08-04 07:26:13Z INFO StepsRunner] Result: false
[2026-08-04 07:26:13Z INFO StepsRunner] Skipping step due to condition evaluation.
[2026-08-04 07:26:13Z INFO StepsRunner] No need for updating job result with current step result 'Skipped'.
[2026-08-04 07:26:13Z INFO StepsRunner] Current state: job state = 'Failed'
[2026-08-04 07:26:13Z INFO StepsRunner] Processing step: DisplayName='Post Checkout Code'
[2026-08-04 07:26:13Z INFO StepsRunner] Evaluating: always()
[2026-08-04 07:26:13Z INFO StepsRunner] Result: true
[2026-08-04 07:26:13Z INFO StepsRunner] Starting the step.
[2026-08-04 07:26:13Z INFO HostContext] Well known directory 'Bin': 'D:\nodejs\ecommerce-backened\actions-runner\bin'
[2026-08-04 07:26:13Z INFO HostContext] Well known directory 'Root': 'D:\nodejs\ecommerce-backened\actions-runner'
[2026-08-04 07:26:13Z INFO HostContext] Well known directory 'Work': 'D:\nodejs\ecommerce-backened\actions-runner\_work'
[2026-08-04 07:26:13Z INFO StepsRunner] Which2: 'chcp'
[2026-08-04 07:26:13Z INFO StepsRunner] Location: 'C:\WINDOWS\system32\chcp.COM'
[2026-08-04 07:26:13Z INFO ProcessInvokerWrapper] Starting process:
[2026-08-04 07:26:13Z INFO ProcessInvokerWrapper]   File name: 'C:\WINDOWS\system32\chcp.COM'
[2026-08-04 07:26:13Z INFO ProcessInvokerWrapper]   Arguments: '65001'
[2026-08-04 07:26:13Z INFO ProcessInvokerWrapper]   Working directory: 'D:\nodejs\ecommerce-backened\actions-runner\_work'
[2026-08-04 07:26:13Z INFO ProcessInvokerWrapper]   Require exit code zero: 'False'
[2026-08-04 07:26:13Z INFO ProcessInvokerWrapper]   Encoding web name:  ; code page: ''
[2026-08-04 07:26:13Z INFO ProcessInvokerWrapper]   Force kill process on cancellation: 'False'
[2026-08-04 07:26:13Z INFO ProcessInvokerWrapper]   Redirected STDIN: 'False'
[2026-08-04 07:26:13Z INFO ProcessInvokerWrapper]   Persist current code page: 'True'
[2026-08-04 07:26:13Z INFO ProcessInvokerWrapper]   Keep redirected STDIN open: 'False'
[2026-08-04 07:26:13Z INFO ProcessInvokerWrapper]   High priority process: 'False'
[2026-08-04 07:26:13Z INFO ProcessInvokerWrapper] Process started with process id 13336, waiting for process exit.
[2026-08-04 07:26:13Z INFO ProcessInvokerWrapper] STDOUT/STDERR stream read finished.
[2026-08-04 07:26:13Z INFO ProcessInvokerWrapper] STDOUT/STDERR stream read finished.
[2026-08-04 07:26:13Z INFO ProcessInvokerWrapper] Finished process 13336 with exit code 0, and elapsed time 00:00:00.0212714.
[2026-08-04 07:26:13Z INFO StepsRunner] Successfully returned to code page 65001 (UTF8)
[2026-08-04 07:26:13Z INFO HostContext] Well known directory 'Bin': 'D:\nodejs\ecommerce-backened\actions-runner\bin'
[2026-08-04 07:26:13Z INFO HostContext] Well known directory 'Root': 'D:\nodejs\ecommerce-backened\actions-runner'
[2026-08-04 07:26:13Z INFO HostContext] Well known directory 'Work': 'D:\nodejs\ecommerce-backened\actions-runner\_work'
[2026-08-04 07:26:13Z INFO HostContext] Well known directory 'Actions': 'D:\nodejs\ecommerce-backened\actions-runner\_work\_actions'
[2026-08-04 07:26:13Z INFO ActionManager] Load action that reference repository from 'D:\nodejs\ecommerce-backened\actions-runner\_work\_actions\actions\checkout\v4'
[2026-08-04 07:26:13Z INFO HostContext] Well known directory 'Bin': 'D:\nodejs\ecommerce-backened\actions-runner\bin'
[2026-08-04 07:26:13Z INFO HostContext] Well known directory 'Root': 'D:\nodejs\ecommerce-backened\actions-runner'
[2026-08-04 07:26:13Z INFO HostContext] Well known directory 'Work': 'D:\nodejs\ecommerce-backened\actions-runner\_work'
[2026-08-04 07:26:13Z INFO HostContext] Well known directory 'Actions': 'D:\nodejs\ecommerce-backened\actions-runner\_work\_actions'
[2026-08-04 07:26:13Z INFO ActionManifestManagerLegacy] Loaded action.yml file: {
  "name": "Checkout",
  "description": "Checkout a Git repository at a particular version",
  "inputs": {
    "type": 2,
    "map": [
      {
        "key": {
          "type": 0,
          "file": 2,
          "line": 4,
          "col": 3,
          "lit": "repository"
        },
        "value": {
          "type": 3,
          "file": 2,
          "line": 6,
          "col": 14,
          "expr": "github.repository"
        }
      },
      {
        "key": {
          "type": 0,
          "file": 2,
          "line": 7,
          "col": 3,
          "lit": "ref"
        },
        "value": ""
      },
      {
        "key": {
          "type": 0,
          "file": 2,
          "line": 12,
          "col": 3,
          "lit": "token"
        },
        "value": {
          "type": 3,
          "file": 2,
          "line": 24,
          "col": 14,
          "expr": "github.token"
        }
      },
      {
        "key": {
          "type": 0,
          "file": 2,
          "line": 25,
          "col": 3,
          "lit": "ssh-key"
        },
        "value": ""
      },
      {
        "key": {
          "type": 0,
          "file": 2,
          "line": 37,
          "col": 3,
          "lit": "ssh-known-hosts"
        },
        "value": ""
      },
      {
        "key": {
          "type": 0,
          "file": 2,
          "line": 42,
          "col": 3,
          "lit": "ssh-strict"
        },
        "value": {
          "type": 0,
          "file": 2,
          "line": 47,
          "col": 14,
          "lit": "true"
        }
      },
      {
        "key": {
          "type": 0,
          "file": 2,
          "line": 48,
          "col": 3,
          "lit": "ssh-user"
        },
        "value": {
          "type": 0,
          "file": 2,
          "line": 51,
          "col": 14,
          "lit": "git"
        }
      },
      {
        "key": {
          "type": 0,
          "file": 2,
          "line": 52,
          "col": 3,
          "lit": "persist-credentials"
        },
        "value": {
          "type": 0,
          "file": 2,
          "line": 54,
          "col": 14,
          "lit": "true"
        }
      },
      {
        "key": {
          "type": 0,
          "file": 2,
          "line": 55,
          "col": 3,
          "lit": "path"
        },
        "value": ""
      },
      {
        "key": {
          "type": 0,
          "file": 2,
          "line": 57,
          "col": 3,
          "lit": "clean"
        },
        "value": {
          "type": 0,
          "file": 2,
          "line": 59,
          "col": 14,
          "lit": "true"
        }
      },
      {
        "key": {
          "type": 0,
          "file": 2,
          "line": 60,
          "col": 3,
          "lit": "filter"
        },
        "value": {
          "type": 0,
          "file": 2,
          "line": 64,
          "col": 14,
          "lit": ""
        }
      },
      {
        "key": {
          "type": 0,
          "file": 2,
          "line": 65,
          "col": 3,
          "lit": "sparse-checkout"
        },
        "value": {
          "type": 0,
          "file": 2,
          "line": 69,
          "col": 14,
          "lit": ""
        }
      },
      {
        "key": {
          "type": 0,
          "file": 2,
          "line": 70,
          "col": 3,
          "lit": "sparse-checkout-cone-mode"
        },
        "value": {
          "type": 0,
          "file": 2,
          "line": 73,
          "col": 14,
          "lit": "true"
        }
      },
      {
        "key": {
          "type": 0,
          "file": 2,
          "line": 74,
          "col": 3,
          "lit": "fetch-depth"
        },
        "value": {
          "type": 0,
          "file": 2,
          "line": 76,
          "col": 14,
          "lit": "1"
        }
      },
      {
        "key": {
          "type": 0,
          "file": 2,
          "line": 77,
          "col": 3,
          "lit": "fetch-tags"
        },
        "value": {
          "type": 0,
          "file": 2,
          "line": 79,
          "col": 14,
          "lit": "false"
        }
      },
      {
        "key": {
          "type": 0,
          "file": 2,
          "line": 80,
          "col": 3,
          "lit": "show-progress"
        },
        "value": {
          "type": 0,
          "file": 2,
          "line": 82,
          "col": 14,
          "lit": "true"
        }
      },
      {
        "key": {
          "type": 0,
          "file": 2,
          "line": 83,
          "col": 3,
          "lit": "lfs"
        },
        "value": {
          "type": 0,
          "file": 2,
          "line": 85,
          "col": 14,
          "lit": "false"
        }
      },
      {
        "key": {
          "type": 0,
          "file": 2,
          "line": 86,
          "col": 3,
          "lit": "submodules"
        },
        "value": {
          "type": 0,
          "file": 2,
          "line": 94,
          "col": 14,
          "lit": "false"
        }
      },
      {
        "key": {
          "type": 0,
          "file": 2,
          "line": 95,
          "col": 3,
          "lit": "set-safe-directory"
        },
        "value": {
          "type": 0,
          "file": 2,
          "line": 97,
          "col": 14,
          "lit": "true"
        }
      },
      {
        "key": {
          "type": 0,
          "file": 2,
          "line": 98,
          "col": 3,
          "lit": "github-server-url"
        },
        "value": ""
      },
      {
        "key": {
          "type": 0,
          "file": 2,
          "line": 101,
          "col": 3,
          "lit": "allow-unsafe-pr-checkout"
        },
        "value": {
          "type": 0,
          "file": 2,
          "line": 109,
          "col": 14,
          "lit": "false"
        }
      }
    ]
  },
  "execution": {
    "executionType": "nodeJS",
    "hasPre": false,
    "hasPost": true,
    "script": "dist/index.js",
    "pre": null,
    "post": "dist/index.js",
    "nodeVersion": "node20",
    "cleanupCondition": "always()",
    "initCondition": "always()"
  },
  "deprecated": null
}
[2026-08-04 07:26:13Z INFO ActionManager] Action pre node.js file: N/A.
[2026-08-04 07:26:13Z INFO ActionManager] Action node.js file: dist/index.js.
[2026-08-04 07:26:13Z INFO ActionManager] Action post node.js file: dist/index.js.
[2026-08-04 07:26:13Z INFO HostContext] Well known directory 'Bin': 'D:\nodejs\ecommerce-backened\actions-runner\bin'
[2026-08-04 07:26:13Z INFO HostContext] Well known directory 'Root': 'D:\nodejs\ecommerce-backened\actions-runner'
[2026-08-04 07:26:13Z INFO HostContext] Well known directory 'Work': 'D:\nodejs\ecommerce-backened\actions-runner\_work'
[2026-08-04 07:26:13Z INFO HostContext] Well known directory 'Temp': 'D:\nodejs\ecommerce-backened\actions-runner\_work\_temp'
[2026-08-04 07:26:13Z INFO ExecutionContext] Write event payload to D:\nodejs\ecommerce-backened\actions-runner\_work\_temp\_github_workflow\event.json
[2026-08-04 07:26:13Z INFO HostContext] Well known directory 'Bin': 'D:\nodejs\ecommerce-backened\actions-runner\bin'
[2026-08-04 07:26:13Z INFO HostContext] Well known directory 'Root': 'D:\nodejs\ecommerce-backened\actions-runner'
[2026-08-04 07:26:13Z INFO HostContext] Well known directory 'Work': 'D:\nodejs\ecommerce-backened\actions-runner\_work'
[2026-08-04 07:26:13Z INFO HostContext] Well known directory 'Temp': 'D:\nodejs\ecommerce-backened\actions-runner\_work\_temp'
[2026-08-04 07:26:13Z INFO ExtensionManager] Getting extensions for interface: 'GitHub.Runner.Worker.IFileCommandExtension'
[2026-08-04 07:26:13Z INFO ActionManifestManagerLegacy] Input 'repository': default value evaluate result: {
  "type": 0,
  "file": 2,
  "line": 6,
  "col": 14,
  "lit": "CryptonFuture/Ecommerce_backened"
}
[2026-08-04 07:26:13Z INFO ActionManifestManagerLegacy] Input 'ref': default value evaluate result: ""
[2026-08-04 07:26:13Z INFO ActionManifestManagerLegacy] Input 'token': default value evaluate result: {
  "type": 0,
  "file": 2,
  "line": 24,
  "col": 14,
  "lit": "***"
}
[2026-08-04 07:26:13Z INFO ActionManifestManagerLegacy] Input 'ssh-key': default value evaluate result: ""
[2026-08-04 07:26:13Z INFO ActionManifestManagerLegacy] Input 'ssh-known-hosts': default value evaluate result: ""
[2026-08-04 07:26:13Z INFO ActionManifestManagerLegacy] Input 'ssh-strict': default value evaluate result: {
  "type": 0,
  "file": 2,
  "line": 47,
  "col": 14,
  "lit": "true"
}
[2026-08-04 07:26:13Z INFO ActionManifestManagerLegacy] Input 'ssh-user': default value evaluate result: {
  "type": 0,
  "file": 2,
  "line": 51,
  "col": 14,
  "lit": "git"
}
[2026-08-04 07:26:13Z INFO ActionManifestManagerLegacy] Input 'persist-credentials': default value evaluate result: {
  "type": 0,
  "file": 2,
  "line": 54,
  "col": 14,
  "lit": "true"
}
[2026-08-04 07:26:13Z INFO ActionManifestManagerLegacy] Input 'path': default value evaluate result: ""
[2026-08-04 07:26:13Z INFO ActionManifestManagerLegacy] Input 'clean': default value evaluate result: {
  "type": 0,
  "file": 2,
  "line": 59,
  "col": 14,
  "lit": "true"
}
[2026-08-04 07:26:13Z INFO ActionManifestManagerLegacy] Input 'filter': default value evaluate result: {
  "type": 0,
  "file": 2,
  "line": 64,
  "col": 14,
  "lit": ""
}
[2026-08-04 07:26:13Z INFO ActionManifestManagerLegacy] Input 'sparse-checkout': default value evaluate result: {
  "type": 0,
  "file": 2,
  "line": 69,
  "col": 14,
  "lit": ""
}
[2026-08-04 07:26:13Z INFO ActionManifestManagerLegacy] Input 'sparse-checkout-cone-mode': default value evaluate result: {
  "type": 0,
  "file": 2,
  "line": 73,
  "col": 14,
  "lit": "true"
}
[2026-08-04 07:26:13Z INFO ActionManifestManagerLegacy] Input 'fetch-depth': default value evaluate result: {
  "type": 0,
  "file": 2,
  "line": 76,
  "col": 14,
  "lit": "1"
}
[2026-08-04 07:26:13Z INFO ActionManifestManagerLegacy] Input 'fetch-tags': default value evaluate result: {
  "type": 0,
  "file": 2,
  "line": 79,
  "col": 14,
  "lit": "false"
}
[2026-08-04 07:26:13Z INFO ActionManifestManagerLegacy] Input 'show-progress': default value evaluate result: {
  "type": 0,
  "file": 2,
  "line": 82,
  "col": 14,
  "lit": "true"
}
[2026-08-04 07:26:13Z INFO ActionManifestManagerLegacy] Input 'lfs': default value evaluate result: {
  "type": 0,
  "file": 2,
  "line": 85,
  "col": 14,
  "lit": "false"
}
[2026-08-04 07:26:13Z INFO ActionManifestManagerLegacy] Input 'submodules': default value evaluate result: {
  "type": 0,
  "file": 2,
  "line": 94,
  "col": 14,
  "lit": "false"
}
[2026-08-04 07:26:13Z INFO ActionManifestManagerLegacy] Input 'set-safe-directory': default value evaluate result: {
  "type": 0,
  "file": 2,
  "line": 97,
  "col": 14,
  "lit": "true"
}
[2026-08-04 07:26:13Z INFO ActionManifestManagerLegacy] Input 'github-server-url': default value evaluate result: ""
[2026-08-04 07:26:13Z INFO ActionManifestManagerLegacy] Input 'allow-unsafe-pr-checkout': default value evaluate result: {
  "type": 0,
  "file": 2,
  "line": 109,
  "col": 14,
  "lit": "false"
}
[2026-08-04 07:26:13Z INFO ExtensionManager] Getting extensions for interface: 'GitHub.Runner.Worker.IActionCommandExtension'
[2026-08-04 07:26:13Z INFO ActionCommandManager] Register action command extension for command internal-set-repo-path
[2026-08-04 07:26:13Z INFO ActionCommandManager] Register action command extension for command set-env
[2026-08-04 07:26:13Z INFO ActionCommandManager] Register action command extension for command set-output
[2026-08-04 07:26:13Z INFO ActionCommandManager] Register action command extension for command save-state
[2026-08-04 07:26:13Z INFO ActionCommandManager] Register action command extension for command add-path
[2026-08-04 07:26:13Z INFO ActionCommandManager] Register action command extension for command add-mask
[2026-08-04 07:26:13Z INFO ActionCommandManager] Register action command extension for command add-matcher
[2026-08-04 07:26:13Z INFO ActionCommandManager] Register action command extension for command remove-matcher
[2026-08-04 07:26:13Z INFO ActionCommandManager] Register action command extension for command warning
[2026-08-04 07:26:13Z INFO ActionCommandManager] Register action command extension for command error
[2026-08-04 07:26:13Z INFO ActionCommandManager] Register action command extension for command notice
[2026-08-04 07:26:13Z INFO ActionCommandManager] Register action command extension for command debug
[2026-08-04 07:26:13Z INFO ActionCommandManager] Register action command extension for command group
[2026-08-04 07:26:13Z INFO ActionCommandManager] Register action command extension for command endgroup
[2026-08-04 07:26:13Z INFO ActionCommandManager] Register action command extension for command echo
[2026-08-04 07:26:13Z INFO HostContext] Well known directory 'Bin': 'D:\nodejs\ecommerce-backened\actions-runner\bin'
[2026-08-04 07:26:13Z INFO HostContext] Well known directory 'Root': 'D:\nodejs\ecommerce-backened\actions-runner'
[2026-08-04 07:26:13Z INFO HostContext] Well known directory 'Externals': 'D:\nodejs\ecommerce-backened\actions-runner\externals'
[2026-08-04 07:26:13Z INFO ProcessInvokerWrapper] Starting process:
[2026-08-04 07:26:13Z INFO ProcessInvokerWrapper]   File name: 'D:\nodejs\ecommerce-backened\actions-runner\externals\node24\bin\node.exe'
[2026-08-04 07:26:13Z INFO ProcessInvokerWrapper]   Arguments: '"D:\nodejs\ecommerce-backened\actions-runner\_work\_actions\actions\checkout\v4\dist/index.js"'
[2026-08-04 07:26:13Z INFO ProcessInvokerWrapper]   Working directory: 'D:\nodejs\ecommerce-backened\actions-runner\_work\Ecommerce_backened\Ecommerce_backened'
[2026-08-04 07:26:13Z INFO ProcessInvokerWrapper]   Require exit code zero: 'False'
[2026-08-04 07:26:13Z INFO ProcessInvokerWrapper]   Encoding web name: utf-8 ; code page: '65001'
[2026-08-04 07:26:13Z INFO ProcessInvokerWrapper]   Force kill process on cancellation: 'False'
[2026-08-04 07:26:13Z INFO ProcessInvokerWrapper]   Redirected STDIN: 'False'
[2026-08-04 07:26:13Z INFO ProcessInvokerWrapper]   Persist current code page: 'True'
[2026-08-04 07:26:13Z INFO ProcessInvokerWrapper]   Keep redirected STDIN open: 'False'
[2026-08-04 07:26:13Z INFO ProcessInvokerWrapper]   High priority process: 'False'
[2026-08-04 07:26:13Z INFO ProcessInvokerWrapper] Process started with process id 15424, waiting for process exit.
[2026-08-04 07:26:13Z INFO JobServerQueue] Tried to upload 1 file(s) to results, success rate: 1/1.
[2026-08-04 07:26:14Z INFO JobServerQueue] Try to append 1 batches web console lines for record '45addc45-908b-4c9a-ae25-738e0c434719', success rate: 1/1.
[2026-08-04 07:26:14Z INFO JobServerQueue] Try to append 1 batches web console lines for record 'fd166654-6cc9-4cb8-819e-0b532892663f', success rate: 1/1.
[2026-08-04 07:26:14Z INFO JobServerQueue] Try to upload 1 log files or attachments, success rate: 1/1.
[2026-08-04 07:26:14Z INFO AddMaskCommandExtension] Add new secret mask with length of 32
[2026-08-04 07:26:14Z INFO JobServerQueue] Try to append 1 batches web console lines for record 'fd166654-6cc9-4cb8-819e-0b532892663f', success rate: 1/1.
[2026-08-04 07:26:15Z INFO JobServerQueue] Got a step log file to send to results service.
[2026-08-04 07:26:15Z INFO JobServerQueue] Starting upload of step log file to results service ResultsLog, D:\nodejs\ecommerce-backened\actions-runner\_diag\blocks\186fa9f1-4d4d-4fcc-bfd5-d61d3540db88_45addc45-908b-4c9a-ae25-738e0c434719.1
[2026-08-04 07:26:15Z INFO JobServerQueue] Try to append 1 batches web console lines for record 'fd166654-6cc9-4cb8-819e-0b532892663f', success rate: 1/1.
[2026-08-04 07:26:15Z INFO JobServerQueue] Tried to upload 1 file(s) to results, success rate: 1/1.
[2026-08-04 07:26:16Z INFO ProcessInvokerWrapper] STDOUT/STDERR stream read finished.
[2026-08-04 07:26:16Z INFO ProcessInvokerWrapper] STDOUT/STDERR stream read finished.
[2026-08-04 07:26:16Z INFO ProcessInvokerWrapper] Finished process 15424 with exit code 0, and elapsed time 00:00:02.4074447.
[2026-08-04 07:26:16Z INFO CreateStepSummaryCommand] Step Summary file (D:\nodejs\ecommerce-backened\actions-runner\_work\_temp\_runner_file_commands\step_summary_ebbbb0ab-59cf-42f4-913e-a4eeda0c5ebe) is empty; skipping attachment upload
[2026-08-04 07:26:16Z INFO StepsRunner] Step result: 
[2026-08-04 07:26:16Z INFO ExecutionContext] Publish step telemetry for current step {
  "action": "actions/checkout",
  "ref": "v4",
  "type": "node24",
  "stage": "Post",
  "stepId": "fd166654-6cc9-4cb8-819e-0b532892663f",
  "result": "succeeded",
  "errorMessages": [
    "The process 'C:\\Program Files\\Git\\cmd\\git.exe' failed with exit code 128"
  ],
  "executionTimeInSeconds": 3,
  "startTime": "2026-08-04T07:26:13.8284236Z",
  "finishTime": "2026-08-04T07:26:16.3395927Z"
}.
[2026-08-04 07:26:16Z INFO StepsRunner] No need for updating job result with current step result 'Succeeded'.
[2026-08-04 07:26:16Z INFO StepsRunner] Current state: job state = 'Failed'
[2026-08-04 07:26:16Z INFO JobRunner] Finalize job.
[2026-08-04 07:26:16Z INFO HostContext] Well known directory 'Bin': 'D:\nodejs\ecommerce-backened\actions-runner\bin'
[2026-08-04 07:26:16Z INFO HostContext] Well known directory 'Root': 'D:\nodejs\ecommerce-backened\actions-runner'
[2026-08-04 07:26:16Z INFO HostContext] Well known directory 'Diag': 'D:\nodejs\ecommerce-backened\actions-runner\_diag'
[2026-08-04 07:26:16Z INFO HostContext] Well known directory 'Bin': 'D:\nodejs\ecommerce-backened\actions-runner\bin'
[2026-08-04 07:26:16Z INFO HostContext] Well known directory 'Root': 'D:\nodejs\ecommerce-backened\actions-runner'
[2026-08-04 07:26:16Z INFO HostContext] Well known directory 'Diag': 'D:\nodejs\ecommerce-backened\actions-runner\_diag'
[2026-08-04 07:26:16Z INFO JobExtension] Initialize Env context
[2026-08-04 07:26:16Z INFO JobExtension] Initialize steps context
[2026-08-04 07:26:16Z INFO JobExtension] Total accessible running process: 268.
[2026-08-04 07:26:16Z INFO JobExtension] Inspecting process environment variables. PID: 17724 (chrome)
[2026-08-04 07:26:16Z INFO JobExtension] Wait for all connectivity checks to finish.
[2026-08-04 07:26:16Z INFO JobExtension] Connectivity check result: {
  "endpointUrl": "https://broker.actions.githubusercontent.com/health",
  "endpointIPs": null,
  "startTime": "2026-08-04T07:24:41.0715909Z",
  "statusCode": "http_OK",
  "requestId": "2591:82B47:74F851:781F15:6A7193B6",
  "httpRequestDurationInMs": 895,
  "dnsResolutionDurationInMs": 0,
  "dnsError": null
}
[2026-08-04 07:26:16Z INFO JobExtension] Connectivity check result: {
  "endpointUrl": "https://token.actions.githubusercontent.com/ready",
  "endpointIPs": null,
  "startTime": "2026-08-04T07:24:41.0744481Z",
  "statusCode": "http_NoContent",
  "requestId": "2595:11C8B4:B9E8466:D70735A:6A7193B6",
  "httpRequestDurationInMs": 893,
  "dnsResolutionDurationInMs": 0,
  "dnsError": null
}
[2026-08-04 07:26:16Z INFO JobExtension] Connectivity check result: {
  "endpointUrl": "https://run.actions.githubusercontent.com/health",
  "endpointIPs": null,
  "startTime": "2026-08-04T07:24:41.0751048Z",
  "statusCode": "http_OK",
  "requestId": "C62E:379E30:74ABDB:765F9D:6A7193B6",
  "httpRequestDurationInMs": 892,
  "dnsResolutionDurationInMs": 0,
  "dnsError": null
}
[2026-08-04 07:26:16Z INFO ExecutionContext] Publish step telemetry for current step {
  "action": "complete_job",
  "type": "runner",
  "stage": "Post",
  "stepId": "2dbc2926-9c3f-4385-9e01-e4d70d722342",
  "result": "succeeded",
  "errorMessages": [
    "Node.js 20 is deprecated. The following actions target Node.js 20 but are being forced to run on Node.js 24: actions/checkout@v4, actions/setup-node@v4. For more information see: https://github.blog/changelog/2025-09-19-deprecation-of-node-20-on-github-act"
  ],
  "executionTimeInSeconds": 1,
  "startTime": "2026-08-04T07:26:16.363779Z",
  "finishTime": "2026-08-04T07:26:16.4401844Z"
}.
[2026-08-04 07:26:16Z INFO JobRunner] Job result after all job steps finish: Failed
[2026-08-04 07:26:16Z INFO JobRunner] Completing the job execution context.
[2026-08-04 07:26:16Z INFO JobRunner] Shutting down the job server queue.
[2026-08-04 07:26:16Z INFO JobServerQueue] Fire signal to shutdown all queues.
[2026-08-04 07:26:16Z INFO JobServerQueue] All queue process task stopped.
[2026-08-04 07:26:16Z INFO JobServerQueue] Try to append 1 batches web console lines for record 'fd166654-6cc9-4cb8-819e-0b532892663f', success rate: 1/1.
[2026-08-04 07:26:16Z INFO JobServerQueue] Try to append 1 batches web console lines for record '2dbc2926-9c3f-4385-9e01-e4d70d722342', success rate: 1/1.
[2026-08-04 07:26:16Z INFO JobServerQueue] Web console line queue drained.
[2026-08-04 07:26:16Z INFO JobServerQueue] Uploading 3 files in one shot.
[2026-08-04 07:26:16Z INFO JobServerQueue] Try to upload 3 log files or attachments, success rate: 3/3.
[2026-08-04 07:26:16Z INFO JobServerQueue] File upload queue drained.
[2026-08-04 07:26:16Z INFO JobServerQueue] Starting results-based upload queue...
[2026-08-04 07:26:16Z INFO JobServerQueue] Uploading 3 file(s) in one shot through results service.
[2026-08-04 07:26:16Z INFO JobServerQueue] Got a step log file to send to results service.
[2026-08-04 07:26:16Z INFO JobServerQueue] Starting upload of step log file to results service ResultsLog, D:\nodejs\ecommerce-backened\actions-runner\_diag\blocks\186fa9f1-4d4d-4fcc-bfd5-d61d3540db88_fd166654-6cc9-4cb8-819e-0b532892663f.1
[2026-08-04 07:26:17Z INFO JobServerQueue] Got a step log file to send to results service.
[2026-08-04 07:26:17Z INFO JobServerQueue] Starting upload of step log file to results service ResultsLog, D:\nodejs\ecommerce-backened\actions-runner\_diag\blocks\186fa9f1-4d4d-4fcc-bfd5-d61d3540db88_2dbc2926-9c3f-4385-9e01-e4d70d722342.1
[2026-08-04 07:26:18Z INFO JobServerQueue] Got a job log file to send to results service.
[2026-08-04 07:26:18Z INFO JobServerQueue] Starting upload of job log file to results service ResultsLog, D:\nodejs\ecommerce-backened\actions-runner\_diag\blocks\186fa9f1-4d4d-4fcc-bfd5-d61d3540db88_45500536-fb47-5e58-b3f6-b91e77911f8e.1
[2026-08-04 07:26:19Z INFO JobServerQueue] Tried to upload 3 file(s) to results, success rate: 3/3.
[2026-08-04 07:26:19Z INFO JobServerQueue] Results upload queue drained.
[2026-08-04 07:26:19Z INFO JobServerQueue] Timeline update queue drained.
[2026-08-04 07:26:19Z INFO JobServerQueue] Disposing job server ...
[2026-08-04 07:26:19Z INFO JobServerQueue] Disposing results server ...
[2026-08-04 07:26:19Z INFO JobServerQueue] All queue process tasks have been stopped, and all queues are drained.
[2026-08-04 07:26:19Z INFO TempDirectoryManager] Cleaning runner temp folder: D:\nodejs\ecommerce-backened\actions-runner\_work\_temp
[2026-08-04 07:26:19Z INFO HostContext] Well known directory 'Bin': 'D:\nodejs\ecommerce-backened\actions-runner\bin'
[2026-08-04 07:26:19Z INFO HostContext] Well known directory 'Root': 'D:\nodejs\ecommerce-backened\actions-runner'
[2026-08-04 07:26:19Z INFO HostContext] Well known directory 'Diag': 'D:\nodejs\ecommerce-backened\actions-runner\_diag'
[2026-08-04 07:26:19Z INFO HostContext] Well known config file 'Telemetry': 'D:\nodejs\ecommerce-backened\actions-runner\_diag\.telemetry'
[2026-08-04 07:26:19Z INFO JobRunner] Raising job completed against run service
[2026-08-04 07:26:20Z INFO Worker] Job completed.
